<?xml version="1.0" encoding="UTF-8"?>
<includes>
	<include name="HomeRecentlyAddedInfo">
		<control type="group" id="9003">
			<onup>20</onup>
			<ondown condition="System.HasAddon(script.globalsearch)">608</ondown>
			<ondown condition="!System.HasAddon(script.globalsearch)">603</ondown>
			<visible>!Window.IsVisible(Favourites)</visible>
			<include>VisibleFadeEffect</include>
			<animation effect="fade" time="300" delay="1000">WindowOpen</animation>
			<animation effect="fade" time="200">WindowClose</animation>
			<control type="group">
				<left>435</left>
				<top>120</top>
				<visible>Library.HasContent(Movies)</visible>
				<visible>!Skin.HasSetting(HomepageHideRecentlyAddedVideo)</visible>
				<include>VisibleFadeEffect</include>
				<!--<control type="label">
					<description>Title label</description>
					<left>180</left>
					<top>220</top>
					<height>20</height>
					<width>540</width>
					<label>20386</label>
					<align>center</align>
					<aligny>center</aligny>
					<font>font12_title</font>
					<textcolor>white</textcolor>
					<shadowcolor>black</shadowcolor>
				</control>-->
				<control type="fixedlist" id="8000">
					<animation effect="slide" start="0,0" end="90,0" time="0" condition="StringCompare(Container(8000).NumItems,4)">conditional</animation>
					<animation effect="slide" start="0,0" end="180,0" time="0" condition="StringCompare(Container(8000).NumItems,3)">conditional</animation>
					<animation effect="slide" start="0,0" end="270,0" time="0" condition="StringCompare(Container(8000).NumItems,2)">conditional</animation>
					<animation effect="slide" start="0,0" end="360,0" time="0" condition="StringCompare(Container(8000).NumItems,1)">conditional</animation>
					<left>0</left>
					<top>0</top>
					<width>900</width>
					<height>220</height>
					<onleft>9001</onleft>
					<onright>8000</onright>
					<onup>608</onup>
					<!--<ondown condition="System.HasAddon(script.globalsearch)">608</ondown>
					<ondown condition="!System.HasAddon(script.globalsearch)">603</ondown>-->
					<ondown>8001</ondown>
					<viewtype label="535">list</viewtype>
					<pagecontrol>-</pagecontrol>
					<scrolltime>200</scrolltime>
					<movement>3</movement>
					<orientation>Horizontal</orientation>
					<itemlayout height="220" width="117">
						<control type="image">
							<left>10</left>
							<top>10</top>
							<width>115</width>
							<height>170</height>
							<texture background="true">$INFO[ListItem.Icon]</texture>
							<!--<aspectratio>keep</aspectratio>-->
							<bordertexture border="5">button-nofocus.png</bordertexture>
							<bordersize>5</bordersize>
						</control>
						<!--<control type="label">
							<left>15</left>
							<top>185</top>
							<width>110</width>
							<height>20</height>
							<font>font12</font>
							<textcolor>white</textcolor>
							<shadowcolor>black</shadowcolor>
							<selectedcolor>selected</selectedcolor>
							<align>center</align>
							<aligny>center</aligny>
							<label>$INFO[ListItem.Label]</label>
						</control>-->
					</itemlayout>
					<focusedlayout height="220" width="117">
						<control type="image">
							<left>10</left>
							<top>10</top>
							<width>115</width>
							<height>170</height>
							<texture background="true">$INFO[ListItem.Icon]</texture>
							<!--<aspectratio>keep</aspectratio>-->
							<bordertexture border="5">folder-focus.png</bordertexture>
							<bordersize>5</bordersize>
							<visible>Control.HasFocus(8000)</visible>
						</control>
						<control type="image">
							<left>9</left>
							<top>5</top>
							<width>353</width>
							<height>181</height>
							<visible>Control.HasFocus(8000)</visible>
							<texture>movie_box2.png</texture>
						</control>
						<control type="textbox">
							<left>140</left>
							<top>40</top>
							<width>200</width>
							<height>100</height>
							<font>font10_title</font>
							<textcolor>white</textcolor>
							<align>left</align>
							<aligny>left</aligny>
							<visible>Control.HasFocus(8000)</visible>
							<autoscroll delay="3000" time="1000" repeat="10000">Control.HasFocus(8000)</autoscroll>
							<label>$INFO[ListItem.Label2]</label>
						</control>
						<control type="image">
							<left>10</left>
							<top>10</top>
							<width>115</width>
							<height>170</height>
							<texture>$INFO[ListItem.Icon]</texture>
							<!--<aspectratio>keep</aspectratio>-->
							<bordertexture border="5">button-nofocus.png</bordertexture>
							<bordersize>5</bordersize>
							<visible>!Control.HasFocus(8000)</visible>
						</control>
						<control type="label">
							<left>140</left>
							<top>20</top>
							<width>200</width>
							<height>20</height>
							<font>font10_title</font>
							<textcolor>white</textcolor>
							<shadowcolor>black</shadowcolor>
							<selectedcolor>selected</selectedcolor>
							<align>left</align>
							<aligny>left</aligny>
							<visible>Control.HasFocus(8000)</visible>
							<label>$INFO[ListItem.Label]</label>
						</control>
						<control type="label">
							<left>140</left>
							<top>20</top>
							<width>200</width>
							<height>20</height>
							<font>font10_title</font>
							<textcolor>orange</textcolor>
							<selectedcolor>selected</selectedcolor>
							<align>left</align>
							<aligny>left</aligny>
							<label>$INFO[ListItem.Label]</label>
							<visible>Control.HasFocus(8000)</visible>
						</control>
					</focusedlayout>
					<content>
						<item>
							<label>$INFO[Window.Property(LatestMovie.1.Title)]</label>
							<label2>$INFO[Window.Property(LatestMovie.1.Plot)]</label2>
							<onclick>PlayMedia($ESCINFO[Window.Property(LatestMovie.1.Path)])</onclick>
							<icon>$INFO[Window.Property(LatestMovie.1.Thumb)]</icon>
							<thumb>-</thumb>
							<visible>!IsEmpty(Window.Property(LatestMovie.1.Title))</visible>
						</item>
						<item>
							<label>$INFO[Window.Property(LatestMovie.2.Title)]</label>
							<label2>$INFO[Window.Property(LatestMovie.2.Plot)]</label2>
							<onclick>PlayMedia($ESCINFO[Window.Property(LatestMovie.2.Path)])</onclick>
							<icon>$INFO[Window.Property(LatestMovie.2.Thumb)]</icon>
							<thumb>-</thumb>
							<visible>!IsEmpty(Window.Property(LatestMovie.2.Title))</visible>
						</item>
						<item>
							<label>$INFO[Window.Property(LatestMovie.3.Title)]</label>
							<label2>$INFO[Window.Property(LatestMovie.3.Plot)]</label2>
							<onclick>PlayMedia($ESCINFO[Window.Property(LatestMovie.3.Path)])</onclick>
							<icon>$INFO[Window.Property(LatestMovie.3.Thumb)]</icon>
							<thumb>-</thumb>
							<visible>!IsEmpty(Window.Property(LatestMovie.3.Title))</visible>
						</item>
						<item>
							<label>$INFO[Window.Property(LatestMovie.4.Title)]</label>
							<label2>$INFO[Window.Property(LatestMovie.4.Plot)]</label2>
							<onclick>PlayMedia($ESCINFO[Window.Property(LatestMovie.4.Path)])</onclick>
							<icon>$INFO[Window.Property(LatestMovie.4.Thumb)]</icon>
							<thumb>-</thumb>
							<visible>!IsEmpty(Window.Property(LatestMovie.4.Title))</visible>
						</item>
						<item>
							<label>$INFO[Window.Property(LatestMovie.5.Title)]</label>
							<label2>$INFO[Window.Property(LatestMovie.5.Plot)]</label2>
							<onclick>PlayMedia($ESCINFO[Window.Property(LatestMovie.5.Path)])</onclick>
							<icon>$INFO[Window.Property(LatestMovie.5.Thumb)]</icon>
							<thumb>-</thumb>
							<visible>!IsEmpty(Window.Property(LatestMovie.5.Title))</visible>
						</item>
						<item>
							<label>$INFO[Window.Property(LatestMovie.6.Title)]</label>
							<label2>$INFO[Window.Property(LatestMovie.6.Plot)]</label2>
							<onclick>PlayMedia($ESCINFO[Window.Property(LatestMovie.6.Path)])</onclick>
							<icon>$INFO[Window.Property(LatestMovie.6.Thumb)]</icon>
							<thumb>-</thumb>
							<visible>!IsEmpty(Window.Property(LatestMovie.6.Title))</visible>
						</item>
						<item>
							<label>$INFO[Window.Property(LatestMovie.7.Title)]</label>
							<label2>$INFO[Window.Property(LatestMovie.7.Plot)]</label2>
							<onclick>PlayMedia($ESCINFO[Window.Property(LatestMovie.7.Path)])</onclick>
							<icon>$INFO[Window.Property(LatestMovie.7.Thumb)]</icon>
							<thumb>-</thumb>
							<visible>!IsEmpty(Window.Property(LatestMovie.7.Title))</visible>
						</item>
						<item>
							<label>$INFO[Window.Property(LatestMovie.8.Title)]</label>
							<label2>$INFO[Window.Property(LatestMovie.8.Plot)]</label2>
							<onclick>PlayMedia($ESCINFO[Window.Property(LatestMovie.8.Path)])</onclick>
							<icon>$INFO[Window.Property(LatestMovie.8.Thumb)]</icon>
							<thumb>-</thumb>
							<visible>!IsEmpty(Window.Property(LatestMovie.8.Title))</visible>
						</item>
						<item>
							<label>$INFO[Window.Property(LatestMovie.9.Title)]</label>
							<label2>$INFO[Window.Property(LatestMovie.9.Plot)]</label2>
							<onclick>PlayMedia($ESCINFO[Window.Property(LatestMovie.9.Path)])</onclick>
							<icon>$INFO[Window.Property(LatestMovie.9.Thumb)]</icon>
							<thumb>-</thumb>
							<visible>!IsEmpty(Window.Property(LatestMovie.9.Title))</visible>
						</item>
						<item>
							<label>$INFO[Window.Property(LatestMovie.10.Title)]</label>
							<label2>$INFO[Window.Property(LatestMovie.10.Plot)]</label2>
							<onclick>PlayMedia($ESCINFO[Window.Property(LatestMovie.10.Path)])</onclick>
							<icon>$INFO[Window.Property(LatestMovie.10.Thumb)]</icon>
							<thumb>-</thumb>
							<visible>!IsEmpty(Window.Property(LatestMovie.10.Title))</visible>
						</item>
					</content>
				</control>
				<control type="button">
					<description>left Arrow</description>
					<left>-40</left>
					<top>90</top>
					<width>30</width>
					<height>40</height>
					<texturefocus>arrow-big-left.png</texturefocus>
					<texturenofocus>arrow-big-left.png</texturenofocus>
					<onclick>Control.Move(8000,-1)</onclick>
					<visible>Control.HasFocus(8000) + Container(8000).HasPrevious</visible>
					<include>VisibleFadeEffect</include>
				</control>
				<control type="button">
					<description>right Arrow</description>
					<left>910</left>
					<top>90</top>
					<width>30</width>
					<height>40</height>
					<texturefocus>arrow-big-right.png</texturefocus>
					<texturenofocus>arrow-big-right.png</texturenofocus>
					<onclick>Control.Move(8000,1)</onclick>
					<visible>Control.HasFocus(8000) + Container(8000).HasNext</visible>
					<include>VisibleFadeEffect</include>
				</control>
			</control>
			<control type="group">
				<left>435</left>
				<top>300</top>
				<visible>Library.HasContent(TVShows)</visible>
				<visible>!Skin.HasSetting(HomepageHideRecentlyAddedVideo)</visible>
				<include>VisibleFadeEffect</include>
				<!--<control type="label">
					<description>Title label</description>
					<left>240</left>
					<top>220</top>
					<height>20</height>
					<width>480</width>
					<label>20387</label>
					<align>center</align>
					<aligny>center</aligny>
					<font>font12_title</font>
					<textcolor>white</textcolor>
					<shadowcolor>black</shadowcolor>
				</control>-->
				<control type="fixedlist" id="8001">
					<animation effect="slide" start="0,0" end="120,0" time="0" condition="StringCompare(Container(8001).NumItems,3)">conditional</animation>
					<animation effect="slide" start="0,0" end="240,0" time="0" condition="StringCompare(Container(8001).NumItems,2)">conditional</animation>
					<animation effect="slide" start="0,0" end="360,0" time="0" condition="StringCompare(Container(8001).NumItems,1)">conditional</animation>
					<left>0</left>
					<top>0</top>
					<width>900</width>
					<height>220</height>
					<onleft>9001</onleft>
					<onright>8001</onright>
					<onup>8000</onup>
					<ondown>8002</ondown>
					<ondown condition="System.HasAddon(script.globalsearch)">608</ondown>
					<ondown condition="!System.HasAddon(script.globalsearch)">603</ondown>
					<viewtype label="535">list</viewtype>
					<pagecontrol>-</pagecontrol>
					<scrolltime>200</scrolltime>
					<orientation>Horizontal</orientation>
					<focusposition>1</focusposition>
					<movement>2</movement>
					<itemlayout height="220" width="117">
						<control type="image">
							<left>10</left>
							<top>10</top>
							<width>115</width>
							<height>170</height>
							<texture background="true">$INFO[ListItem.Icon]</texture>
							<bordertexture border="5">button-nofocus.png</bordertexture>
							<bordersize>5</bordersize>
						</control>
					</itemlayout>
					<focusedlayout height="220" width="117">
						<control type="image">
							<left>10</left>
							<top>10</top>
							<width>115</width>
							<height>170</height>
							<texture background="true">$INFO[ListItem.Icon]</texture>
							<bordertexture border="5">folder-focus.png</bordertexture>
							<bordersize>5</bordersize>
							<visible>Control.HasFocus(8001)</visible>
						</control>
						<control type="image">
							<left>9</left>
							<top>5</top>
							<width>353</width>
							<height>181</height>
							<visible>Control.HasFocus(8001)</visible>
							<texture>movie_box2.png</texture>
						</control>
						<control type="textbox">
							<left>140</left>
							<top>40</top>
							<width>200</width>
							<height>110</height>
							<font>font10_title</font>
							<textcolor>white</textcolor>
							<align>left</align>
							<aligny>left</aligny>
							<visible>Control.HasFocus(8001)</visible>
							<autoscroll delay="3000" time="1000" repeat="10000">Control.HasFocus(8001)</autoscroll>
							<label>$INFO[ListItem.Label2]</label>
						</control>
						<control type="image">
							<left>10</left>
							<top>10</top>
							<width>115</width>
							<height>170</height>
							<texture>$INFO[ListItem.Icon]</texture>
							<bordertexture border="5">button-nofocus.png</bordertexture>
							<bordersize>5</bordersize>
							<visible>!Control.HasFocus(8001)</visible>
						</control>
						<control type="label">
							<left>140</left>
							<top>20</top>
							<width>200</width>
							<height>20</height>
							<font>font10_title</font>
							<textcolor>orange</textcolor>
							<shadowcolor>black</shadowcolor>
							<selectedcolor>selected</selectedcolor>
							<align>left</align>
							<aligny>left</aligny>
							<visible>Control.HasFocus(8001)</visible>
							<label>$INFO[ListItem.Label]</label>
						</control>
						<control type="label">
							<left>140</left>
							<top>20</top>
							<width>200</width>
							<height>20</height>
							<font>font10_title</font>
							<textcolor>orange</textcolor>
							<selectedcolor>selected</selectedcolor>
							<align>left</align>
							<aligny>left</aligny>
							<label>$INFO[ListItem.Label]</label>
							<visible>Control.HasFocus(8001)</visible>
						</control>
					</focusedlayout>
					<content>
						<item>
							<label>$INFO[Window.Property(LatestEpisode.1.ShowTitle)] - $INFO[Window.Property(LatestEpisode.1.EpisodeNo)]</label>
							<label2>[COLOR blue]$INFO[Window.Property(LatestEpisode.1.EpisodeTitle)][/COLOR] - $INFO[Window.Property(LatestEpisode.1.Plot)]</label2>
							<onclick>PlayMedia($ESCINFO[Window.Property(LatestEpisode.1.Path)])</onclick>
							<icon>-</icon>
							<thumb>$INFO[Window.Property(LatestEpisode.1.ShowThumb)]</thumb>
							<visible>!IsEmpty(Window.Property(LatestEpisode.1.EpisodeTitle))</visible>
						</item>
						<item>
							<label>$INFO[Window.Property(LatestEpisode.2.ShowTitle)] - $INFO[Window.Property(LatestEpisode.2.EpisodeNo)]</label>
							<label2>[COLOR blue]$INFO[Window.Property(LatestEpisode.2.EpisodeTitle)][/COLOR] - $INFO[Window.Property(LatestEpisode.2.Plot)]</label2>
							<onclick>PlayMedia($ESCINFO[Window.Property(LatestEpisode.2.Path)])</onclick>
							<icon>-</icon>
							<thumb>$INFO[Window.Property(LatestEpisode.2.ShowThumb)]</thumb>
							<visible>!IsEmpty(Window.Property(LatestEpisode.2.EpisodeTitle))</visible>
						</item>
						<item>
							<label>$INFO[Window.Property(LatestEpisode.3.ShowTitle)] - $INFO[Window.Property(LatestEpisode.3.EpisodeNo)]</label>
							<label2>[COLOR blue]$INFO[Window.Property(LatestEpisode.3.EpisodeTitle)][/COLOR] - $INFO[Window.Property(LatestEpisode.3.Plot)]</label2>
							<onclick>PlayMedia($ESCINFO[Window.Property(LatestEpisode.3.Path)])</onclick>
							<icon>-</icon>
							<thumb>$INFO[Window.Property(LatestEpisode.3.ShowThumb)]</thumb>
							<visible>!IsEmpty(Window.Property(LatestEpisode.3.EpisodeTitle))</visible>
						</item>
						<item>
							<label>$INFO[Window.Property(LatestEpisode.4.ShowTitle)] - $INFO[Window.Property(LatestEpisode.4.EpisodeNo)]</label>
							<label2>[COLOR blue]$INFO[Window.Property(LatestEpisode.4.EpisodeTitle)][/COLOR] - $INFO[Window.Property(LatestEpisode.4.Plot)]</label2>
							<onclick>PlayMedia($ESCINFO[Window.Property(LatestEpisode.4.Path)])</onclick>
							<icon>-</icon>
							<thumb>$INFO[Window.Property(LatestEpisode.4.ShowThumb)]</thumb>
							<visible>!IsEmpty(Window.Property(LatestEpisode.4.EpisodeTitle))</visible>
						</item>
						<item>
							<label>$INFO[Window.Property(LatestEpisode.5.ShowTitle)] - $INFO[Window.Property(LatestEpisode.5.EpisodeNo)]</label>
							<label2>[COLOR blue]$INFO[Window.Property(LatestEpisode.5.EpisodeTitle)][/COLOR] - $INFO[Window.Property(LatestEpisode.5.Plot)]</label2>
							<onclick>PlayMedia($ESCINFO[Window.Property(LatestEpisode.5.Path)])</onclick>
							<icon>-</icon>
							<thumb>$INFO[Window.Property(LatestEpisode.5.ShowThumb)]</thumb>
							<visible>!IsEmpty(Window.Property(LatestEpisode.5.EpisodeTitle))</visible>
						</item>
						<item>
							<label>$INFO[Window.Property(LatestEpisode.6.ShowTitle)] - $INFO[Window.Property(LatestEpisode.6.EpisodeNo)]</label>
							<label2>[COLOR blue]$INFO[Window.Property(LatestEpisode.6.EpisodeTitle)][/COLOR] - $INFO[Window.Property(LatestEpisode.6.Plot)]</label2>
							<onclick>PlayMedia($ESCINFO[Window.Property(LatestEpisode.6.Path)])</onclick>
							<icon>-</icon>
							<thumb>$INFO[Window.Property(LatestEpisode.6.ShowThumb)]</thumb>
							<visible>!IsEmpty(Window.Property(LatestEpisode.6.EpisodeTitle))</visible>
						</item>
						<item>
							<label>$INFO[Window.Property(LatestEpisode.7.ShowTitle)] - $INFO[Window.Property(LatestEpisode.7.EpisodeNo)]</label>
							<label2>[COLOR blue]$INFO[Window.Property(LatestEpisode.7.EpisodeTitle)][/COLOR] - $INFO[Window.Property(LatestEpisode.7.Plot)]</label2>
							<onclick>PlayMedia($ESCINFO[Window.Property(LatestEpisode.7.Path)])</onclick>
							<icon>-</icon>
							<thumb>$INFO[Window.Property(LatestEpisode.7.ShowThumb)]</thumb>
							<visible>!IsEmpty(Window.Property(LatestEpisode.7.EpisodeTitle))</visible>
						</item>
						<item>
							<label>$INFO[Window.Property(LatestEpisode.8.ShowTitle)] - $INFO[Window.Property(LatestEpisode.8.EpisodeNo)]</label>
							<label2>[COLOR blue]$INFO[Window.Property(LatestEpisode.8.EpisodeTitle)][/COLOR] - $INFO[Window.Property(LatestEpisode.8.Plot)]</label2>
							<onclick>PlayMedia($ESCINFO[Window.Property(LatestEpisode.8.Path)])</onclick>
							<icon>-</icon>
							<thumb>$INFO[Window.Property(LatestEpisode.8.ShowThumb)]</thumb>
							<visible>!IsEmpty(Window.Property(LatestEpisode.8.EpisodeTitle))</visible>
						</item>
						<item>
							<label>$INFO[Window.Property(LatestEpisode.9.ShowTitle)] - $INFO[Window.Property(LatestEpisode.9.EpisodeNo)]</label>
							<label2>[COLOR blue]$INFO[Window.Property(LatestEpisode.9.EpisodeTitle)][/COLOR] - $INFO[Window.Property(LatestEpisode.9.Plot)]</label2>
							<onclick>PlayMedia($ESCINFO[Window.Property(LatestEpisode.9.Path)])</onclick>
							<icon>-</icon>
							<thumb>$INFO[Window.Property(LatestEpisode.9.ShowThumb)]</thumb>
							<visible>!IsEmpty(Window.Property(LatestEpisode.9.EpisodeTitle))</visible>
						</item>
						<item>
							<label>$INFO[Window.Property(LatestEpisode.10.ShowTitle)] - $INFO[Window.Property(LatestEpisode.10.EpisodeNo)]</label>
							<label2>[COLOR blue]$INFO[Window.Property(LatestEpisode.10.EpisodeTitle)][/COLOR] - $INFO[Window.Property(LatestEpisode.10.Plot)]</label2>
							<onclick>PlayMedia($ESCINFO[Window.Property(LatestEpisode.10.Path)])</onclick>
							<icon>-</icon>
							<thumb>$INFO[Window.Property(LatestEpisode.10.ShowThumb)]</thumb>
							<visible>!IsEmpty(Window.Property(LatestEpisode.10.EpisodeTitle))</visible>
						</item>
					</content>
				</control>
				<control type="button">
					<description>left Arrow</description>
					<left>-40</left>
					<top>90</top>
					<width>30</width>
					<height>40</height>
					<texturefocus>arrow-big-left.png</texturefocus>
					<texturenofocus>arrow-big-left.png</texturenofocus>
					<onclick>Control.Move(8001,-1)</onclick>
					<visible>Control.HasFocus(8001) + Container(8001).HasPrevious</visible>
					<include>VisibleFadeEffect</include>
				</control>
				<control type="button">
					<description>right Arrow</description>
					<left>970</left>
					<top>90</top>
					<width>30</width>
					<height>40</height>
					<texturefocus>arrow-big-right.png</texturefocus>
					<texturenofocus>arrow-big-right.png</texturenofocus>
					<onclick>Control.Move(8001,1)</onclick>
					<visible>Control.HasFocus(8001) + Container(8001).HasNext</visible>
					<include>VisibleFadeEffect</include>
				</control>
			</control>
			<control type="group">
				<left>435</left>
				<top>490</top>
				<visible>true</visible>
				<include>VisibleFadeEffect</include>
				<control type="fixedlist" id="8002">
					<animation effect="slide" start="0,0" end="100,0" time="0" condition="StringCompare(Container(8002).NumItems,3)">conditional</animation>
					<animation effect="slide" start="0,0" end="200,0" time="0" condition="StringCompare(Container(8002).NumItems,2)">conditional</animation>
					<animation effect="slide" start="0,0" end="300,0" time="0" condition="StringCompare(Container(8002).NumItems,1)">conditional</animation>
					<left>0</left>
					<top>0</top>
					<width>900</width>
					<height>125</height>
					<onleft>9000</onleft>
					<onright>8002</onright>
					<onup>8001</onup>
					<ondown condition="System.HasAddon(script.globalsearch)">608</ondown>
					<ondown condition="!System.HasAddon(script.globalsearch)">603</ondown>
					<viewtype label="535">list</viewtype>
					<pagecontrol>-</pagecontrol>
					<scrolltime>200</scrolltime>
					<orientation>Horizontal</orientation>
					<focusposition>1</focusposition>
					<movement>2</movement>
					<itemlayout height="220" width="127">
						<control type="image">
							<left>10</left>
							<top>0</top>
							<width>125</width>
							<height>125</height>
							<texture background="true">$INFO[ListItem.Icon]</texture>
							<bordertexture border="5">button-nofocus.png</bordertexture>
							<bordersize>5</bordersize>
						</control>
						<!--<control type="label">
							<left>10</left>
							<top>190</top>
							<width>125</width>
							<height>20</height>
							<font>font12</font>
							<textcolor>white</textcolor>
							<shadowcolor>black</shadowcolor>
							<selectedcolor>selected</selectedcolor>
							<align>center</align>
							<aligny>center</aligny>
							<label>$INFO[ListItem.Label]</label>
						</control>-->
					</itemlayout>
					<focusedlayout height="220" width="127">
						<control type="image">
							<left>10</left>
							<top>0</top>
							<width>125</width>
							<height>125</height>
							<texture background="true">$INFO[ListItem.Icon]</texture>
							<bordertexture border="5">folder-focus.png</bordertexture>
							<bordersize>5</bordersize>
							<visible>Control.HasFocus(8002)</visible>
						</control>
						<control type="image">
							<left>10</left>
							<top>0</top>
							<width>125</width>
							<height>125</height>
							<texture background="true">$INFO[ListItem.Icon]</texture>
							<bordertexture border="5">button-nofocus.png</bordertexture>
							<bordersize>5</bordersize>
							<visible>!Control.HasFocus(8002)</visible>
						</control>
						<!--<control type="label">
							<left>10</left>
							<top>190</top>
							<width>125</width>
							<height>20</height>
							<font>font12</font>
							<textcolor>white</textcolor>
							<shadowcolor>black</shadowcolor>
							<selectedcolor>selected</selectedcolor>
							<align>center</align>
							<aligny>center</aligny>
							<label>$INFO[ListItem.Label]</label>
						</control>
						<control type="label">
							<left>10</left>
							<top>190</top>
							<width>125</width>
							<height>20</height>
							<font>font12</font>
							<textcolor>blue</textcolor>
							<selectedcolor>selected</selectedcolor>
							<align>center</align>
							<aligny>center</aligny>
							<label>$INFO[ListItem.Label]</label>
							<visible>Control.HasFocus(8002)</visible>
						</control>-->
					</focusedlayout>
					<content>
						<item>
							<label>$INFO[system.addontitle(Skin.String(HomeVideosButton1))]</label>
							<onclick>RunAddon($INFO[Skin.String(HomeVideosButton1)])</onclick>
							<icon>$INFO[system.addonicon(Skin.String(HomeVideosButton1))]</icon>
							<thumb>-</thumb>
							<visible>!IsEmpty(Skin.String(HomeVideosButton1))</visible>
						</item>
						<item>
							<label>$INFO[system.addontitle(Skin.String(HomeVideosButton2))]</label>
							<onclick>RunAddon($INFO[Skin.String(HomeVideosButton2)])</onclick>
							<icon>$INFO[system.addonicon(Skin.String(HomeVideosButton2))]</icon>
							<thumb>-</thumb>
							<visible>!IsEmpty(Skin.String(HomeVideosButton2))</visible>
						</item>
						<item>
							<label>$INFO[system.addontitle(Skin.String(HomeVideosButton3))]</label>
							<onclick>RunAddon($INFO[Skin.String(HomeVideosButton3)])</onclick>
							<icon>$INFO[system.addonicon(Skin.String(HomeVideosButton3))]</icon>
							<thumb>-</thumb>
							<visible>!IsEmpty(Skin.String(HomeVideosButton3))</visible>
						</item>
						<item>
							<label>$INFO[system.addontitle(Skin.String(HomeVideosButton4))]</label>
							<onclick>RunAddon($INFO[Skin.String(HomeVideosButton4)])</onclick>
							<icon>$INFO[system.addonicon(Skin.String(HomeVideosButton4))]</icon>
							<thumb>-</thumb>
							<visible>!IsEmpty(Skin.String(HomeVideosButton4))</visible>
						</item>
						<item>
							<label>$INFO[system.addontitle(Skin.String(HomeVideosButton5))]</label>
							<onclick>RunAddon($INFO[Skin.String(HomeVideosButton5)])</onclick>
							<icon>$INFO[system.addonicon(Skin.String(HomeVideosButton5))]</icon>
							<thumb>-</thumb>
							<visible>!IsEmpty(Skin.String(HomeVideosButton5))</visible>
						</item>
						<item>
							<label>$INFO[system.addontitle(Skin.String(HomeVideosButton6))]</label>
							<onclick>RunAddon($INFO[Skin.String(HomeVideosButton6)])</onclick>
							<icon>$INFO[system.addonicon(Skin.String(HomeVideosButton6))]</icon>
							<thumb>-</thumb>
							<visible>!IsEmpty(Skin.String(HomeVideosButton6))</visible>
						</item>
						<item>
							<label>$INFO[system.addontitle(Skin.String(HomeVideosButton7))]</label>
							<onclick>RunAddon($INFO[Skin.String(HomeVideosButton7)])</onclick>
							<icon>$INFO[system.addonicon(Skin.String(HomeVideosButton7))]</icon>
							<thumb>-</thumb>
							<visible>!IsEmpty(Skin.String(HomeVideosButton7))</visible>
						</item>
						<item>
							<label>$INFO[system.addontitle(Skin.String(HomeVideosButton8))]</label>
							<onclick>RunAddon($INFO[Skin.String(HomeVideosButton8)])</onclick>
							<icon>$INFO[system.addonicon(Skin.String(HomeVideosButton8))]</icon>
							<thumb>-</thumb>
							<visible>!IsEmpty(Skin.String(HomeVideosButton8))</visible>
						</item>
						<item>
							<label>$INFO[system.addontitle(Skin.String(HomeVideosButton9))]</label>
							<onclick>RunAddon($INFO[Skin.String(HomeVideosButton9)])</onclick>
							<icon>$INFO[system.addonicon(Skin.String(HomeVideosButton9))]</icon>
							<thumb>-</thumb>
							<visible>!IsEmpty(Skin.String(HomeVideosButton9))</visible>
						</item>
						<item>
							<label>$INFO[system.addontitle(Skin.String(HomeVideosButton10))]</label>
							<onclick>RunAddon($INFO[Skin.String(HomeVideosButton10)])</onclick>
							<icon>$INFO[system.addonicon(Skin.String(HomeVideosButton10))]</icon>
							<thumb>-</thumb>
							<visible>!IsEmpty(Skin.String(HomeVideosButton10))</visible>
						</item>
					</content>
				</control>
				<control type="button">
					<description>left Arrow</description>
					<left>-40</left>
					<top>90</top>
					<width>30</width>
					<height>40</height>
					<texturefocus>arrow-big-left.png</texturefocus>
					<texturenofocus>arrow-big-left.png</texturenofocus>
					<onclick>Control.Move(8002,-1)</onclick>
					<visible>Control.HasFocus(8002) + Container(8002).HasPrevious</visible>
					<include>VisibleFadeEffect</include>
				</control>
				<control type="button">
					<description>right Arrow</description>
					<left>810</left>
					<top>90</top>
					<width>30</width>
					<height>40</height>
					<texturefocus>arrow-big-right.png</texturefocus>
					<texturenofocus>arrow-big-right.png</texturenofocus>
					<onclick>Control.Move(8002,1)</onclick>
					<visible>Control.HasFocus(8002) + Container(8002).HasNext</visible>
					<include>VisibleFadeEffect</include>
				</control>
			</control>
		</control>
	</include>
</includes>
