<?xml version="1.0" encoding="UTF-8"?>
<window>
    <defaultcontrol always="true">5</defaultcontrol>
    <coordinates>
        <system>1</system>
        <left>360</left>
        <top>150</top>
    </coordinates>
    <include>dialogeffect</include>
    <controls>
        <control type="image">
            <description>background image</description>
            <left>0</left>
            <top>0</top>
            <width>1200</width>
            <height>750</height>
            <texture border="40">DialogBack.png</texture>
        </control>
        <control type="image">
            <description>Dialog Header image</description>
            <left>60</left>
            <top>24</top>
            <width>1080</width>
            <height>60</height>
            <texture>dialogheader.png</texture>
        </control>
        <control type="label" id="2">
            <description>header label</description>
            <left>60</left>
            <top>30</top>
            <width>1080</width>
            <height>45</height>
            <font>font13_title</font>
            <label>587</label>
            <align>center</align>
            <aligny>center</aligny>
            <textcolor>selected</textcolor>
            <shadowcolor>black</shadowcolor>
        </control>
        <control type="button">
            <description>Close Window button</description>
            <left>1065</left>
            <top>22</top>
            <width>96</width>
            <height>48</height>
            <label>-</label>
            <font>-</font>
            <onclick>PreviousMenu</onclick>
            <texturefocus>DialogCloseButton-focus.png</texturefocus>
            <texturenofocus>DialogCloseButton.png</texturenofocus>
            <onleft>10</onleft>
            <onright>10</onright>
            <onup>10</onup>
            <ondown>10</ondown>
            <visible>system.getbool(input.enablemouse)</visible>
        </control>
        <control type="grouplist" id="5">
            <description>control area</description>
            <left>45</left>
            <top>105</top>
            <width>1080</width>
            <height>525</height>
            <itemgap>6</itemgap>
            <pagecontrol>6</pagecontrol>
            <onup>9001</onup>
            <ondown>9001</ondown>
            <onleft>9001</onleft>
            <onright>6</onright>
        </control>
        <control type="scrollbar" id="6">
            <left>1132</left>
            <top>105</top>
            <width>38</width>
            <height>525</height>
            <texturesliderbackground border="0,14,0,14">ScrollBarV.png</texturesliderbackground>
            <texturesliderbar border="2,16,2,16">ScrollBarV_bar.png</texturesliderbar>
            <texturesliderbarfocus border="2,16,2,16">ScrollBarV_bar_focus.png</texturesliderbarfocus>
            <textureslidernib>ScrollBarNib.png</textureslidernib>
            <textureslidernibfocus>ScrollBarNib.png</textureslidernibfocus>
            <onleft>5</onleft>
            <onright>9001</onright>
            <showonepage>false</showonepage>
            <orientation>vertical</orientation>
        </control>
        <control type="button" id="7">
            <description>Default Button</description>
            <left>0</left>
            <top>0</top>
            <height>60</height>
            <font>font13</font>
            <textcolor>grey2</textcolor>
            <focusedcolor>white</focusedcolor>
            <invalidcolor>invalid</invalidcolor>
            <texturenofocus border="5">button-nofocus.png</texturenofocus>
            <texturefocus border="5">button-focus2.png</texturefocus>
        </control>
        <control type="radiobutton" id="8">
            <description>Default RadioButton</description>
            <left>0</left>
            <top>0</top>
            <height>60</height>
            <font>font13</font>
            <textcolor>grey2</textcolor>
            <focusedcolor>white</focusedcolor>
            <texturenofocus border="5">button-nofocus.png</texturenofocus>
            <texturefocus border="5">button-focus2.png</texturefocus>
        </control>
        <control type="spincontrolex" id="9">
            <description>Default SpinControlex</description>
            <left>0</left>
            <top>0</top>
            <height>60</height>
            <font>font13</font>
            <textcolor>grey2</textcolor>
            <focusedcolor>white</focusedcolor>
            <texturenofocus border="5">button-nofocus.png</texturenofocus>
            <texturefocus border="5">button-focus2.png</texturefocus>
            <aligny>center</aligny>
            <reverse>yes</reverse>
        </control>
        <control type="sliderex" id="13">
            <description>Default Slider</description>
            <left>0</left>
            <top>0</top>
            <height>60</height>
            <font>font13</font>
            <textcolor>grey2</textcolor>
            <focusedcolor>white</focusedcolor>
            <texturenofocus border="5">button-nofocus.png</texturenofocus>
            <texturefocus border="5">button-focus2.png</texturefocus>
            <aligny>center</aligny>
        </control>
        <control type="edit" id="12">
            <description>Default Edit</description>
            <left>0</left>
            <top>0</top>
            <height>60</height>
            <font>font13</font>
            <textcolor>grey2</textcolor>
            <focusedcolor>white</focusedcolor>
            <texturenofocus border="5">button-nofocus.png</texturenofocus>
            <texturefocus border="5">button-focus2.png</texturefocus>
        </control>
        <control type="group" id="9001">
            <left>285</left>
            <top>652</top>
            <control type="button" id="28">
                <description>Ok Button</description>
                <left>0</left>
                <top>0</top>
                <width>300</width>
                <height>60</height>
                <align>center</align>
                <aligny>center</aligny>
                <texturenofocus border="5">button-nofocus.png</texturenofocus>
                <texturefocus border="5">button-focus.png</texturefocus>
                <label>186</label>
                <font>font12_title</font>
                <onup>5</onup>
                <onleft>27</onleft>
                <onright>27</onright>
                <ondown>5</ondown>
            </control>
            <control type="button" id="27">
                <description>Clear Button</description>
                <left>315</left>
                <top>0</top>
                <width>300</width>
                <height>60</height>
                <align>center</align>
                <aligny>center</aligny>
                <texturenofocus border="5">button-nofocus.png</texturenofocus>
                <texturefocus border="5">button-focus.png</texturefocus>
                <label>192</label>
                <font>font12_title</font>
                <onup>5</onup>
                <onleft>28</onleft>
                <onright>28</onright>
                <ondown>5</ondown>
            </control>
        </control>
    </controls>
</window>
