<?xml version="1.0" encoding="UTF-8"?>
<includes>
    <include name="HomeRecentlyAddedInfo">
        <control type="group" id="9003">
            <onup>20</onup>
            <ondown condition="System.HasAddon(script.globalsearch)">608</ondown>
            <ondown condition="!System.HasAddon(script.globalsearch)">603</ondown>
            <visible>!Window.IsVisible(Favourites)</visible>
            <include>VisibleFadeEffect</include>
            <animation effect="fade" time="300" delay="1000">WindowOpen</animation>
            <animation effect="fade" time="200">WindowClose</animation>
            <control type="group">
                <left>285</left>
                <top>150</top>
                <visible>Library.HasContent(Movies)</visible>
                <visible>Container(9000).Hasfocus(10) + !Skin.HasSetting(HomepageHideRecentlyAddedVideo)</visible>
                <include>VisibleFadeEffect</include>
                <control type="label">
                    <description>Title label</description>
                    <left>270</left>
                    <top>-52</top>
                    <height>30</height>
                    <width>810</width>
                    <label>20386</label>
                    <align>center</align>
                    <aligny>center</aligny>
                    <font>font12_title</font>
                    <textcolor>white</textcolor>
                    <shadowcolor>black</shadowcolor>
                </control>
                <control type="list" id="8000">
                    <animation effect="slide" start="0,0" end="135,0" time="0" condition="StringCompare(Container(8000).NumItems,4)">conditional</animation>
                    <animation effect="slide" start="0,0" end="270,0" time="0" condition="StringCompare(Container(8000).NumItems,3)">conditional</animation>
                    <animation effect="slide" start="0,0" end="405,0" time="0" condition="StringCompare(Container(8000).NumItems,2)">conditional</animation>
                    <animation effect="slide" start="0,0" end="540,0" time="0" condition="StringCompare(Container(8000).NumItems,1)">conditional</animation>
                    <left>0</left>
                    <top>0</top>
                    <width>1350</width>
                    <height>330</height>
                    <onleft>8000</onleft>
                    <onright>8000</onright>
                    <onup>20</onup>
                    <ondown condition="System.HasAddon(script.globalsearch)">608</ondown>
                    <ondown condition="!System.HasAddon(script.globalsearch)">603</ondown>
                    <viewtype label="535">list</viewtype>
                    <pagecontrol>-</pagecontrol>
                    <scrolltime>200</scrolltime>
                    <orientation>Horizontal</orientation>
                    <itemlayout height="330" width="270">
                        <!--<control type="image">
							<description>background</description>
							<left>0</left>
							<top>0</top>
							<width>180</width>
							<height>220</height>
							<texture border="15">RecentAddedBack.png</texture>
						</control>-->
                        <control type="image">
                            <left>15</left>
                            <top>15</top>
                            <width>240</width>
                            <height>255</height>
                            <texture background="true">$INFO[ListItem.Icon]</texture>
                            <aspectratio>keep</aspectratio>
                            <bordertexture border="5">button-nofocus.png</bordertexture>
                            <bordersize>5</bordersize>
                        </control>
                        <control type="label">
                            <left>22</left>
                            <top>278</top>
                            <width>225</width>
                            <height>30</height>
                            <font>font12</font>
                            <textcolor>white</textcolor>
                            <shadowcolor>black</shadowcolor>
                            <selectedcolor>selected</selectedcolor>
                            <align>center</align>
                            <aligny>center</aligny>
                            <label>$INFO[ListItem.Label]</label>
                        </control>
                    </itemlayout>
                    <focusedlayout height="330" width="270">
                        <!--<control type="image">
							<description>background</description>
							<left>0</left>
							<top>0</top>
							<width>180</width>
							<height>220</height>
							<texture border="15">RecentAddedBack.png</texture>
						</control>-->
                        <control type="image">
                            <left>15</left>
                            <top>15</top>
                            <width>240</width>
                            <height>255</height>
                            <texture background="true">$INFO[ListItem.Icon]</texture>
                            <aspectratio>keep</aspectratio>
                            <bordertexture border="5">folder-focus.png</bordertexture>
                            <bordersize>5</bordersize>
                            <animation effect="zoom" end="150" center="120,90" time="200">Focus</animation>
                            <visible>Control.HasFocus(8000)</visible>
                        </control>
                        <control type="image">
                            <left>15</left>
                            <top>15</top>
                            <width>240</width>
                            <height>255</height>
                            <texture>$INFO[ListItem.Icon]</texture>
                            <aspectratio>keep</aspectratio>
                            <bordertexture border="5">button-nofocus.png</bordertexture>
                            <bordersize>5</bordersize>
                            <animation effect="zoom" end="150" center="120,90" time="200">Focus</animation>
                            <visible>!Control.HasFocus(8000)</visible>
                        </control>
                        <control type="label">
                            <left>22</left>
                            <top>278</top>
                            <width>225</width>
                            <height>30</height>
                            <font>font12</font>
                            <textcolor>white</textcolor>
                            <shadowcolor>black</shadowcolor>
                            <selectedcolor>selected</selectedcolor>
                            <align>center</align>
                            <aligny>center</aligny>
                            <animation effect="zoom" end="150" center="120,90" time="200">Focus</animation>
                            <label>$INFO[ListItem.Label]</label>
                        </control>
                        <control type="label">
                            <left>22</left>
                            <top>278</top>
                            <width>225</width>
                            <height>30</height>
                            <font>font12</font>
                            <textcolor>blue</textcolor>
                            <selectedcolor>selected</selectedcolor>
                            <align>center</align>
                            <aligny>center</aligny>
                            <label>$INFO[ListItem.Label]</label>
                            <animation effect="zoom" end="150" center="120,90" time="200">Focus</animation>
                            <visible>Control.HasFocus(8000)</visible>
                        </control>
                    </focusedlayout>
                    <content target="video">plugin://service.library.data.provider?type=recentmovies&amp;reload=$INFO[Window.Property(recentmovies)]</content>
                </control>
                <control type="button">
                    <description>left Arrow</description>
                    <left>-60</left>
                    <top>135</top>
                    <width>45</width>
                    <height>60</height>
                    <texturefocus>arrow-big-left.png</texturefocus>
                    <texturenofocus>arrow-big-left.png</texturenofocus>
                    <onclick>Control.Move(8000,-1)</onclick>
                    <visible>Control.HasFocus(8000) + Container(8000).HasPrevious</visible>
                    <include>VisibleFadeEffect</include>
                </control>
                <control type="button">
                    <description>right Arrow</description>
                    <left>1365</left>
                    <top>135</top>
                    <width>45</width>
                    <height>60</height>
                    <texturefocus>arrow-big-right.png</texturefocus>
                    <texturenofocus>arrow-big-right.png</texturenofocus>
                    <onclick>Control.Move(8000,1)</onclick>
                    <visible>Control.HasFocus(8000) + Container(8000).HasNext</visible>
                    <include>VisibleFadeEffect</include>
                </control>
            </control>
            <control type="group">
                <left>240</left>
                <top>150</top>
                <visible>Library.HasContent(TVShows)</visible>
                <visible>Container(9000).Hasfocus(11) + !Skin.HasSetting(HomepageHideRecentlyAddedVideo)</visible>
                <include>VisibleFadeEffect</include>
                <control type="label">
                    <description>Title label</description>
                    <left>360</left>
                    <top>-52</top>
                    <height>30</height>
                    <width>720</width>
                    <label>20387</label>
                    <align>center</align>
                    <aligny>center</aligny>
                    <font>font12_title</font>
                    <textcolor>white</textcolor>
                    <shadowcolor>black</shadowcolor>
                </control>
                <control type="list" id="8001">
                    <animation effect="slide" start="0,0" end="135,0" time="0" condition="StringCompare(Container(8001).NumItems,4)">conditional</animation>
                    <animation effect="slide" start="0,0" end="270,0" time="0" condition="StringCompare(Container(8001).NumItems,3)">conditional</animation>
                    <animation effect="slide" start="0,0" end="405,0" time="0" condition="StringCompare(Container(8001).NumItems,2)">conditional</animation>
                    <animation effect="slide" start="0,0" end="540,0" time="0" condition="StringCompare(Container(8001).NumItems,1)">conditional</animation>
                    <left>0</left>
                    <top>0</top>
                    <width>1350</width>
                    <height>330</height>
                    <onleft>8001</onleft>
                    <onright>8001</onright>
                    <onup>20</onup>
                    <ondown condition="System.HasAddon(script.globalsearch)">608</ondown>
                    <ondown condition="!System.HasAddon(script.globalsearch)">603</ondown>
                    <viewtype label="535">list</viewtype>
                    <pagecontrol>-</pagecontrol>
                    <scrolltime>200</scrolltime>
                    <orientation>Horizontal</orientation>
                    <itemlayout height="330" width="270">
                        <!--<control type="image">
							<description>background</description>
							<left>0</left>
							<top>0</top>
							<width>180</width>
							<height>220</height>
							<texture border="15">RecentAddedBack.png</texture>
						</control>-->
                        <control type="image">
                            <left>15</left>
                            <top>15</top>
                            <width>240</width>
                            <height>255</height>
                            <texture background="true">$INFO[ListItem.Art(tvshow.poster)]</texture>
                            <aspectratio>keep</aspectratio>
                            <bordertexture border="5">button-nofocus.png</bordertexture>
                            <bordersize>5</bordersize>
                        </control>
                        <control type="label">
                            <left>22</left>
                            <top>278</top>
                            <width>225</width>
                            <height>30</height>
                            <font>font12</font>
                            <textcolor>white</textcolor>
                            <shadowcolor>black</shadowcolor>
                            <selectedcolor>selected</selectedcolor>
                            <align>center</align>
                            <aligny>center</aligny>
                            <label>$INFO[ListItem.Label]</label>
                        </control>
                    </itemlayout>
                    <focusedlayout height="330" width="270">
                        <!--<control type="image">
							<description>background</description>
							<left>0</left>
							<top>0</top>
							<width>180</width>
							<height>220</height>
							<texture border="15">RecentAddedBack.png</texture>
						</control>-->
                        <control type="image">
                            <left>15</left>
                            <top>15</top>
                            <width>240</width>
                            <height>255</height>
                            <texture background="true">$INFO[ListItem.Art(tvshow.poster)]</texture>
                            <aspectratio>keep</aspectratio>
                            <bordertexture border="5">folder-focus.png</bordertexture>
                            <bordersize>5</bordersize>
                            <animation effect="zoom" end="150" center="120,90" time="200">Focus</animation>
                            <visible>Control.HasFocus(8001)</visible>
                        </control>
                        <control type="image">
                            <left>15</left>
                            <top>15</top>
                            <width>240</width>
                            <height>255</height>
                            <texture>$INFO[ListItem.Art(tvshow.poster)]</texture>
                            <aspectratio>keep</aspectratio>
                            <bordertexture border="5">button-nofocus.png</bordertexture>
                            <bordersize>5</bordersize>
                            <animation effect="zoom" end="150" center="120,90" time="200">Focus</animation>
                            <visible>!Control.HasFocus(8001)</visible>
                        </control>
                        <control type="label">
                            <left>22</left>
                            <top>278</top>
                            <width>225</width>
                            <height>30</height>
                            <font>font12</font>
                            <textcolor>white</textcolor>
                            <shadowcolor>black</shadowcolor>
                            <selectedcolor>selected</selectedcolor>
                            <align>center</align>
                            <aligny>center</aligny>
                            <animation effect="zoom" end="150" center="120,90" time="200">Focus</animation>
                            <label>$INFO[ListItem.Label]</label>
                        </control>
                        <control type="label">
                            <left>22</left>
                            <top>278</top>
                            <width>225</width>
                            <height>30</height>
                            <font>font12</font>
                            <textcolor>blue</textcolor>
                            <selectedcolor>selected</selectedcolor>
                            <align>center</align>
                            <aligny>center</aligny>
                            <label>$INFO[ListItem.Label]</label>
                            <animation effect="zoom" end="150" center="120,90" time="200">Focus</animation>
                            <visible>Control.HasFocus(8001)</visible>
                        </control>
                    </focusedlayout>
                    <content condition="Container(9000).Hasfocus(11)" target="video">special://skin/backgrounds/airdate.xsp</content>
                </control>
                <control type="button">
                    <description>left Arrow</description>
                    <left>-60</left>
                    <top>135</top>
                    <width>45</width>
                    <height>60</height>
                    <texturefocus>arrow-big-left.png</texturefocus>
                    <texturenofocus>arrow-big-left.png</texturenofocus>
                    <onclick>Control.Move(8001,-1)</onclick>
                    <visible>Control.HasFocus(8001) + Container(8001).HasPrevious</visible>
                    <include>VisibleFadeEffect</include>
                </control>
                <control type="button">
                    <description>right Arrow</description>
                    <left>1455</left>
                    <top>135</top>
                    <width>45</width>
                    <height>60</height>
                    <texturefocus>arrow-big-right.png</texturefocus>
                    <texturenofocus>arrow-big-right.png</texturenofocus>
                    <onclick>Control.Move(8001,1)</onclick>
                    <visible>Control.HasFocus(8001) + Container(8001).HasNext</visible>
                    <include>VisibleFadeEffect</include>
                </control>
            </control>
            <control type="group">
                <left>360</left>
                <top>150</top>
                <visible>Library.HasContent(Music)</visible>
                <visible>Container(9000).Hasfocus(3) + !Skin.HasSetting(HomepageHideRecentlyAddedAlbums)</visible>
                <include>VisibleFadeEffect</include>
                <control type="label">
                    <description>Title label</description>
                    <left>240</left>
                    <top>-52</top>
                    <height>30</height>
                    <width>720</width>
                    <label>359</label>
                    <align>center</align>
                    <aligny>center</aligny>
                    <font>font12_title</font>
                    <textcolor>white</textcolor>
                    <shadowcolor>black</shadowcolor>
                </control>
                <control type="list" id="8002">
                    <animation effect="slide" start="0,0" end="150,0" time="0" condition="StringCompare(Container(8002).NumItems,3)">conditional</animation>
                    <animation effect="slide" start="0,0" end="300,0" time="0" condition="StringCompare(Container(8002).NumItems,2)">conditional</animation>
                    <animation effect="slide" start="0,0" end="450,0" time="0" condition="StringCompare(Container(8002).NumItems,1)">conditional</animation>
                    <left>0</left>
                    <top>0</top>
                    <width>1200</width>
                    <height>360</height>
                    <onleft>8002</onleft>
                    <onright>8002</onright>
                    <onup>20</onup>
                    <ondown condition="System.HasAddon(script.globalsearch)">608</ondown>
                    <ondown condition="!System.HasAddon(script.globalsearch)">603</ondown>
                    <viewtype label="535">list</viewtype>
                    <pagecontrol>-</pagecontrol>
                    <scrolltime>200</scrolltime>
                    <orientation>Horizontal</orientation>
                    <itemlayout height="330" width="300">
                        <control type="image">
                            <description>background</description>
                            <left>0</left>
                            <top>0</top>
                            <width>300</width>
                            <height>330</height>
                            <texture border="15">RecentAddedBack.png</texture>
                        </control>
                        <control type="image">
                            <left>15</left>
                            <top>15</top>
                            <width>270</width>
                            <height>232</height>
                            <aspectratio>keep</aspectratio>
                            <texture background="true">$INFO[ListItem.Icon]</texture>
                            <bordertexture border="5">button-nofocus.png</bordertexture>
                            <bordersize>5</bordersize>
                        </control>
                        <control type="label">
                            <left>15</left>
                            <top>255</top>
                            <width>270</width>
                            <height>30</height>
                            <font>font10</font>
                            <textcolor>grey2</textcolor>
                            <shadowcolor>black</shadowcolor>
                            <selectedcolor>selected</selectedcolor>
                            <align>center</align>
                            <aligny>center</aligny>
                            <label>$INFO[ListItem.Label2]</label>
                        </control>
                        <control type="label">
                            <left>15</left>
                            <top>285</top>
                            <width>270</width>
                            <height>30</height>
                            <font>font12</font>
                            <textcolor>white</textcolor>
                            <shadowcolor>black</shadowcolor>
                            <selectedcolor>selected</selectedcolor>
                            <align>center</align>
                            <aligny>center</aligny>
                            <label>$INFO[ListItem.Label]</label>
                        </control>
                    </itemlayout>
                    <focusedlayout height="330" width="300">
                        <control type="image">
                            <description>background</description>
                            <left>0</left>
                            <top>0</top>
                            <width>300</width>
                            <height>330</height>
                            <texture border="15">RecentAddedBack.png</texture>
                        </control>
                        <control type="image">
                            <left>15</left>
                            <top>15</top>
                            <width>270</width>
                            <height>232</height>
                            <aspectratio>keep</aspectratio>
                            <texture background="true">$INFO[ListItem.Icon]</texture>
                            <bordertexture border="5">folder-focus.png</bordertexture>
                            <bordersize>5</bordersize>
                            <visible>Control.HasFocus(8002)</visible>
                        </control>
                        <control type="image">
                            <left>15</left>
                            <top>15</top>
                            <width>270</width>
                            <height>232</height>
                            <aspectratio>keep</aspectratio>
                            <texture background="true">$INFO[ListItem.Icon]</texture>
                            <bordertexture border="5">button-nofocus.png</bordertexture>
                            <bordersize>5</bordersize>
                            <visible>!Control.HasFocus(8002)</visible>
                        </control>
                        <control type="label">
                            <left>15</left>
                            <top>255</top>
                            <width>270</width>
                            <height>30</height>
                            <font>font10</font>
                            <textcolor>grey2</textcolor>
                            <shadowcolor>black</shadowcolor>
                            <selectedcolor>selected</selectedcolor>
                            <align>center</align>
                            <aligny>center</aligny>
                            <label>$INFO[ListItem.Label2]</label>
                        </control>
                        <control type="label">
                            <left>15</left>
                            <top>285</top>
                            <width>270</width>
                            <height>30</height>
                            <font>font12</font>
                            <textcolor>white</textcolor>
                            <shadowcolor>black</shadowcolor>
                            <selectedcolor>selected</selectedcolor>
                            <align>center</align>
                            <aligny>center</aligny>
                            <label>$INFO[ListItem.Label]</label>
                        </control>
                        <control type="label">
                            <left>15</left>
                            <top>285</top>
                            <width>270</width>
                            <height>30</height>
                            <font>font12</font>
                            <textcolor>blue</textcolor>
                            <selectedcolor>selected</selectedcolor>
                            <align>center</align>
                            <aligny>center</aligny>
                            <label>$INFO[ListItem.Label]</label>
                            <visible>Control.HasFocus(8002)</visible>
                        </control>
                    </focusedlayout>
                    <content>
                        <item>
                            <label>$INFO[Window.Property(LatestAlbum.1.Title)]</label>
                            <label2>$INFO[Window.Property(LatestAlbum.1.Artist)]</label2>
                            <onclick>PlayList.Clear</onclick>
                            <onclick>PlayMedia("$INFO[Window.Property(LatestAlbum.1.Path)]")</onclick>
                            <icon>-</icon>
                            <thumb>$INFO[Window.Property(LatestAlbum.1.Thumb)]</thumb>
                            <visible>!IsEmpty(Window.Property(LatestAlbum.1.Title))</visible>
                        </item>
                        <item>
                            <label>$INFO[Window.Property(LatestAlbum.2.Title)]</label>
                            <label2>$INFO[Window.Property(LatestAlbum.2.Artist)]</label2>
                            <onclick>PlayList.Clear</onclick>
                            <onclick>PlayMedia("$INFO[Window.Property(LatestAlbum.2.Path)]")</onclick>
                            <icon>-</icon>
                            <thumb>$INFO[Window.Property(LatestAlbum.2.Thumb)]</thumb>
                            <visible>!IsEmpty(Window.Property(LatestAlbum.2.Title))</visible>
                        </item>
                        <item>
                            <label>$INFO[Window.Property(LatestAlbum.3.Title)]</label>
                            <label2>$INFO[Window.Property(LatestAlbum.3.Artist)]</label2>
                            <onclick>PlayList.Clear</onclick>
                            <onclick>PlayMedia("$INFO[Window.Property(LatestAlbum.3.Path)]")</onclick>
                            <icon>-</icon>
                            <thumb>$INFO[Window.Property(LatestAlbum.3.Thumb)]</thumb>
                            <visible>!IsEmpty(Window.Property(LatestAlbum.3.Title))</visible>
                        </item>
                        <item>
                            <label>$INFO[Window.Property(LatestAlbum.4.Title)]</label>
                            <label2>$INFO[Window.Property(LatestAlbum.4.Artist)]</label2>
                            <onclick>PlayList.Clear</onclick>
                            <onclick>PlayMedia("$INFO[Window.Property(LatestAlbum.4.Path)]")</onclick>
                            <icon>-</icon>
                            <thumb>$INFO[Window.Property(LatestAlbum.4.Thumb)]</thumb>
                            <visible>!IsEmpty(Window.Property(LatestAlbum.4.Title))</visible>
                        </item>
                        <item>
                            <label>$INFO[Window.Property(LatestAlbum.5.Title)]</label>
                            <label2>$INFO[Window.Property(LatestAlbum.5.Artist)]</label2>
                            <onclick>PlayList.Clear</onclick>
                            <onclick>PlayMedia("$INFO[Window.Property(LatestAlbum.5.Path)]")</onclick>
                            <icon>-</icon>
                            <thumb>$INFO[Window.Property(LatestAlbum.5.Thumb)]</thumb>
                            <visible>!IsEmpty(Window.Property(LatestAlbum.5.Title))</visible>
                        </item>
                        <item>
                            <label>$INFO[Window.Property(LatestAlbum.6.Title)]</label>
                            <label2>$INFO[Window.Property(LatestAlbum.6.Artist)]</label2>
                            <onclick>PlayList.Clear</onclick>
                            <onclick>PlayMedia("$INFO[Window.Property(LatestAlbum.6.Path)]")</onclick>
                            <icon>-</icon>
                            <thumb>$INFO[Window.Property(LatestAlbum.6.Thumb)]</thumb>
                            <visible>!IsEmpty(Window.Property(LatestAlbum.6.Title))</visible>
                        </item>
                        <item>
                            <label>$INFO[Window.Property(LatestAlbum.7.Title)]</label>
                            <label2>$INFO[Window.Property(LatestAlbum.7.Artist)]</label2>
                            <onclick>PlayList.Clear</onclick>
                            <onclick>PlayMedia("$INFO[Window.Property(LatestAlbum.7.Path)]")</onclick>
                            <icon>-</icon>
                            <thumb>$INFO[Window.Property(LatestAlbum.7.Thumb)]</thumb>
                            <visible>!IsEmpty(Window.Property(LatestAlbum.7.Title))</visible>
                        </item>
                        <item>
                            <label>$INFO[Window.Property(LatestAlbum.8.Title)]</label>
                            <label2>$INFO[Window.Property(LatestAlbum.8.Artist)]</label2>
                            <onclick>PlayList.Clear</onclick>
                            <onclick>PlayMedia("$INFO[Window.Property(LatestAlbum.8.Path)]")</onclick>
                            <icon>-</icon>
                            <thumb>$INFO[Window.Property(LatestAlbum.8.Thumb)]</thumb>
                            <visible>!IsEmpty(Window.Property(LatestAlbum.8.Title))</visible>
                        </item>
                        <item>
                            <label>$INFO[Window.Property(LatestAlbum.9.Title)]</label>
                            <label2>$INFO[Window.Property(LatestAlbum.9.Artist)]</label2>
                            <onclick>PlayList.Clear</onclick>
                            <onclick>PlayMedia("$INFO[Window.Property(LatestAlbum.9.Path)]")</onclick>
                            <icon>-</icon>
                            <thumb>$INFO[Window.Property(LatestAlbum.9.Thumb)]</thumb>
                            <visible>!IsEmpty(Window.Property(LatestAlbum.9.Title))</visible>
                        </item>
                        <item>
                            <label>$INFO[Window.Property(LatestAlbum.10.Title)]</label>
                            <label2>$INFO[Window.Property(LatestAlbum.10.Artist)]</label2>
                            <onclick>PlayList.Clear</onclick>
                            <onclick>PlayMedia("$INFO[Window.Property(LatestAlbum.10.Path)]")</onclick>
                            <icon>-</icon>
                            <thumb>$INFO[Window.Property(LatestAlbum.10.Thumb)]</thumb>
                            <visible>!IsEmpty(Window.Property(LatestAlbum.10.Title))</visible>
                        </item>
                    </content>
                </control>
                <control type="button">
                    <description>left Arrow</description>
                    <left>-60</left>
                    <top>135</top>
                    <width>45</width>
                    <height>60</height>
                    <texturefocus>arrow-big-left.png</texturefocus>
                    <texturenofocus>arrow-big-left.png</texturenofocus>
                    <onclick>Control.Move(8002,-1)</onclick>
                    <visible>Control.HasFocus(8002) + Container(8002).HasPrevious</visible>
                    <include>VisibleFadeEffect</include>
                </control>
                <control type="button">
                    <description>right Arrow</description>
                    <left>1215</left>
                    <top>135</top>
                    <width>45</width>
                    <height>60</height>
                    <texturefocus>arrow-big-right.png</texturefocus>
                    <texturenofocus>arrow-big-right.png</texturenofocus>
                    <onclick>Control.Move(8002,1)</onclick>
                    <visible>Control.HasFocus(8002) + Container(8002).HasNext</visible>
                    <include>VisibleFadeEffect</include>
                </control>
            </control>
            <!-- Istream section-->
            <control type="group">
                <left>285</left>
                <top>150</top>
                <visible>Container(9000).Hasfocus(71)</visible>
                <include>VisibleFadeEffect</include>
                <control type="label">
                    <description>Title label</description>
                    <left>270</left>
                    <top>-52</top>
                    <height>30</height>
                    <width>810</width>
                    <label>ISTREAM Latest HD</label>
                    <align>center</align>
                    <aligny>center</aligny>
                    <font>font12_title</font>
                    <textcolor>white</textcolor>
                    <shadowcolor>black</shadowcolor>
                </control>
                <control type="list" id="8013">
                    <animation effect="slide" start="0,0" end="135,0" time="0" condition="StringCompare(Container(8013).NumItems,4)">conditional</animation>
                    <animation effect="slide" start="0,0" end="270,0" time="0" condition="StringCompare(Container(8013).NumItems,3)">conditional</animation>
                    <animation effect="slide" start="0,0" end="405,0" time="0" condition="StringCompare(Container(8013).NumItems,2)">conditional</animation>
                    <animation effect="slide" start="0,0" end="540,0" time="0" condition="StringCompare(Container(8013).NumItems,1)">conditional</animation>
                    <left>0</left>
                    <top>0</top>
                    <width>1350</width>
                    <height>330</height>
                    <onleft>8003</onleft>
                    <onright>8003</onright>
                    <onup>20</onup>
                    <ondown>9000</ondown>
                    <ondown condition="System.HasAddon(script.globalsearch)">608</ondown>
                    <ondown condition="!System.HasAddon(script.globalsearch)">603</ondown>
                    <viewtype label="535">list</viewtype>
                    <pagecontrol>-</pagecontrol>
                    <scrolltime>200</scrolltime>
                    <orientation>Horizontal</orientation>
                    <itemlayout height="330" width="270">
                        <control type="image">
                            <left>15</left>
                            <top>15</top>
                            <width>240</width>
                            <height>255</height>
                            <texture background="true">$INFO[ListItem.Icon]</texture>
                            <aspectratio>keep</aspectratio>
                            <bordertexture border="5">button-nofocus.png</bordertexture>
                            <bordersize>5</bordersize>
                        </control>
                        <control type="label">
                            <left>22</left>
                            <top>278</top>
                            <width>225</width>
                            <height>30</height>
                            <font>font12</font>
                            <textcolor>white</textcolor>
                            <shadowcolor>black</shadowcolor>
                            <selectedcolor>selected</selectedcolor>
                            <align>center</align>
                            <aligny>center</aligny>
                            <label>$INFO[ListItem.Label]</label>
                        </control>
                    </itemlayout>
                    <focusedlayout height="330" width="270">
                        <control type="image">
                            <left>15</left>
                            <top>15</top>
                            <width>240</width>
                            <height>255</height>
                            <texture background="true">$INFO[ListItem.Icon]</texture>
                            <aspectratio>keep</aspectratio>
                            <bordertexture border="5">folder-focus.png</bordertexture>
                            <bordersize>5</bordersize>
                            <animation effect="zoom" end="150" center="120,90" time="200">Focus</animation>
                            <visible>Control.HasFocus(8013)</visible>
                        </control>
                        <control type="image">
                            <left>15</left>
                            <top>15</top>
                            <width>240</width>
                            <height>255</height>
                            <texture>$INFO[ListItem.Icon]</texture>
                            <aspectratio>keep</aspectratio>
                            <bordertexture border="5">button-nofocus.png</bordertexture>
                            <bordersize>5</bordersize>
                            <animation effect="zoom" end="150" center="120,90" time="200">Focus</animation>
                            <visible>!Control.HasFocus(8013)</visible>
                        </control>
                        <control type="label">
                            <left>22</left>
                            <top>278</top>
                            <width>225</width>
                            <height>30</height>
                            <font>font12</font>
                            <textcolor>white</textcolor>
                            <shadowcolor>black</shadowcolor>
                            <selectedcolor>selected</selectedcolor>
                            <align>center</align>
                            <aligny>center</aligny>
                            <animation effect="zoom" end="150" center="120,90" time="200">Focus</animation>
                            <label>$INFO[ListItem.Label]</label>
                        </control>
                        <control type="label">
                            <left>22</left>
                            <top>278</top>
                            <width>225</width>
                            <height>30</height>
                            <font>font12</font>
                            <textcolor>blue</textcolor>
                            <selectedcolor>selected</selectedcolor>
                            <align>center</align>
                            <aligny>center</aligny>
                            <animation effect="zoom" end="150" center="120,90" time="200">Focus</animation>
                            <label>$INFO[ListItem.Label]</label>
                            <visible>Control.HasFocus(8013)</visible>
                        </control>
                    </focusedlayout>
                    <content target="video">plugin://script.icechannel/?episode&fanart&favorite=false&imdb_id&img&indexer=movies&indexer_id=movie25&istream_path=%20%3a%20Movie25%20%3a%20Latest%20HD&mode=section&name&season&section=latest-hd-movies&title=Latest%20HD&type=movies&url=http%3a%2f%2fwww.movie25.ag%2flatest-hd-movies%2f&urls&year</content>
                </control>
                <control type="button">
                    <description>left Arrow</description>
                    <left>-60</left>
                    <top>135</top>
                    <width>45</width>
                    <height>60</height>
                    <texturefocus>arrow-big-left.png</texturefocus>
                    <texturenofocus>arrow-big-left.png</texturenofocus>
                    <onclick>Control.Move(8013,-1)</onclick>
                    <visible>Control.HasFocus(8013) + Container(8013).HasPrevious</visible>
                    <include>VisibleFadeEffect</include>
                </control>
                <control type="button">
                    <description>right Arrow</description>
                    <left>1365</left>
                    <top>135</top>
                    <width>45</width>
                    <height>60</height>
                    <texturefocus>arrow-big-right.png</texturefocus>
                    <texturenofocus>arrow-big-right.png</texturenofocus>
                    <onclick>Control.Move(8013,1)</onclick>
                    <visible>Control.HasFocus(8013) + Container(8013).HasNext</visible>
                    <include>VisibleFadeEffect</include>
                </control>
            </control>
            <!-- GENESIS MAIN -->
            <control type="group">
                <left>285</left>
                <top>150</top>
                <visible>Container(9000).Hasfocus(81)</visible>
                <include>VisibleFadeEffect</include>
                <control type="label">
                    <description>Title label</description>
                    <left>270</left>
                    <top>-52</top>
                    <height>30</height>
                    <width>810</width>
                    <label>Genesis Latest HD</label>
                    <align>center</align>
                    <aligny>center</aligny>
                    <font>font12_title</font>
                    <textcolor>white</textcolor>
                    <shadowcolor>black</shadowcolor>
                </control>
                <control type="list" id="8003">
                    <animation effect="slide" start="0,0" end="135,0" time="0" condition="StringCompare(Container(8003).NumItems,4)">conditional</animation>
                    <animation effect="slide" start="0,0" end="270,0" time="0" condition="StringCompare(Container(8003).NumItems,3)">conditional</animation>
                    <animation effect="slide" start="0,0" end="405,0" time="0" condition="StringCompare(Container(8003).NumItems,2)">conditional</animation>
                    <animation effect="slide" start="0,0" end="540,0" time="0" condition="StringCompare(Container(8003).NumItems,1)">conditional</animation>
                    <left>0</left>
                    <top>0</top>
                    <width>1350</width>
                    <height>330</height>
                    <onleft>8003</onleft>
                    <onright>8003</onright>
                    <onup>20</onup>
                    <ondown>9000</ondown>
                    <ondown condition="System.HasAddon(script.globalsearch)">608</ondown>
                    <ondown condition="!System.HasAddon(script.globalsearch)">603</ondown>
                    <viewtype label="535">list</viewtype>
                    <pagecontrol>-</pagecontrol>
                    <scrolltime>200</scrolltime>
                    <orientation>Horizontal</orientation>
                    <itemlayout height="330" width="270">
                        <!--<control type="image">
							<description>background</description>
							<left>0</left>
							<top>0</top>
							<width>180</width>
							<height>220</height>
							<texture border="15">RecentAddedBack.png</texture>
						</control>-->
                        <control type="image">
                            <left>15</left>
                            <top>15</top>
                            <width>240</width>
                            <height>255</height>
                            <texture background="true">$INFO[ListItem.Icon]</texture>
                            <aspectratio>keep</aspectratio>
                            <bordertexture border="5">button-nofocus.png</bordertexture>
                            <bordersize>5</bordersize>
                        </control>
                        <control type="label">
                            <left>22</left>
                            <top>278</top>
                            <width>225</width>
                            <height>30</height>
                            <font>font12</font>
                            <textcolor>white</textcolor>
                            <shadowcolor>black</shadowcolor>
                            <selectedcolor>selected</selectedcolor>
                            <align>center</align>
                            <aligny>center</aligny>
                            <label>$INFO[ListItem.Label]</label>
                        </control>
                    </itemlayout>
                    <focusedlayout height="330" width="270">
                        <!--<control type="image">
							<description>background</description>
							<left>0</left>
							<top>0</top>
							<width>180</width>
							<height>220</height>
							<texture border="15">RecentAddedBack.png</texture>
						</control>-->
                        <control type="image">
                            <left>15</left>
                            <top>15</top>
                            <width>240</width>
                            <height>255</height>
                            <texture background="true">$INFO[ListItem.Icon]</texture>
                            <aspectratio>keep</aspectratio>
                            <bordertexture border="5">folder-focus.png</bordertexture>
                            <bordersize>5</bordersize>
                            <animation effect="zoom" end="150" center="120,90" time="200">Focus</animation>
                            <visible>Control.HasFocus(8003)</visible>
                        </control>
                        <control type="image">
                            <left>15</left>
                            <top>15</top>
                            <width>240</width>
                            <height>255</height>
                            <texture>$INFO[ListItem.Icon]</texture>
                            <aspectratio>keep</aspectratio>
                            <bordertexture border="5">button-nofocus.png</bordertexture>
                            <bordersize>5</bordersize>
                            <animation effect="zoom" end="150" center="120,90" time="200">Focus</animation>
                            <visible>!Control.HasFocus(8003)</visible>
                        </control>
                        <control type="label">
                            <left>22</left>
                            <top>278</top>
                            <width>225</width>
                            <height>30</height>
                            <font>font12</font>
                            <textcolor>white</textcolor>
                            <shadowcolor>black</shadowcolor>
                            <selectedcolor>selected</selectedcolor>
                            <align>center</align>
                            <aligny>center</aligny>
                            <animation effect="zoom" end="150" center="120,90" time="200">Focus</animation>
                            <label>$INFO[ListItem.Label]</label>
                        </control>
                        <control type="label">
                            <left>22</left>
                            <top>278</top>
                            <width>225</width>
                            <height>30</height>
                            <font>font12</font>
                            <textcolor>blue</textcolor>
                            <selectedcolor>selected</selectedcolor>
                            <align>center</align>
                            <aligny>center</aligny>
                            <animation effect="zoom" end="150" center="120,90" time="200">Focus</animation>
                            <label>$INFO[ListItem.Label]</label>
                            <visible>Control.HasFocus(8003)</visible>
                        </control>
                    </focusedlayout>
                    <content target="video">plugin://plugin.video.genesis/?action=movies_added_hd</content>
                </control>
                <control type="button">
                    <description>left Arrow</description>
                    <left>-60</left>
                    <top>135</top>
                    <width>45</width>
                    <height>60</height>
                    <texturefocus>arrow-big-left.png</texturefocus>
                    <texturenofocus>arrow-big-left.png</texturenofocus>
                    <onclick>Control.Move(8003,-1)</onclick>
                    <visible>Control.HasFocus(8003) + Container(8003).HasPrevious</visible>
                    <include>VisibleFadeEffect</include>
                </control>
                <control type="button">
                    <description>right Arrow</description>
                    <left>1365</left>
                    <top>135</top>
                    <width>45</width>
                    <height>60</height>
                    <texturefocus>arrow-big-right.png</texturefocus>
                    <texturenofocus>arrow-big-right.png</texturenofocus>
                    <onclick>Control.Move(8003,1)</onclick>
                    <visible>Control.HasFocus(8003) + Container(8003).HasNext</visible>
                    <include>VisibleFadeEffect</include>
                </control>
            </control>
            <control type="group">
                <left>240</left>
                <top>150</top>
                <visible>Library.HasContent(TVShows)</visible>
                <visible>Container(9000).HasFocus(82)</visible>
                <include>VisibleFadeEffect</include>
                <control type="label">
                    <description>Title label</description>
                    <left>360</left>
                    <top>-52</top>
                    <height>30</height>
                    <width>720</width>
                    <label>Genesis Latest Episodes</label>
                    <align>center</align>
                    <aligny>center</aligny>
                    <font>font12_title</font>
                    <textcolor>white</textcolor>
                    <shadowcolor>black</shadowcolor>
                </control>
                <control type="list" id="8004">
                    <animation effect="slide" start="0,0" end="135,0" time="0" condition="StringCompare(Container(8001).NumItems,4)">conditional</animation>
                    <animation effect="slide" start="0,0" end="270,0" time="0" condition="StringCompare(Container(8001).NumItems,3)">conditional</animation>
                    <animation effect="slide" start="0,0" end="405,0" time="0" condition="StringCompare(Container(8001).NumItems,2)">conditional</animation>
                    <animation effect="slide" start="0,0" end="540,0" time="0" condition="StringCompare(Container(8001).NumItems,1)">conditional</animation>
                    <left>0</left>
                    <top>0</top>
                    <width>1350</width>
                    <height>330</height>
                    <onleft>8001</onleft>
                    <onright>8001</onright>
                    <onup>20</onup>
                    <ondown condition="System.HasAddon(script.globalsearch)">608</ondown>
                    <ondown condition="!System.HasAddon(script.globalsearch)">603</ondown>
                    <viewtype label="535">list</viewtype>
                    <pagecontrol>-</pagecontrol>
                    <scrolltime>200</scrolltime>
                    <orientation>Horizontal</orientation>
                    <itemlayout height="330" width="270">
                        <!--<control type="image">
							<description>background</description>
							<left>0</left>
							<top>0</top>
							<width>180</width>
							<height>220</height>
							<texture border="15">RecentAddedBack.png</texture>
						</control>-->
                        <control type="image">
                            <left>15</left>
                            <top>15</top>
                            <width>240</width>
                            <height>255</height>
                            <texture background="true">$INFO[ListItem.Art(tvshow.poster)]</texture>
                            <aspectratio>keep</aspectratio>
                            <bordertexture border="5">button-nofocus.png</bordertexture>
                            <bordersize>5</bordersize>
                        </control>
                        <control type="label">
                            <left>22</left>
                            <top>278</top>
                            <width>225</width>
                            <height>30</height>
                            <font>font12</font>
                            <textcolor>white</textcolor>
                            <shadowcolor>black</shadowcolor>
                            <selectedcolor>selected</selectedcolor>
                            <align>center</align>
                            <aligny>center</aligny>
                            <label>$INFO[ListItem.Label]</label>
                        </control>
                    </itemlayout>
                    <focusedlayout height="330" width="270">
                        <!--<control type="image">
							<description>background</description>
							<left>0</left>
							<top>0</top>
							<width>180</width>
							<height>220</height>
							<texture border="15">RecentAddedBack.png</texture>
						</control>-->
                        <control type="image">
                            <left>15</left>
                            <top>15</top>
                            <width>240</width>
                            <height>255</height>
                            <texture background="true">$INFO[ListItem.Art(tvshow.poster)]</texture>
                            <aspectratio>keep</aspectratio>
                            <bordertexture border="5">folder-focus.png</bordertexture>
                            <bordersize>5</bordersize>
                            <animation effect="zoom" end="150" center="120,90" time="200">Focus</animation>
                            <visible>Control.HasFocus(8004)</visible>
                        </control>
                        <control type="image">
                            <left>15</left>
                            <top>15</top>
                            <width>240</width>
                            <height>255</height>
                            <texture>$INFO[ListItem.Art(tvshow.poster)]</texture>
                            <aspectratio>keep</aspectratio>
                            <bordertexture border="5">button-nofocus.png</bordertexture>
                            <bordersize>5</bordersize>
                            <animation effect="zoom" end="150" center="120,90" time="200">Focus</animation>
                            <visible>!Control.HasFocus(8004)</visible>
                        </control>
                        <control type="label">
                            <left>22</left>
                            <top>278</top>
                            <width>225</width>
                            <height>30</height>
                            <font>font12</font>
                            <textcolor>white</textcolor>
                            <shadowcolor>black</shadowcolor>
                            <selectedcolor>selected</selectedcolor>
                            <align>center</align>
                            <aligny>center</aligny>
                            <animation effect="zoom" end="150" center="120,90" time="200">Focus</animation>
                            <label>$INFO[ListItem.Label]</label>
                        </control>
                        <control type="label">
                            <left>22</left>
                            <top>278</top>
                            <width>225</width>
                            <height>30</height>
                            <font>font12</font>
                            <textcolor>blue</textcolor>
                            <selectedcolor>selected</selectedcolor>
                            <align>center</align>
                            <aligny>center</aligny>
                            <label>$INFO[ListItem.Label]</label>
                            <animation effect="zoom" end="150" center="120,90" time="200">Focus</animation>
                            <visible>Control.HasFocus(8004)</visible>
                        </control>
                    </focusedlayout>
                    <content condition="Container(9000).HasFocus(82)" target="video">plugin://plugin.video.genesis/?action=episodes_added</content>
                </control>
                <control type="button">
                    <description>left Arrow</description>
                    <left>-60</left>
                    <top>135</top>
                    <width>45</width>
                    <height>60</height>
                    <texturefocus>arrow-big-left.png</texturefocus>
                    <texturenofocus>arrow-big-left.png</texturenofocus>
                    <onclick>Control.Move(8004,-1)</onclick>
                    <visible>Control.HasFocus(8004) + Container(8004).HasPrevious</visible>
                    <include>VisibleFadeEffect</include>
                </control>
                <control type="button">
                    <description>right Arrow</description>
                    <left>1455</left>
                    <top>135</top>
                    <width>45</width>
                    <height>60</height>
                    <texturefocus>arrow-big-right.png</texturefocus>
                    <texturenofocus>arrow-big-right.png</texturenofocus>
                    <onclick>Control.Move(8004,1)</onclick>
                    <visible>Control.HasFocus(8004) + Container(8004).HasNext</visible>
                    <include>VisibleFadeEffect</include>
                </control>
            </control>
        </control>
    </include>
</includes>
