<?xml version="1.0" encoding="UTF-8"?>
<window>
    <defaultcontrol>3</defaultcontrol>
    <allowoverlay>no</allowoverlay>
    <controls>
        <include>CommonBackground</include>
        <control type="image">
            <left>0</left>
            <top>150r</top>
            <width>1920</width>
            <height>150</height>
            <texture>floor.png</texture>
            <include>VisibleFadeEffect</include>
        </control>
        <control type="group">
            <left>135</left>
            <top>45</top>
            <animation type="WindowOpen" reversible="false">
                <effect type="zoom" start="80" end="100" center="960,540" easing="out" tween="back" time="300" />
                <effect type="fade" start="0" end="100" time="300" />
            </animation>
            <animation type="WindowClose" reversible="false">
                <effect type="zoom" start="100" end="80" center="960,540" easing="in" tween="back" time="300" />
                <effect type="fade" start="100" end="0" time="300" />
            </animation>
            <control type="image">
                <left>8</left>
                <top>8</top>
                <width>1635</width>
                <height>945</height>
                <texture border="15">ContentPanel.png</texture>
            </control>
            <control type="image">
                <left>8</left>
                <top>938</top>
                <width>1635</width>
                <height>96</height>
                <texture border="15">ContentPanelMirror.png</texture>
            </control>
            <control type="button">
                <description>Close Window button</description>
                <left>1470</left>
                <top>16</top>
                <width>96</width>
                <height>48</height>
                <label>-</label>
                <font>-</font>
                <onclick>PreviousMenu</onclick>
                <texturefocus>DialogCloseButton-focus.png</texturefocus>
                <texturenofocus>DialogCloseButton.png</texturenofocus>
                <onleft>1</onleft>
                <onright>1</onright>
                <onup>1</onup>
                <ondown>1</ondown>
                <visible>system.getbool(input.enablemouse)</visible>
                <include>VisibleFadeEffect</include>
            </control>
            <control type="image">
                <description>LOGO</description>
                <left>45</left>
                <top>22</top>
                <width>330</width>
                <height>120</height>
                <aspectratio>keep</aspectratio>
                <texture>Confluence_Logo.png</texture>
            </control>
            <control type="grouplist" id="3">
                <description>button area</description>
                <left>15</left>
                <top>135</top>
                <width>390</width>
                <height>722</height>
                <itemgap>-2</itemgap>
                <onleft>5</onleft>
                <onright>5</onright>
                <onup>3</onup>
                <ondown>20</ondown>
            </control>
            <control type="button" id="20">
                <description>Setting level button</description>
                <left>15</left>
                <top>843</top>
                <height>90</height>
                <width>390</width>
                <label>10037</label>
                <textoffsetx>30</textoffsetx>
                <textoffsety>42</textoffsety>
                <align>right</align>
                <aligny>top</aligny>
                <font>font13caps</font>
                <textcolor>selected</textcolor>
                <focusedcolor>selected</focusedcolor>
                <texturefocus border="5">MenuItemFO.png</texturefocus>
                <texturenofocus border="5">MenuItemNF.png</texturenofocus>
                <pulseonselect>false</pulseonselect>
                <onleft>5</onleft>
                <onright>5</onright>
                <onup>3</onup>
                <ondown>3</ondown>
                <onclick>SettingsLevelChange</onclick>
            </control>
            <control type="label">
                <left>30</left>
                <top>849</top>
                <height>38</height>
                <width>345</width>
                <label>31142</label>
                <font>font13_title</font>
                <textcolor>white</textcolor>
                <align>right</align>
                <aligny>center</aligny>
            </control>
            <control type="image">
                <left>402</left>
                <top>15</top>
                <width>1185</width>
                <height>927</height>
                <texture border="5">black-back2.png</texture>
            </control>
            <control type="image">
                <left>402</left>
                <top>15</top>
                <width>1185</width>
                <height>78</height>
                <texture>dialogheader.png</texture>
            </control>
            <control type="label">
                <description>header label</description>
                <left>450</left>
                <top>30</top>
                <width>1089</width>
                <height>45</height>
                <font>font16</font>
                <label>$INFO[Control.GetLabel(2)] - $LOCALIZE[5]</label>
                <align>center</align>
                <aligny>center</aligny>
                <textcolor>white</textcolor>
                <shadowcolor>black</shadowcolor>
            </control>
            <control type="grouplist" id="5">
                <description>control area</description>
                <left>435</left>
                <top>105</top>
                <width>1125</width>
                <height>652</height>
                <itemgap>-2</itemgap>
                <pagecontrol>60</pagecontrol>
                <onleft>3</onleft>
                <onright>60</onright>
                <onup>5</onup>
                <ondown>5</ondown>
            </control>
            <control type="scrollbar" id="60">
                <left>1590</left>
                <top>90</top>
                <width>38</width>
                <height>652</height>
                <texturesliderbackground border="0,14,0,14">ScrollBarV.png</texturesliderbackground>
                <texturesliderbar border="0,14,0,14">ScrollBarV_bar.png</texturesliderbar>
                <texturesliderbarfocus border="0,14,0,14">ScrollBarV_bar_focus.png</texturesliderbarfocus>
                <textureslidernib>ScrollBarNib.png</textureslidernib>
                <textureslidernibfocus>ScrollBarNib.png</textureslidernibfocus>
                <onleft>5</onleft>
                <onright>3</onright>
                <showonepage>false</showonepage>
                <orientation>vertical</orientation>
            </control>
            <control type="image">
                <description>separator image</description>
                <left>435</left>
                <top>788</top>
                <width>1125</width>
                <height>3</height>
                <texture>separator2.png</texture>
                <colordiffuse>40FFFFFF</colordiffuse>
            </control>
            <control type="textbox" id="6">
                <description>description area</description>
                <left>446</left>
                <top>795</top>
                <width>1104</width>
                <height>128</height>
                <font>font12</font>
                <align>justify</align>
                <textcolor>white</textcolor>
                <autoscroll time="3000" delay="4000" repeat="5000">true</autoscroll>
            </control>
        </control>
        <include>BehindDialogFadeOut</include>
        <control type="button" id="10">
            <description>Default Category Button</description>
            <height>90</height>
            <width>390</width>
            <textoffsetx>30</textoffsetx>
            <align>right</align>
            <aligny>center</aligny>
            <font>font13_title</font>
            <textcolor>grey2</textcolor>
            <focusedcolor>white</focusedcolor>
            <texturefocus border="5">MenuItemFO.png</texturefocus>
            <texturenofocus border="5">MenuItemNF.png</texturenofocus>
            <pulseonselect>false</pulseonselect>
        </control>
        <control type="button" id="7">
            <description>Default Button</description>
            <left>0</left>
            <top>0</top>
            <height>60</height>
            <font>font13</font>
            <textcolor>grey2</textcolor>
            <focusedcolor>white</focusedcolor>
            <invalidcolor>invalid</invalidcolor>
            <texturefocus border="0,2,0,2">MenuItemFO.png</texturefocus>
            <texturenofocus border="0,2,0,2">MenuItemNF.png</texturenofocus>
        </control>
        <control type="radiobutton" id="8">
            <description>Default RadioButton</description>
            <left>0</left>
            <top>0</top>
            <height>60</height>
            <font>font13</font>
            <textcolor>grey2</textcolor>
            <focusedcolor>white</focusedcolor>
            <texturefocus border="0,2,0,2">MenuItemFO.png</texturefocus>
            <texturenofocus border="0,2,0,2">MenuItemNF.png</texturenofocus>
        </control>
        <control type="spincontrolex" id="9">
            <description>Default SpinControlex</description>
            <left>0</left>
            <top>0</top>
            <height>60</height>
            <font>font13</font>
            <textcolor>grey2</textcolor>
            <focusedcolor>white</focusedcolor>
            <texturefocus border="0,2,0,2">MenuItemFO.png</texturefocus>
            <texturenofocus border="0,2,0,2">MenuItemNF.png</texturenofocus>
            <aligny>center</aligny>
            <reverse>yes</reverse>
        </control>
        <control type="sliderex" id="13">
            <description>Default Slider</description>
            <posx>0</posx>
            <posy>0</posy>
            <height>60</height>
            <font>font13</font>
            <textcolor>grey2</textcolor>
            <focusedcolor>white</focusedcolor>
            <texturefocus border="0,2,0,2">MenuItemFO.png</texturefocus>
            <texturenofocus border="0,2,0,2">MenuItemNF.png</texturenofocus>
            <aligny>center</aligny>
        </control>
        <control type="image" id="11">
            <description>separator image</description>
            <height>3</height>
            <texture>separator2.png</texture>
        </control>
        <control type="label" id="2">
            <description>Fake Label so we can pass it value down to the one below</description>
            <left>0</left>
            <top>0</top>
            <width>0</width>
            <height>0</height>
            <font>-</font>
            <visible>false</visible>
        </control>
        <include>CommonNowPlaying</include>
        <include>MainWindowMouseButtons</include>
        <control type="image">
            <description>Section header image</description>
            <left>30</left>
            <top>4</top>
            <width>52</width>
            <height>52</height>
            <aspectratio>keep</aspectratio>
            <texture>icon_system.png</texture>
        </control>
        <control type="grouplist">
            <left>98</left>
            <top>8</top>
            <width>1500</width>
            <height>45</height>
            <orientation>horizontal</orientation>
            <align>left</align>
            <itemgap>8</itemgap>
            <control type="label">
                <include>WindowTitleCommons</include>
                <label>$LOCALIZE[5]</label>
            </control>
            <control type="label">
                <include>WindowTitleCommons</include>
                <label>[COLOR=blue] - [/COLOR]$INFO[Control.GetLabel(2)]</label>
            </control>
        </control>
        <include>Clock</include>
    </controls>
</window>
