<?xml version="1.0" encoding="UTF-8"?>
<window>
	<!-- songinformation -->
	<defaultcontrol always="true">10</defaultcontrol>
	<controls>
		<!-- Background -->
		<include>DialogBackgroundImage</include>
		<!-- Main group -->
		<control type="group">
			<include>DialogAnimation</include>
			<centerleft>50%</centerleft>
			<centertop>50%</centertop>
			<width>800</width>
			<height>480</height>
			<!-- Background -->
			<control type="image">
				<centerleft>50%</centerleft>
				<centertop>50%</centertop>
				<width>800</width>
				<height>480</height>
				<texture>dialogs/song_info_back.png</texture>
			</control>
			<!-- Heading -->
			<control type="label">
				<left>40</left>
				<top>14</top>
				<height>30</height>
				<width>1300</width>
				<aligny>center</aligny>
				<font>Bold30</font>
				<textcolor>ffdadada</textcolor>
				<label>658</label>
			</control>
			<!-- Icon -->
			<control type="image">
				<left>50</left>
				<top>102</top>
				<width>300</width>
				<height>300</height>
				<texture>$INFO[ListItem.Icon]</texture>
				<aspectratio>scale</aspectratio>
			</control>
			<!-- Rating -->
			<control type="image">
				<left>102</left>
				<top>422</top>
				<width>196</width>
				<height>32</height>
				<texture>$INFO[ListItem.StarRating]</texture>
			</control>
			<!-- Button grouplist -->
			<control id="9000" type="grouplist">
				<left>444</left>
				<bottom>33</bottom>
				<width>311</width>
				<height>400</height>
				<onleft>noop</onleft>
				<onright>noop</onright>
				<onup>noop</onup>
				<ondown>noop</ondown>
				<itemgap>10</itemgap>
				<align>right</align>
				<!-- Get Thumb Button -->
				<control type="button" id="13">
					<width>311</width>
					<height>76</height>
					<aligny>top</aligny>
					<font>Med24</font>
					<textoffsetx>23</textoffsetx>
					<textoffsety>27</textoffsety>
					<label>$LOCALIZE[20019]</label>
				</control>
				<control type="group" id="16">
					<width>311</width>
					<height>76</height>
					<!-- Rate Down Button -->
					<control type="button" id="100">
						<width>311</width>
						<height>76</height>
						<font>-</font>
						<onup>13</onup>
						<ondown>10</ondown>
						<onright>101</onright>
						<onclick>DecreaseRating</onclick>
						<texturefocus>-</texturefocus>
						<texturenofocus>-</texturenofocus>
					</control>
					<!-- Rate Up Button -->
					<control type="button" id="101">
						<width>311</width>
						<height>76</height>
						<font>-</font>
						<onup>13</onup>
						<ondown>10</ondown>
						<onleft>100</onleft>
						<onclick>IncreaseRating</onclick>
						<texturefocus>-</texturefocus>
						<texturenofocus>-</texturenofocus>
					</control>
					<control type="image">
						<width>311</width>
						<height>76</height>
						<texture border="8">dialogs/DialogButtonFO.png</texture>
						<visible>Control.HasFocus(100) | Control.HasFocus(101)</visible>
					</control>
					<control type="image">
						<width>311</width>
						<height>76</height>
						<texture border="8">dialogs/DialogButtonNF.png</texture>
						<visible>Control.HasFocus(10) | Control.HasFocus(13)</visible>
					</control>
					<control type="label">
						<left>23</left>
						<top>27</top>
						<width>311</width>
						<height>76</height>
						<aligny>top</aligny>
						<font>Med24</font>
						<textcolor>ff000000</textcolor>
						<label>$LOCALIZE[31069]</label>
						<visible>Control.HasFocus(100) | Control.HasFocus(101)</visible>
					</control>
					<control type="label">
						<left>23</left>
						<top>27</top>
						<width>311</width>
						<height>76</height>
						<aligny>top</aligny>
						<font>Med24</font>
						<textcolor>ffd8d8d8</textcolor>
						<label>$LOCALIZE[31069]</label>
						<visible>Control.HasFocus(10) | Control.HasFocus(13)</visible>
					</control>
					<control type="image">
						<left>227</left>
						<top>27</top>
						<width>32</width>
						<height>21</height>
						<texture border="8">dialogs/SpinDownNF.png</texture>
						<visible>!Control.HasFocus(100)</visible>
					</control>
					<control type="image">
						<left>227</left>
						<top>27</top>
						<width>32</width>
						<height>21</height>
						<texture border="8">dialogs/SpinDownFODark.png</texture>
						<visible>Control.HasFocus(100)</visible>
					</control>
					<control type="image">
						<left>259</left>
						<top>27</top>
						<width>32</width>
						<height>21</height>
						<texture border="8">dialogs/SpinUpNF.png</texture>
						<visible>!Control.HasFocus(101)</visible>
					</control>
					<control type="image">
						<left>259</left>
						<top>27</top>
						<width>32</width>
						<height>21</height>
						<texture border="8">dialogs/SpinUpFODark.png</texture>
						<visible>Control.HasFocus(101)</visible>
					</control>
				</control>
				<!-- OK Button -->
				<control id="10" type="button">
					<width>311</width>
					<height>76</height>
					<aligny>top</aligny>
					<font>Med24</font>
					<textoffsetx>23</textoffsetx>
					<textoffsety>27</textoffsety>
					<label>186</label>
				</control>
			</control>
		</control>
	</controls>
</window>