<?xml version="1.0" encoding="utf-8"?>
<window>
	<!-- home -->
	<backgroundcolor>0xff12161b</backgroundcolor>
	<defaultcontrol>9000</defaultcontrol>
	<onload>ClearProperty(BounceRight,Home)</onload>
	<onload>RunScript(script.skinshortcuts,type=buildxml&amp;mainmenuID=9000&amp;levels=0&amp;group=mainmenu|shutdown)</onload>
	<controls>
		<!-- Hidden control to load weather conditions -->
		<control type="label">
			<font>-</font>
			<label>$INFO[Weather.Conditions]</label>
		</control>
		<control id="101" type="list">
			<include>HiddenHomeList</include>
			<content limit="6">$INFO[Skin.String(1-WidgetList-1)]</content>
		</control>
		<control id="102" type="list">
			<include>HiddenHomeList</include>
			<content limit="6">$INFO[Skin.String(1-WidgetList-2)]</content>
		</control>
		<control id="103" type="list">
			<include>HiddenHomeList</include>
			<content limit="6">$INFO[Skin.String(1-WidgetList-3)]</content>
		</control>
		<control id="104" type="list">
			<include>HiddenHomeList</include>
			<content limit="6">$INFO[Skin.String(1-WidgetList-4)]</content>
		</control>
		<control id="105" type="list">
			<include>HiddenHomeList</include>
			<content limit="6">$INFO[Skin.String(1-WidgetList-5)]</content>
		</control>
		<control id="106" type="list">
			<include>HiddenHomeList</include>
			<content limit="6">$INFO[Skin.String(1-WidgetList-6)]</content>
		</control>
		<control id="107" type="list">
			<include>HiddenHomeList</include>
			<content limit="6">$INFO[Skin.String(1-WidgetList-7)]</content>
		</control>
		<control id="108" type="list">
			<include>HiddenHomeList</include>
			<content limit="6">$INFO[Skin.String(1-WidgetList-8)]</content>
		</control>
		<control id="201" type="list">
			<include>HiddenHomeList</include>
			<content limit="6">$INFO[Skin.String(2-WidgetList-1)]</content>
		</control>
		<control id="202" type="list">
			<include>HiddenHomeList</include>
			<content limit="6">$INFO[Skin.String(2-WidgetList-2)]</content>
		</control>
		<control id="203" type="list">
			<include>HiddenHomeList</include>
			<content limit="6">$INFO[Skin.String(2-WidgetList-3)]</content>
		</control>
		<control id="204" type="list">
			<include>HiddenHomeList</include>
			<content limit="6">$INFO[Skin.String(2-WidgetList-4)]</content>
		</control>
		<control id="205" type="list">
			<include>HiddenHomeList</include>
			<content limit="6">$INFO[Skin.String(2-WidgetList-5)]</content>
		</control>
		<control id="206" type="list">
			<include>HiddenHomeList</include>
			<content limit="6">$INFO[Skin.String(2-WidgetList-6)]</content>
		</control>
		<control id="207" type="list">
			<include>HiddenHomeList</include>
			<content limit="6">$INFO[Skin.String(2-WidgetList-7)]</content>
		</control>
		<control id="208" type="list">
			<include>HiddenHomeList</include>
			<content limit="6">$INFO[Skin.String(2-WidgetList-8)]</content>
		</control>
		<control id="301" type="list">
			<include>HiddenHomeList</include>
			<content limit="6">$INFO[Skin.String(3-WidgetList-1)]</content>
		</control>
		<control id="302" type="list">
			<include>HiddenHomeList</include>
			<content limit="6">$INFO[Skin.String(3-WidgetList-2)]</content>
		</control>
		<control id="303" type="list">
			<include>HiddenHomeList</include>
			<content limit="6">$INFO[Skin.String(3-WidgetList-3)]</content>
		</control>
		<control id="304" type="list">
			<include>HiddenHomeList</include>
			<content limit="6">$INFO[Skin.String(3-WidgetList-4)]</content>
		</control>
		<control id="305" type="list">
			<include>HiddenHomeList</include>
			<content limit="6">$INFO[Skin.String(3-WidgetList-5)]</content>
		</control>
		<control id="306" type="list">
			<include>HiddenHomeList</include>
			<content limit="6">$INFO[Skin.String(3-WidgetList-6)]</content>
		</control>
		<control id="307" type="list">
			<include>HiddenHomeList</include>
			<content limit="6">$INFO[Skin.String(3-WidgetList-7)]</content>
		</control>
		<control id="308" type="list">
			<include>HiddenHomeList</include>
			<content limit="6">$INFO[Skin.String(3-WidgetList-8)]</content>
		</control>
		<control id="401" type="list">
			<include>HiddenHomeList</include>
			<content limit="6">$INFO[Skin.String(4-WidgetList-1)]</content>
		</control>
		<control id="402" type="list">
			<include>HiddenHomeList</include>
			<content limit="6">$INFO[Skin.String(4-WidgetList-2)]</content>
		</control>
		<control id="403" type="list">
			<include>HiddenHomeList</include>
			<content limit="6">$INFO[Skin.String(4-WidgetList-3)]</content>
		</control>
		<control id="404" type="list">
			<include>HiddenHomeList</include>
			<content limit="6">$INFO[Skin.String(4-WidgetList-4)]</content>
		</control>
		<control id="405" type="list">
			<include>HiddenHomeList</include>
			<content limit="6">$INFO[Skin.String(4-WidgetList-5)]</content>
		</control>
		<control id="406" type="list">
			<include>HiddenHomeList</include>
			<content limit="6">$INFO[Skin.String(4-WidgetList-6)]</content>
		</control>
		<control id="407" type="list">
			<include>HiddenHomeList</include>
			<content limit="6">$INFO[Skin.String(4-WidgetList-7)]</content>
		</control>
		<control id="408" type="list">
			<include>HiddenHomeList</include>
			<content limit="6">$INFO[Skin.String(4-WidgetList-8)]</content>
		</control>
		<control id="501" type="list">
			<include>HiddenHomeList</include>
			<content limit="6">$INFO[Skin.String(5-WidgetList-1)]</content>
		</control>
		<control id="502" type="list">
			<include>HiddenHomeList</include>
			<content limit="6">$INFO[Skin.String(5-WidgetList-2)]</content>
		</control>
		<control id="503" type="list">
			<include>HiddenHomeList</include>
			<content limit="6">$INFO[Skin.String(5-WidgetList-3)]</content>
		</control>
		<control id="504" type="list">
			<include>HiddenHomeList</include>
			<content limit="6">$INFO[Skin.String(5-WidgetList-4)]</content>
		</control>
		<control id="505" type="list">
			<include>HiddenHomeList</include>
			<content limit="6">$INFO[Skin.String(5-WidgetList-5)]</content>
		</control>
		<control id="506" type="list">
			<include>HiddenHomeList</include>
			<content limit="6">$INFO[Skin.String(5-WidgetList-6)]</content>
		</control>
		<control id="507" type="list">
			<include>HiddenHomeList</include>
			<content limit="6">$INFO[Skin.String(5-WidgetList-7)]</content>
		</control>
		<control id="508" type="list">
			<include>HiddenHomeList</include>
			<content limit="6">$INFO[Skin.String(5-WidgetList-8)]</content>
		</control>
		<control id="601" type="list">
			<include>HiddenHomeList</include>
			<content limit="6">$INFO[Skin.String(6-WidgetList-1)]</content>
		</control>
		<control id="602" type="list">
			<include>HiddenHomeList</include>
			<content limit="6">$INFO[Skin.String(6-WidgetList-2)]</content>
		</control>
		<control id="603" type="list">
			<include>HiddenHomeList</include>
			<content limit="6">$INFO[Skin.String(6-WidgetList-3)]</content>
		</control>
		<control id="604" type="list">
			<include>HiddenHomeList</include>
			<content limit="6">$INFO[Skin.String(6-WidgetList-4)]</content>
		</control>
		<control id="605" type="list">
			<include>HiddenHomeList</include>
			<content limit="6">$INFO[Skin.String(6-WidgetList-5)]</content>
		</control>
		<control id="606" type="list">
			<include>HiddenHomeList</include>
			<content limit="6">$INFO[Skin.String(6-WidgetList-6)]</content>
		</control>
		<control id="607" type="list">
			<include>HiddenHomeList</include>
			<content limit="6">$INFO[Skin.String(6-WidgetList-7)]</content>
		</control>
		<control id="608" type="list">
			<include>HiddenHomeList</include>
			<content limit="6">$INFO[Skin.String(6-WidgetList-8)]</content>
		</control>
		<control id="701" type="list">
			<include>HiddenHomeList</include>
			<content limit="6">$INFO[Skin.String(7-WidgetList-1)]</content>
		</control>
		<control id="702" type="list">
			<include>HiddenHomeList</include>
			<content limit="6">$INFO[Skin.String(7-WidgetList-2)]</content>
		</control>
		<control id="703" type="list">
			<include>HiddenHomeList</include>
			<content limit="6">$INFO[Skin.String(7-WidgetList-3)]</content>
		</control>
		<control id="704" type="list">
			<include>HiddenHomeList</include>
			<content limit="6">$INFO[Skin.String(7-WidgetList-4)]</content>
		</control>
		<control id="705" type="list">
			<include>HiddenHomeList</include>
			<content limit="6">$INFO[Skin.String(7-WidgetList-5)]</content>
		</control>
		<control id="706" type="list">
			<include>HiddenHomeList</include>
			<content limit="6">$INFO[Skin.String(7-WidgetList-6)]</content>
		</control>
		<control id="707" type="list">
			<include>HiddenHomeList</include>
			<content limit="6">$INFO[Skin.String(7-WidgetList-7)]</content>
		</control>
		<control id="708" type="list">
			<include>HiddenHomeList</include>
			<content limit="6">$INFO[Skin.String(7-WidgetList-8)]</content>
		</control>
		<control id="801" type="list">
			<include>HiddenHomeList</include>
			<content limit="6">$INFO[Skin.String(8-WidgetList-1)]</content>
		</control>
		<control id="802" type="list">
			<include>HiddenHomeList</include>
			<content limit="6">$INFO[Skin.String(8-WidgetList-2)]</content>
		</control>
		<control id="803" type="list">
			<include>HiddenHomeList</include>
			<content limit="6">$INFO[Skin.String(8-WidgetList-3)]</content>
		</control>
		<control id="804" type="list">
			<include>HiddenHomeList</include>
			<content limit="6">$INFO[Skin.String(8-WidgetList-4)]</content>
		</control>
		<control id="805" type="list">
			<include>HiddenHomeList</include>
			<content limit="6">$INFO[Skin.String(8-WidgetList-5)]</content>
		</control>
		<control id="806" type="list">
			<include>HiddenHomeList</include>
			<content limit="6">$INFO[Skin.String(8-WidgetList-6)]</content>
		</control>
		<control id="808" type="list">
			<include>HiddenHomeList</include>
			<content limit="6">$INFO[Skin.String(8-WidgetList-7)]</content>
		</control>
		<control id="808" type="list">
			<include>HiddenHomeList</include>
			<content limit="6">$INFO[Skin.String(8-WidgetList-8)]</content>
		</control>
		<!-- Main list -->
		<control id="9000" type="list">
			<left>84</left>
			<top>111</top>
			<width>284</width>
			<height>942</height>
			<onup>noop</onup>
			<onup>SetProperty(Movement,1)</onup>
			<ondown>noop</ondown>
			<ondown>ClearProperty(Movement)</ondown>
			<onleft>noop</onleft>
			<onright>ClearProperty(MainMenuFocus,home)</onright>
			<onright condition="StringCompare(Container(9000).CurrentItem,1) + IntegerGreaterThan(Container(100).NumItems,1) + !StringCompare(Container(9000).ListItem.Property(defaultID),settings) + !StringCompare(Container(9000).ListItem.Property(defaultID),weather) + !StringCompare(Container(9000).ListItem.Property(defaultID),favourites)">SetFocus(100)</onright>
			<onright condition="StringCompare(Container(9000).CurrentItem,1) + !IntegerGreaterThan(Container(100).NumItems,1) + !StringCompare(Container(9000).ListItem.Property(defaultID),settings) + !StringCompare(Container(9000).ListItem.Property(defaultID),weather) + !StringCompare(Container(9000).ListItem.Property(defaultID),favourites)">$INFO[Skin.String(1-WidgetAction-1)]</onright>
			<onright condition="StringCompare(Container(9000).CurrentItem,2) + IntegerGreaterThan(Container(200).NumItems,1) + !StringCompare(Container(9000).ListItem.Property(defaultID),settings) + !StringCompare(Container(9000).ListItem.Property(defaultID),weather) + !StringCompare(Container(9000).ListItem.Property(defaultID),favourites)">SetFocus(200)</onright>
			<onright condition="StringCompare(Container(9000).CurrentItem,2) + !IntegerGreaterThan(Container(200).NumItems,1) + !StringCompare(Container(9000).ListItem.Property(defaultID),settings) + !StringCompare(Container(9000).ListItem.Property(defaultID),weather) + !StringCompare(Container(9000).ListItem.Property(defaultID),favourites)">$INFO[Skin.String(2-WidgetAction-1)]</onright>
			<onright condition="StringCompare(Container(9000).CurrentItem,3) + IntegerGreaterThan(Container(300).NumItems,1) + !StringCompare(Container(9000).ListItem.Property(defaultID),settings) + !StringCompare(Container(9000).ListItem.Property(defaultID),weather) + !StringCompare(Container(9000).ListItem.Property(defaultID),favourites)">SetFocus(300)</onright>
			<onright condition="StringCompare(Container(9000).CurrentItem,3) + !IntegerGreaterThan(Container(300).NumItems,1) + !StringCompare(Container(9000).ListItem.Property(defaultID),settings) + !StringCompare(Container(9000).ListItem.Property(defaultID),weather) + !StringCompare(Container(9000).ListItem.Property(defaultID),favourites)">$INFO[Skin.String(3-WidgetAction-1)]</onright>
			<onright condition="StringCompare(Container(9000).CurrentItem,4) + IntegerGreaterThan(Container(400).NumItems,1) + !StringCompare(Container(9000).ListItem.Property(defaultID),settings) + !StringCompare(Container(9000).ListItem.Property(defaultID),weather) + !StringCompare(Container(9000).ListItem.Property(defaultID),favourites)">SetFocus(400)</onright>
			<onright condition="StringCompare(Container(9000).CurrentItem,4) + !IntegerGreaterThan(Container(400).NumItems,1) + !StringCompare(Container(9000).ListItem.Property(defaultID),settings) + !StringCompare(Container(9000).ListItem.Property(defaultID),weather) + !StringCompare(Container(9000).ListItem.Property(defaultID),favourites)">$INFO[Skin.String(4-WidgetAction-1)]</onright>
			<onright condition="StringCompare(Container(9000).CurrentItem,5) + IntegerGreaterThan(Container(500).NumItems,1) + !StringCompare(Container(9000).ListItem.Property(defaultID),settings) + !StringCompare(Container(9000).ListItem.Property(defaultID),weather) + !StringCompare(Container(9000).ListItem.Property(defaultID),favourites)">SetFocus(500)</onright>
			<onright condition="StringCompare(Container(9000).CurrentItem,5) + !IntegerGreaterThan(Container(500).NumItems,1) + !StringCompare(Container(9000).ListItem.Property(defaultID),settings) + !StringCompare(Container(9000).ListItem.Property(defaultID),weather) + !StringCompare(Container(9000).ListItem.Property(defaultID),favourites)">$INFO[Skin.String(5-WidgetAction-1)]</onright>
			<onright condition="StringCompare(Container(9000).CurrentItem,6) + IntegerGreaterThan(Container(600).NumItems,1) + !StringCompare(Container(9000).ListItem.Property(defaultID),settings) + !StringCompare(Container(9000).ListItem.Property(defaultID),weather) + !StringCompare(Container(9000).ListItem.Property(defaultID),favourites)">SetFocus(600)</onright>
			<onright condition="StringCompare(Container(9000).CurrentItem,6) + !IntegerGreaterThan(Container(600).NumItems,1) + !StringCompare(Container(9000).ListItem.Property(defaultID),settings) + !StringCompare(Container(9000).ListItem.Property(defaultID),weather) + !StringCompare(Container(9000).ListItem.Property(defaultID),favourites)">$INFO[Skin.String(6-WidgetAction-1)]</onright>
			<onright condition="StringCompare(Container(9000).CurrentItem,7) + IntegerGreaterThan(Container(700).NumItems,1) + !StringCompare(Container(9000).ListItem.Property(defaultID),settings) + !StringCompare(Container(9000).ListItem.Property(defaultID),weather) + !StringCompare(Container(9000).ListItem.Property(defaultID),favourites)">SetFocus(700)</onright>
			<onright condition="StringCompare(Container(9000).CurrentItem,7) + !IntegerGreaterThan(Container(700).NumItems,1) + !StringCompare(Container(9000).ListItem.Property(defaultID),settings) + !StringCompare(Container(9000).ListItem.Property(defaultID),weather) + !StringCompare(Container(9000).ListItem.Property(defaultID),favourites)">$INFO[Skin.String(7-WidgetAction-1)]</onright>
			<onright condition="StringCompare(Container(9000).CurrentItem,8) + IntegerGreaterThan(Container(800).NumItems,1) + !StringCompare(Container(9000).ListItem.Property(defaultID),settings) + !StringCompare(Container(9000).ListItem.Property(defaultID),weather) + !StringCompare(Container(9000).ListItem.Property(defaultID),favourites)">SetFocus(800)</onright>
			<onright condition="StringCompare(Container(9000).CurrentItem,8) + !IntegerGreaterThan(Container(800).NumItems,1) + !StringCompare(Container(9000).ListItem.Property(defaultID),settings) + !StringCompare(Container(9000).ListItem.Property(defaultID),weather) + !StringCompare(Container(9000).ListItem.Property(defaultID),favourites)">$INFO[Skin.String(8-WidgetAction-1)]</onright>
			<onright condition="StringCompare(Container(9000).ListItem.Property(defaultID),settings) | StringCompare(Container(9000).ListItem.Property(defaultID),weather) | StringCompare(Container(9000).ListItem.Property(defaultID),favourites)">Select</onright>
			<orientation>vertical</orientation>
			<scrolltime easing="out" tween="sine">180</scrolltime>
			<include>WindowHomeFadeAnimation</include>
			<include>HomeMenuSlideAnimation</include>
			<itemlayout height="74" width="284">
				<control type="label">
					<width>284</width>
					<height>74</height>
					<align>right</align>
					<label>$INFO[ListItem.Label]</label>
					<font>LightCap38</font>
					<textcolor>ff5b6064</textcolor>
					<animation condition="!Control.HasFocus(9000)" easing="in" effect="fade" end="40" reversible="true" start="100" time="600" tween="linear">Conditional</animation>
				</control>
			</itemlayout>
			<focusedlayout height="128" width="284">
				<control type="button">
					<texturefocus>-</texturefocus>
					<texturenofocus>-</texturenofocus>
					<onfocus>SetProperty(MainMenuFocus,1,home)</onfocus>
					<onfocus condition="!StringCompare(Container(9000).ListItem.Property(defaultID),Window(home).Property(MainFocus))">ClearProperty(MainFocus)</onfocus>
					<onfocus condition="!StringCompare(Container(9000).ListItem.Property(defaultID),Window(home).Property(MainFocus))">ClearProperty(FocusRow)</onfocus>
					<onfocus condition="!Control.IsVisible(100) + StringCompare(Container(100).CurrentItem,2)">Control.Move(100,-1)</onfocus>
					<onfocus condition="!Control.IsVisible(100) + StringCompare(Container(100).CurrentItem,3)">Control.Move(100,-2)</onfocus>
					<onfocus condition="!Control.IsVisible(100) + StringCompare(Container(100).CurrentItem,4)">Control.Move(100,-3)</onfocus>
					<onfocus condition="!Control.IsVisible(100) + StringCompare(Container(100).CurrentItem,5)">Control.Move(100,-4)</onfocus>
					<onfocus condition="!Control.IsVisible(100) + StringCompare(Container(100).CurrentItem,6)">Control.Move(100,-5)</onfocus>
					<onfocus condition="!Control.IsVisible(100) + StringCompare(Container(100).CurrentItem,7)">Control.Move(100,-6)</onfocus>
					<onfocus condition="!Control.IsVisible(100) + StringCompare(Container(100).CurrentItem,8)">Control.Move(100,-7)</onfocus>
					<onfocus condition="!Control.IsVisible(200) + StringCompare(Container(200).CurrentItem,2)">Control.Move(200,-1)</onfocus>
					<onfocus condition="!Control.IsVisible(200) + StringCompare(Container(200).CurrentItem,3)">Control.Move(200,-2)</onfocus>
					<onfocus condition="!Control.IsVisible(200) + StringCompare(Container(200).CurrentItem,4)">Control.Move(200,-3)</onfocus>
					<onfocus condition="!Control.IsVisible(200) + StringCompare(Container(200).CurrentItem,5)">Control.Move(200,-4)</onfocus>
					<onfocus condition="!Control.IsVisible(200) + StringCompare(Container(200).CurrentItem,6)">Control.Move(200,-5)</onfocus>
					<onfocus condition="!Control.IsVisible(200) + StringCompare(Container(200).CurrentItem,7)">Control.Move(200,-6)</onfocus>
					<onfocus condition="!Control.IsVisible(200) + StringCompare(Container(200).CurrentItem,8)">Control.Move(200,-7)</onfocus>
					<onfocus condition="!Control.IsVisible(300) + StringCompare(Container(300).CurrentItem,2)">Control.Move(300,-1)</onfocus>
					<onfocus condition="!Control.IsVisible(300) + StringCompare(Container(300).CurrentItem,3)">Control.Move(300,-2)</onfocus>
					<onfocus condition="!Control.IsVisible(300) + StringCompare(Container(300).CurrentItem,4)">Control.Move(300,-3)</onfocus>
					<onfocus condition="!Control.IsVisible(300) + StringCompare(Container(300).CurrentItem,5)">Control.Move(300,-4)</onfocus>
					<onfocus condition="!Control.IsVisible(300) + StringCompare(Container(300).CurrentItem,6)">Control.Move(300,-5)</onfocus>
					<onfocus condition="!Control.IsVisible(300) + StringCompare(Container(300).CurrentItem,7)">Control.Move(300,-6)</onfocus>
					<onfocus condition="!Control.IsVisible(300) + StringCompare(Container(300).CurrentItem,8)">Control.Move(300,-7)</onfocus>
					<onfocus condition="!Control.IsVisible(400) + StringCompare(Container(400).CurrentItem,2)">Control.Move(400,-1)</onfocus>
					<onfocus condition="!Control.IsVisible(400) + StringCompare(Container(400).CurrentItem,3)">Control.Move(400,-2)</onfocus>
					<onfocus condition="!Control.IsVisible(400) + StringCompare(Container(400).CurrentItem,4)">Control.Move(400,-3)</onfocus>
					<onfocus condition="!Control.IsVisible(400) + StringCompare(Container(400).CurrentItem,5)">Control.Move(400,-4)</onfocus>
					<onfocus condition="!Control.IsVisible(400) + StringCompare(Container(400).CurrentItem,6)">Control.Move(400,-5)</onfocus>
					<onfocus condition="!Control.IsVisible(400) + StringCompare(Container(400).CurrentItem,7)">Control.Move(400,-6)</onfocus>
					<onfocus condition="!Control.IsVisible(400) + StringCompare(Container(400).CurrentItem,8)">Control.Move(400,-7)</onfocus>
					<onfocus condition="!Control.IsVisible(500) + StringCompare(Container(500).CurrentItem,2)">Control.Move(500,-1)</onfocus>
					<onfocus condition="!Control.IsVisible(500) + StringCompare(Container(500).CurrentItem,3)">Control.Move(500,-2)</onfocus>
					<onfocus condition="!Control.IsVisible(500) + StringCompare(Container(500).CurrentItem,4)">Control.Move(500,-3)</onfocus>
					<onfocus condition="!Control.IsVisible(500) + StringCompare(Container(500).CurrentItem,5)">Control.Move(500,-4)</onfocus>
					<onfocus condition="!Control.IsVisible(500) + StringCompare(Container(500).CurrentItem,6)">Control.Move(500,-5)</onfocus>
					<onfocus condition="!Control.IsVisible(500) + StringCompare(Container(500).CurrentItem,7)">Control.Move(500,-6)</onfocus>
					<onfocus condition="!Control.IsVisible(500) + StringCompare(Container(500).CurrentItem,8)">Control.Move(500,-7)</onfocus>
					<onfocus condition="!Control.IsVisible(600) + StringCompare(Container(600).CurrentItem,2)">Control.Move(600,-1)</onfocus>
					<onfocus condition="!Control.IsVisible(600) + StringCompare(Container(600).CurrentItem,3)">Control.Move(600,-2)</onfocus>
					<onfocus condition="!Control.IsVisible(600) + StringCompare(Container(600).CurrentItem,4)">Control.Move(600,-3)</onfocus>
					<onfocus condition="!Control.IsVisible(600) + StringCompare(Container(600).CurrentItem,5)">Control.Move(600,-4)</onfocus>
					<onfocus condition="!Control.IsVisible(600) + StringCompare(Container(600).CurrentItem,6)">Control.Move(600,-5)</onfocus>
					<onfocus condition="!Control.IsVisible(600) + StringCompare(Container(600).CurrentItem,7)">Control.Move(600,-6)</onfocus>
					<onfocus condition="!Control.IsVisible(600) + StringCompare(Container(600).CurrentItem,8)">Control.Move(600,-7)</onfocus>
					<onfocus condition="!Control.IsVisible(700) + StringCompare(Container(700).CurrentItem,2)">Control.Move(700,-1)</onfocus>
					<onfocus condition="!Control.IsVisible(700) + StringCompare(Container(700).CurrentItem,3)">Control.Move(700,-2)</onfocus>
					<onfocus condition="!Control.IsVisible(700) + StringCompare(Container(700).CurrentItem,4)">Control.Move(700,-3)</onfocus>
					<onfocus condition="!Control.IsVisible(700) + StringCompare(Container(700).CurrentItem,5)">Control.Move(700,-4)</onfocus>
					<onfocus condition="!Control.IsVisible(700) + StringCompare(Container(700).CurrentItem,6)">Control.Move(700,-5)</onfocus>
					<onfocus condition="!Control.IsVisible(700) + StringCompare(Container(700).CurrentItem,7)">Control.Move(700,-6)</onfocus>
					<onfocus condition="!Control.IsVisible(700) + StringCompare(Container(700).CurrentItem,8)">Control.Move(700,-7)</onfocus>
					<onfocus condition="!Control.IsVisible(800) + StringCompare(Container(800).CurrentItem,2)">Control.Move(800,-1)</onfocus>
					<onfocus condition="!Control.IsVisible(800) + StringCompare(Container(800).CurrentItem,3)">Control.Move(800,-2)</onfocus>
					<onfocus condition="!Control.IsVisible(800) + StringCompare(Container(800).CurrentItem,4)">Control.Move(800,-3)</onfocus>
					<onfocus condition="!Control.IsVisible(800) + StringCompare(Container(800).CurrentItem,5)">Control.Move(800,-4)</onfocus>
					<onfocus condition="!Control.IsVisible(800) + StringCompare(Container(800).CurrentItem,6)">Control.Move(800,-5)</onfocus>
					<onfocus condition="!Control.IsVisible(800) + StringCompare(Container(800).CurrentItem,7)">Control.Move(800,-6)</onfocus>
					<onfocus condition="!Control.IsVisible(800) + StringCompare(Container(800).CurrentItem,8)">Control.Move(800,-7)</onfocus>
				</control>
				<control type="label">
					<width>284</width>
					<height>128</height>
					<align>right</align>
					<label>$INFO[ListItem.Label]</label>
					<font>LightCap38</font>
					<textcolor>ff5b6064</textcolor>
					<animation condition="Container(9000).OnNext" reversible="false" type="UnFocus">
						<effect easing="out" end="0,-28" start="0,0" time="200" tween="circle" type="slide" />
						<effect end="100" start="0" time="0" type="fade" />
					</animation>
					<animation condition="Container(9000).OnPrevious" reversible="false" type="UnFocus">
						<effect easing="out" end="0,-28" start="0,-56" time="200" tween="circle" type="slide" />
						<effect end="100" start="0" time="0" type="fade" />
					</animation>
					<animation reversible="false" type="Focus">
						<effect end="0" start="0" time="0" type="fade" />
					</animation>
					<visible>Control.HasFocus(9000)</visible>
				</control>
				<control type="label">
					<width>284</width>
					<height>128</height>
					<align>right</align>
					<label>$INFO[ListItem.Label]</label>
					<font>LightCap48</font>
					<textcolor>ffffc24b</textcolor>
					<animation reversible="false" type="UnFocus">
						<effect end="0" start="100" time="0" type="fade" />
					</animation>
					<visible>Control.HasFocus(9000)</visible>
				</control>
				<control type="label">
					<width>284</width>
					<height>128</height>
					<align>right</align>
					<label>$INFO[ListItem.Label]</label>
					<font>LightCap48</font>
					<textcolor>ffffffff</textcolor>
					<visible>!Control.HasFocus(9000)</visible>
				</control>
			</focusedlayout>
			<content>
				<include>skinshortcuts-mainmenu</include>
			</content>
		</control>
		<control type="image">
			<left>0</left>
			<top>-706</top>
			<width>1920</width>
			<height>1858</height>
			<aspectratio>stretch</aspectratio>
			<texture border="2" diffuse="special://skin/extras/backgrounds/diffuse.png">special://skin/extras/backgrounds/default.png</texture>
			<animation condition="Container(9000).Row(0)" effect="slide" end="0,0" time="200">Conditional</animation>
			<animation condition="Container(9000).Row(1)" effect="slide" end="0,65" time="200">Conditional</animation>
			<animation condition="Container(9000).Row(2)" effect="slide" end="0,130" time="200">Conditional</animation>
			<animation condition="Container(9000).Row(3)" effect="slide" end="0,195" time="200">Conditional</animation>
			<animation condition="Container(9000).Row(4)" effect="slide" end="0,260" time="200">Conditional</animation>
			<animation condition="Container(9000).Row(5)" effect="slide" end="0,325" time="200">Conditional</animation>
			<animation condition="Container(9000).Row(6)" effect="slide" end="0,390" time="200">Conditional</animation>
			<animation condition="Container(9000).Row(7)" effect="slide" end="0,455" time="200">Conditional</animation>
			<animation condition="Container(9000).Row(8)" effect="slide" end="0,520" time="200">Conditional</animation>
			<animation condition="Container(9000).Row(9)" effect="slide" end="0,585" time="200">Conditional</animation>
			<animation condition="Container(9000).Row(10)" effect="slide" end="0,650" time="200">Conditional</animation>
			<animation condition="Container(9000).Row(11)" effect="slide" end="0,715" time="200">Conditional</animation>
			<animation condition="StringCompare(Container(9000).NumItems,10)" effect="slide" end="0,33" time="0">Conditional</animation>
			<animation condition="StringCompare(Container(9000).NumItems,9)" effect="slide" end="0,66" time="0">Conditional</animation>
			<animation condition="StringCompare(Container(9000).NumItems,8)" effect="slide" end="0,99" time="0">Conditional</animation>
			<animation condition="StringCompare(Container(9000).NumItems,7)" effect="slide" end="0,132" time="0">Conditional</animation>
			<animation condition="StringCompare(Container(9000).NumItems,6)" effect="slide" end="0,165" time="0">Conditional</animation>
			<animation condition="StringCompare(Container(9000).NumItems,5)" effect="slide" end="0,198" time="0">Conditional</animation>
			<animation condition="StringCompare(Container(9000).NumItems,4)" effect="slide" end="0,231" time="0">Conditional</animation>
			<animation condition="StringCompare(Container(9000).NumItems,3)" effect="slide" end="0,264" time="0">Conditional</animation>
			<animation condition="StringCompare(Container(9000).NumItems,2)" effect="slide" end="0,297" time="0">Conditional</animation>
			<animation condition="StringCompare(Container(9000).NumItems,1)" effect="slide" end="0,330" time="0">Conditional</animation>
		</control>
		<!-- List Item #1 sub menu -->
		<control id="100" type="fixedlist">
			<left>419</left>
			<top>-367</top>
			<width>2100</width>
			<height>1500</height>
			<onup condition="!Window.IsVisible(1101)">SetProperty(BounceUp,1,Home)</onup>
			<onup>noop</onup>
			<ondown condition="!Window.IsVisible(1101)">SetProperty(BounceDown,1,Home)</ondown>
			<ondown>noop</ondown>
			<onleft>9000</onleft>
			<onright>Select</onright>
			<onback>9000</onback>
			<movement>1</movement>
			<preloaditems>2</preloaditems>
			<focusposition>2</focusposition>
			<viewtype label="">list</viewtype>
			<orientation>vertical</orientation>
			<defaultcontrol>0</defaultcontrol>
			<scrolltime easing="inout" tween="sine">300</scrolltime>
			<include>HomeWidgetsAnimation</include>
			<include>WindowHomeFadeAnimation</include>
			<visible>StringCompare(Container(9000).CurrentItem,1) + !StringCompare(Container(9000).ListItem.Property(defaultID),settings) + !StringCompare(Container(9000).ListItem.Property(defaultID),weather) + !StringCompare(Container(9000).ListItem.Property(defaultID),favourites)</visible>
			<animation condition="StringCompare(Container(100).NumItems,1)" effect="slide" end="-304,0">Conditional</animation>
			<animation condition="StringCompare(Container(100).NumItems,2)" effect="slide" end="0,-185">Conditional</animation>
			<animation condition="IntegerGreaterThan(Container(100).NumItems,2) + Container(100).Row(1)" easing="inout" effect="slide" end="0,114" time="220" tween="sine">Conditional</animation>
			<animation condition="IntegerGreaterThan(Container(100).NumItems,2) + Container(100).Row(3)" easing="inout" effect="slide" end="0,-212" time="220" tween="sine">Conditional</animation>
			<itemlayout height="370" width="2000">
				<control type="group">
					<left>33</left>
					<control type="image">
						<width>227</width>
						<height>334</height>
						<texture border="0,14,11,14">home/home_button_nf.png</texture>
					</control>
					<control type="textbox">
						<left>14</left>
						<top>22</top>
						<width>191</width>
						<height>152</height>
						<font>Bold26</font>
						<align>left</align>
						<textcolor>ffdadada</textcolor>
						<label>$INFO[ListItem.Label]</label>
					</control>
				</control>
				<include condition="StringCompare(Skin.String(1-WidgetView),$LOCALIZE[31160])">HomePosterItemlayout</include>
				<include condition="StringCompare(Skin.String(1-WidgetView),$LOCALIZE[31159])">HomeWideItemlayout</include>
				<include condition="StringCompare(Skin.String(1-WidgetView),$LOCALIZE[31161])">HomeSquareItemlayout</include>
				<include condition="StringCompare(Skin.String(1-WidgetView),$LOCALIZE[31203]) | IsEmpty(Skin.String(1-WidgetView))">HomeSquareInfoItemlayout</include>
			</itemlayout>
			<focusedlayout height="370" width="2000">
				<control type="button">
					<include>HiddenControl</include>
					<onfocus condition="StringCompare(Container(100).NumItems,2) + Container(100).Row(2)">SetProperty(FocusRow,1_2)</onfocus>
					<onfocus condition="StringCompare(Container(100).NumItems,2) + Container(100).Row(3)">SetProperty(FocusRow,2_2)</onfocus>
					<onfocus condition="IntegerGreaterThan(Container(100).NumItems,2) + Container(100).Row(1)">SetProperty(FocusRow,1_3)</onfocus>
					<onfocus condition="IntegerGreaterThan(Container(100).NumItems,2) + Container(100).Row(2)">SetProperty(FocusRow,2_3)</onfocus>
					<onfocus condition="IntegerGreaterThan(Container(100).NumItems,2) + Container(100).Row(3)">SetProperty(FocusRow,3_3)</onfocus>
				</control>
				<control type="group">
					<animation center="142,167" condition="StringCompare(Container(100).NumItems,1)" effect="zoom" end="132" start="100" time="0">Conditional</animation>
					<animation center="142,167" condition="IntegerGreaterThan(Container(100).NumItems,1)" easing="inout" effect="zoom" end="132" start="100" time="220" tween="sine">Focus</animation>
					<animation center="142,167" condition="IntegerGreaterThan(Container(100).NumItems,1)" easing="inout" effect="zoom" end="100" start="132" time="220" tween="sine">UnFocus</animation>
					<control type="group">
						<left>33</left>
						<visible>IntegerGreaterThan(Container(100).NumItems,1)</visible>
						<control type="image">
							<width>227</width>
							<height>334</height>
							<texture border="0,14,11,14">home/home_button_nf.png</texture>
						</control>
						<control type="textbox">
							<top>2</top>
							<width>254</width>
							<height>200</height>
							<font>Bold34</font>
							<align>left</align>
							<textcolor>ffdadada</textcolor>
							<label>$INFO[ListItem.Label]</label>
							<animation effect="fade" end="0" start="100" time="0">Focus</animation>
							<animation condition="true" effect="slide" end="-18,-26" time="0">Conditional</animation>
							<animation center="135,201" condition="true" effect="zoom" end="76" start="76" time="0">Conditional</animation>
						</control>
						<control type="image">
							<width>227</width>
							<height>334</height>
							<texture border="0,14,11,14">home/home_button_fo.png</texture>
							<visible>Control.HasFocus(100)</visible>
							<animation effect="fade" end="100" start="0" time="0">Focus</animation>
							<animation effect="fade" end="0" start="100" time="0">UnFocus</animation>
						</control>
						<control type="textbox">
							<top>2</top>
							<width>254</width>
							<height>200</height>
							<font>Bold34</font>
							<align>left</align>
							<textcolor>ff453a18</textcolor>
							<label>$INFO[ListItem.Label]</label>
							<visible>Control.HasFocus(100)</visible>
							<animation effect="fade" end="100" start="0" time="0">Focus</animation>
							<animation effect="fade" end="0" start="100" time="0">UnFocus</animation>
							<animation condition="true" effect="slide" end="-18,-26" time="0">Conditional</animation>
							<animation center="135,201" condition="true" effect="zoom" end="76" start="76" time="0">Conditional</animation>
						</control>
					</control>
					<include condition="StringCompare(Skin.String(1-WidgetView),$LOCALIZE[31160])">HomePosterFocusedlayout</include>
					<include condition="StringCompare(Skin.String(1-WidgetView),$LOCALIZE[31159])">HomeWideFocusedlayout</include>
					<include condition="StringCompare(Skin.String(1-WidgetView),$LOCALIZE[31161])">HomeSquareFocusedlayout</include>
					<include condition="StringCompare(Skin.String(1-WidgetView),$LOCALIZE[31203]) | IsEmpty(Skin.String(1-WidgetView))">HomeSquareInfoFocusedlayout</include>
				</control>
			</focusedlayout>
			<include>ListItem1Content</include>
		</control>
		<!-- List Item #2 sub menu -->
		<control id="200" type="fixedlist">
			<left>419</left>
			<top>-367</top>
			<width>2100</width>
			<height>1500</height>
			<onup condition="!Window.IsVisible(1101)">SetProperty(BounceUp,1,Home)</onup>
			<onup>noop</onup>
			<ondown condition="!Window.IsVisible(1101)">SetProperty(BounceDown,1,Home)</ondown>
			<ondown>noop</ondown>
			<onleft>9000</onleft>
			<onright>Select</onright>
			<onback>9000</onback>
			<movement>1</movement>
			<preloaditems>2</preloaditems>
			<focusposition>2</focusposition>
			<viewtype label="">list</viewtype>
			<orientation>vertical</orientation>
			<defaultcontrol>0</defaultcontrol>
			<scrolltime easing="inout" tween="sine">300</scrolltime>
			<include>HomeWidgetsAnimation</include>
			<include>WindowHomeFadeAnimation</include>
			<visible>StringCompare(Container(9000).CurrentItem,2) + !StringCompare(Container(9000).ListItem.Property(defaultID),settings) + !StringCompare(Container(9000).ListItem.Property(defaultID),weather) + !StringCompare(Container(9000).ListItem.Property(defaultID),favourites)</visible>
			<animation condition="StringCompare(Container(200).NumItems,1)" effect="slide" end="-304,0">Conditional</animation>
			<animation condition="StringCompare(Container(200).NumItems,2)" effect="slide" end="0,-185">Conditional</animation>
			<animation condition="IntegerGreaterThan(Container(200).NumItems,2) + Container(200).Row(1)" easing="inout" effect="slide" end="0,114" time="220" tween="sine">Conditional</animation>
			<animation condition="IntegerGreaterThan(Container(200).NumItems,2) + Container(200).Row(3)" easing="inout" effect="slide" end="0,-212" time="220" tween="sine">Conditional</animation>
			<itemlayout height="370" width="2000">
				<control type="group">
					<left>33</left>
					<control type="image">
						<width>227</width>
						<height>334</height>
						<texture border="0,14,11,14">home/home_button_nf.png</texture>
					</control>
					<control type="textbox">
						<left>14</left>
						<top>22</top>
						<width>191</width>
						<height>152</height>
						<font>Bold26</font>
						<align>left</align>
						<textcolor>ffdadada</textcolor>
						<label>$INFO[ListItem.Label]</label>
					</control>
				</control>
				<include condition="StringCompare(Skin.String(2-WidgetView),$LOCALIZE[31160])">HomePosterItemlayout</include>
				<include condition="StringCompare(Skin.String(2-WidgetView),$LOCALIZE[31159])">HomeWideItemlayout</include>
				<include condition="StringCompare(Skin.String(2-WidgetView),$LOCALIZE[31161])">HomeSquareItemlayout</include>
				<include condition="StringCompare(Skin.String(2-WidgetView),$LOCALIZE[31203]) | IsEmpty(Skin.String(2-WidgetView))">HomeSquareInfoItemlayout</include>
			</itemlayout>
			<focusedlayout height="370" width="2000">
				<control type="button">
					<include>HiddenControl</include>
					<onfocus condition="StringCompare(Container(200).NumItems,2) + Container(200).Row(2)">SetProperty(FocusRow,1_2)</onfocus>
					<onfocus condition="StringCompare(Container(200).NumItems,2) + Container(200).Row(3)">SetProperty(FocusRow,2_2)</onfocus>
					<onfocus condition="IntegerGreaterThan(Container(200).NumItems,2) + Container(200).Row(1)">SetProperty(FocusRow,1_3)</onfocus>
					<onfocus condition="IntegerGreaterThan(Container(200).NumItems,2) + Container(200).Row(2)">SetProperty(FocusRow,2_3)</onfocus>
					<onfocus condition="IntegerGreaterThan(Container(200).NumItems,2) + Container(200).Row(3)">SetProperty(FocusRow,3_3)</onfocus>
				</control>
				<control type="group">
					<animation center="142,167" condition="StringCompare(Container(200).NumItems,1)" effect="zoom" end="132" start="100" time="0">Conditional</animation>
					<animation center="142,167" condition="IntegerGreaterThan(Container(200).NumItems,1)" easing="inout" effect="zoom" end="132" start="100" time="220" tween="sine">Focus</animation>
					<animation center="142,167" condition="IntegerGreaterThan(Container(200).NumItems,1)" easing="inout" effect="zoom" end="100" start="132" time="220" tween="sine">UnFocus</animation>
					<control type="group">
						<left>33</left>
						<visible>IntegerGreaterThan(Container(200).NumItems,1)</visible>
						<control type="image">
							<width>227</width>
							<height>334</height>
							<texture border="0,14,11,14">home/home_button_nf.png</texture>
						</control>
						<control type="textbox">
							<top>2</top>
							<width>254</width>
							<height>200</height>
							<font>Bold34</font>
							<align>left</align>
							<textcolor>ffdadada</textcolor>
							<label>$INFO[ListItem.Label]</label>
							<animation effect="fade" end="0" start="100" time="0">Focus</animation>
							<animation condition="true" effect="slide" end="-18,-26" time="0">Conditional</animation>
							<animation center="135,201" condition="true" effect="zoom" end="76" start="76" time="0">Conditional</animation>
						</control>
						<control type="image">
							<width>227</width>
							<height>334</height>
							<texture border="0,14,11,14">home/home_button_fo.png</texture>
							<visible>Control.HasFocus(200)</visible>
							<animation effect="fade" end="100" start="0" time="0">Focus</animation>
							<animation effect="fade" end="0" start="100" time="0">UnFocus</animation>
						</control>
						<control type="textbox">
							<top>2</top>
							<width>254</width>
							<height>200</height>
							<font>Bold34</font>
							<align>left</align>
							<textcolor>ff453a18</textcolor>
							<label>$INFO[ListItem.Label]</label>
							<visible>Control.HasFocus(200)</visible>
							<animation effect="fade" end="100" start="0" time="0">Focus</animation>
							<animation effect="fade" end="0" start="100" time="0">UnFocus</animation>
							<animation condition="true" effect="slide" end="-18,-26" time="0">Conditional</animation>
							<animation center="135,201" condition="true" effect="zoom" end="76" start="76" time="0">Conditional</animation>
						</control>
					</control>
					<include condition="StringCompare(Skin.String(2-WidgetView),$LOCALIZE[31160])">HomePosterFocusedlayout</include>
					<include condition="StringCompare(Skin.String(2-WidgetView),$LOCALIZE[31159])">HomeWideFocusedlayout</include>
					<include condition="StringCompare(Skin.String(2-WidgetView),$LOCALIZE[31161])">HomeSquareFocusedlayout</include>
					<include condition="StringCompare(Skin.String(2-WidgetView),$LOCALIZE[31203]) | IsEmpty(Skin.String(2-WidgetView))">HomeSquareInfoFocusedlayout</include>
				</control>
			</focusedlayout>
			<include>ListItem2Content</include>
		</control>
		<!-- List Item #3 sub menu -->
		<control id="300" type="fixedlist">
			<left>419</left>
			<top>-367</top>
			<width>2100</width>
			<height>1500</height>
			<onup condition="!Window.IsVisible(1101)">SetProperty(BounceUp,1,Home)</onup>
			<onup>noop</onup>
			<ondown condition="!Window.IsVisible(1101)">SetProperty(BounceDown,1,Home)</ondown>
			<ondown>noop</ondown>
			<onleft>9000</onleft>
			<onright>Select</onright>
			<onback>9000</onback>
			<movement>1</movement>
			<preloaditems>2</preloaditems>
			<focusposition>2</focusposition>
			<viewtype label="">list</viewtype>
			<orientation>vertical</orientation>
			<defaultcontrol>0</defaultcontrol>
			<scrolltime easing="inout" tween="sine">300</scrolltime>
			<include>HomeWidgetsAnimation</include>
			<include>WindowHomeFadeAnimation</include>
			<visible>StringCompare(Container(9000).CurrentItem,3) + !StringCompare(Container(9000).ListItem.Property(defaultID),settings) + !StringCompare(Container(9000).ListItem.Property(defaultID),weather) + !StringCompare(Container(9000).ListItem.Property(defaultID),favourites)</visible>
			<animation condition="StringCompare(Container(300).NumItems,1)" effect="slide" end="-304,0">Conditional</animation>
			<animation condition="StringCompare(Container(300).NumItems,2)" effect="slide" end="0,-185">Conditional</animation>
			<animation condition="IntegerGreaterThan(Container(300).NumItems,2) + Container(300).Row(1)" easing="inout" effect="slide" end="0,114" time="220" tween="sine">Conditional</animation>
			<animation condition="IntegerGreaterThan(Container(300).NumItems,2) + Container(300).Row(3)" easing="inout" effect="slide" end="0,-212" time="220" tween="sine">Conditional</animation>
			<itemlayout height="370" width="2000">
				<control type="group">
					<left>33</left>
					<control type="image">
						<width>227</width>
						<height>334</height>
						<texture border="0,14,11,14">home/home_button_nf.png</texture>
					</control>
					<control type="textbox">
						<left>14</left>
						<top>22</top>
						<width>191</width>
						<height>152</height>
						<font>Bold26</font>
						<align>left</align>
						<textcolor>ffdadada</textcolor>
						<label>$INFO[ListItem.Label]</label>
					</control>
				</control>
				<include condition="StringCompare(Skin.String(3-WidgetView),$LOCALIZE[31160])">HomePosterItemlayout</include>
				<include condition="StringCompare(Skin.String(3-WidgetView),$LOCALIZE[31159])">HomeWideItemlayout</include>
				<include condition="StringCompare(Skin.String(2-WidgetView),$LOCALIZE[31161])">HomeSquareItemlayout</include>
				<include condition="StringCompare(Skin.String(3-WidgetView),$LOCALIZE[31203]) | IsEmpty(Skin.String(3-WidgetView))">HomeSquareInfoItemlayout</include>
			</itemlayout>
			<focusedlayout height="370" width="2000">
				<control type="button">
					<include>HiddenControl</include>
					<onfocus condition="StringCompare(Container(300).NumItems,2) + Container(300).Row(2)">SetProperty(FocusRow,1_2)</onfocus>
					<onfocus condition="StringCompare(Container(300).NumItems,2) + Container(300).Row(3)">SetProperty(FocusRow,2_2)</onfocus>
					<onfocus condition="IntegerGreaterThan(Container(300).NumItems,2) + Container(300).Row(1)">SetProperty(FocusRow,1_3)</onfocus>
					<onfocus condition="IntegerGreaterThan(Container(300).NumItems,2) + Container(300).Row(2)">SetProperty(FocusRow,2_3)</onfocus>
					<onfocus condition="IntegerGreaterThan(Container(300).NumItems,2) + Container(300).Row(3)">SetProperty(FocusRow,3_3)</onfocus>
				</control>
				<control type="group">
					<animation center="142,167" condition="StringCompare(Container(300).NumItems,1)" effect="zoom" end="132" start="100" time="0">Conditional</animation>
					<animation center="142,167" condition="IntegerGreaterThan(Container(300).NumItems,1)" easing="inout" effect="zoom" end="132" start="100" time="220" tween="sine">Focus</animation>
					<animation center="142,167" condition="IntegerGreaterThan(Container(300).NumItems,1)" easing="inout" effect="zoom" end="100" start="132" time="220" tween="sine">UnFocus</animation>
					<control type="group">
						<left>33</left>
						<visible>IntegerGreaterThan(Container(300).NumItems,1)</visible>
						<control type="image">
							<width>227</width>
							<height>334</height>
							<texture border="0,14,11,14">home/home_button_nf.png</texture>
						</control>
						<control type="textbox">
							<top>2</top>
							<width>254</width>
							<height>200</height>
							<font>Bold34</font>
							<align>left</align>
							<textcolor>ffdadada</textcolor>
							<label>$INFO[ListItem.Label]</label>
							<animation effect="fade" end="0" start="100" time="0">Focus</animation>
							<animation condition="true" effect="slide" end="-18,-26" time="0">Conditional</animation>
							<animation center="135,201" condition="true" effect="zoom" end="76" start="76" time="0">Conditional</animation>
						</control>
						<control type="image">
							<width>227</width>
							<height>334</height>
							<texture border="0,14,11,14">home/home_button_fo.png</texture>
							<visible>Control.HasFocus(300)</visible>
							<animation effect="fade" end="100" start="0" time="0">Focus</animation>
							<animation effect="fade" end="0" start="100" time="0">UnFocus</animation>
						</control>
						<control type="textbox">
							<top>2</top>
							<width>254</width>
							<height>200</height>
							<font>Bold34</font>
							<align>left</align>
							<textcolor>ff453a18</textcolor>
							<label>$INFO[ListItem.Label]</label>
							<visible>Control.HasFocus(300)</visible>
							<animation effect="fade" end="100" start="0" time="0">Focus</animation>
							<animation effect="fade" end="0" start="100" time="0">UnFocus</animation>
							<animation condition="true" effect="slide" end="-18,-26" time="0">Conditional</animation>
							<animation center="135,201" condition="true" effect="zoom" end="76" start="76" time="0">Conditional</animation>
						</control>
					</control>
					<include condition="StringCompare(Skin.String(3-WidgetView),$LOCALIZE[31160])">HomePosterFocusedlayout</include>
					<include condition="StringCompare(Skin.String(3-WidgetView),$LOCALIZE[31159])">HomeWideFocusedlayout</include>
					<include condition="StringCompare(Skin.String(3-WidgetView),$LOCALIZE[31161])">HomeSquareFocusedlayout</include>
					<include condition="StringCompare(Skin.String(3-WidgetView),$LOCALIZE[31203]) | IsEmpty(Skin.String(3-WidgetView))">HomeSquareInfoFocusedlayout</include>
				</control>
			</focusedlayout>
			<include>ListItem3Content</include>
		</control>
		<!-- List Item #4 sub menu -->
		<control id="400" type="fixedlist">
			<left>419</left>
			<top>-367</top>
			<width>2100</width>
			<height>1500</height>
			<onup condition="!Window.IsVisible(1101)">SetProperty(BounceUp,1,Home)</onup>
			<onup>noop</onup>
			<ondown condition="!Window.IsVisible(1101)">SetProperty(BounceDown,1,Home)</ondown>
			<ondown>noop</ondown>
			<onleft>9000</onleft>
			<onright>Select</onright>
			<onback>9000</onback>
			<movement>1</movement>
			<preloaditems>2</preloaditems>
			<focusposition>2</focusposition>
			<viewtype label="">list</viewtype>
			<orientation>vertical</orientation>
			<defaultcontrol>0</defaultcontrol>
			<scrolltime easing="inout" tween="sine">300</scrolltime>
			<include>HomeWidgetsAnimation</include>
			<include>WindowHomeFadeAnimation</include>
			<visible>StringCompare(Container(9000).CurrentItem,4) + !StringCompare(Container(9000).ListItem.Property(defaultID),settings) + !StringCompare(Container(9000).ListItem.Property(defaultID),weather) + !StringCompare(Container(9000).ListItem.Property(defaultID),favourites)</visible>
			<animation condition="StringCompare(Container(400).NumItems,1)" effect="slide" end="-304,0">Conditional</animation>
			<animation condition="StringCompare(Container(400).NumItems,2)" effect="slide" end="0,-185">Conditional</animation>
			<animation condition="IntegerGreaterThan(Container(400).NumItems,2) + Container(400).Row(1)" easing="inout" effect="slide" end="0,114" time="220" tween="sine">Conditional</animation>
			<animation condition="IntegerGreaterThan(Container(400).NumItems,2) + Container(400).Row(3)" easing="inout" effect="slide" end="0,-212" time="220" tween="sine">Conditional</animation>
			<itemlayout height="370" width="2000">
				<control type="group">
					<left>33</left>
					<control type="image">
						<width>227</width>
						<height>334</height>
						<texture border="0,14,11,14">home/home_button_nf.png</texture>
					</control>
					<control type="textbox">
						<left>14</left>
						<top>22</top>
						<width>191</width>
						<height>152</height>
						<font>Bold26</font>
						<align>left</align>
						<textcolor>ffdadada</textcolor>
						<label>$INFO[ListItem.Label]</label>
					</control>
				</control>
				<include condition="StringCompare(Skin.String(4-WidgetView),$LOCALIZE[31160])">HomePosterItemlayout</include>
				<include condition="StringCompare(Skin.String(4-WidgetView),$LOCALIZE[31159])">HomeWideItemlayout</include>
				<include condition="StringCompare(Skin.String(4-WidgetView),$LOCALIZE[31161])">HomeSquareItemlayout</include>
				<include condition="StringCompare(Skin.String(4-WidgetView),$LOCALIZE[31203]) | IsEmpty(Skin.String(4-WidgetView))">HomeSquareInfoItemlayout</include>
			</itemlayout>
			<focusedlayout height="370" width="2000">
				<control type="button">
					<include>HiddenControl</include>
					<onfocus condition="StringCompare(Container(400).NumItems,2) + Container(400).Row(2)">SetProperty(FocusRow,1_2)</onfocus>
					<onfocus condition="StringCompare(Container(400).NumItems,2) + Container(400).Row(3)">SetProperty(FocusRow,2_2)</onfocus>
					<onfocus condition="IntegerGreaterThan(Container(400).NumItems,2) + Container(400).Row(1)">SetProperty(FocusRow,1_3)</onfocus>
					<onfocus condition="IntegerGreaterThan(Container(400).NumItems,2) + Container(400).Row(2)">SetProperty(FocusRow,2_3)</onfocus>
					<onfocus condition="IntegerGreaterThan(Container(400).NumItems,2) + Container(400).Row(3)">SetProperty(FocusRow,3_3)</onfocus>
				</control>
				<control type="group">
					<animation center="142,167" condition="StringCompare(Container(400).NumItems,1)" effect="zoom" end="132" start="100" time="0">Conditional</animation>
					<animation center="142,167" condition="IntegerGreaterThan(Container(400).NumItems,1)" easing="inout" effect="zoom" end="132" start="100" time="220" tween="sine">Focus</animation>
					<animation center="142,167" condition="IntegerGreaterThan(Container(400).NumItems,1)" easing="inout" effect="zoom" end="100" start="132" time="220" tween="sine">UnFocus</animation>
					<control type="group">
						<left>33</left>
						<visible>IntegerGreaterThan(Container(400).NumItems,1)</visible>
						<control type="image">
							<width>227</width>
							<height>334</height>
							<texture border="0,14,11,14">home/home_button_nf.png</texture>
						</control>
						<control type="textbox">
							<top>2</top>
							<width>254</width>
							<height>200</height>
							<font>Bold34</font>
							<align>left</align>
							<textcolor>ffdadada</textcolor>
							<label>$INFO[ListItem.Label]</label>
							<animation effect="fade" end="0" start="100" time="0">Focus</animation>
							<animation condition="true" effect="slide" end="-18,-26" time="0">Conditional</animation>
							<animation center="135,201" condition="true" effect="zoom" end="76" start="76" time="0">Conditional</animation>
						</control>
						<control type="image">
							<width>227</width>
							<height>334</height>
							<texture border="0,14,11,14">home/home_button_fo.png</texture>
							<visible>Control.HasFocus(400)</visible>
							<animation effect="fade" end="100" start="0" time="0">Focus</animation>
							<animation effect="fade" end="0" start="100" time="0">UnFocus</animation>
						</control>
						<control type="textbox">
							<top>2</top>
							<width>254</width>
							<height>200</height>
							<font>Bold34</font>
							<align>left</align>
							<textcolor>ff453a18</textcolor>
							<label>$INFO[ListItem.Label]</label>
							<visible>Control.HasFocus(400)</visible>
							<animation effect="fade" end="100" start="0" time="0">Focus</animation>
							<animation effect="fade" end="0" start="100" time="0">UnFocus</animation>
							<animation condition="true" effect="slide" end="-18,-26" time="0">Conditional</animation>
							<animation center="135,201" condition="true" effect="zoom" end="76" start="76" time="0">Conditional</animation>
						</control>
					</control>
					<include condition="StringCompare(Skin.String(4-WidgetView),$LOCALIZE[31160])">HomePosterFocusedlayout</include>
					<include condition="StringCompare(Skin.String(4-WidgetView),$LOCALIZE[31159])">HomeWideFocusedlayout</include>
					<include condition="StringCompare(Skin.String(4-WidgetView),$LOCALIZE[31161])">HomeSquareFocusedlayout</include>
					<include condition="StringCompare(Skin.String(4-WidgetView),$LOCALIZE[31203]) | IsEmpty(Skin.String(4-WidgetView))">HomeSquareInfoFocusedlayout</include>
				</control>
			</focusedlayout>
			<include>ListItem4Content</include>
		</control>
		<!-- List Item #5 sub menu -->
		<control id="500" type="fixedlist">
			<left>419</left>
			<top>-367</top>
			<width>2100</width>
			<height>1500</height>
			<onup condition="!Window.IsVisible(1101)">SetProperty(BounceUp,1,Home)</onup>
			<onup>noop</onup>
			<ondown condition="!Window.IsVisible(1101)">SetProperty(BounceDown,1,Home)</ondown>
			<ondown>noop</ondown>
			<onleft>9000</onleft>
			<onright>Select</onright>
			<onback>9000</onback>
			<movement>1</movement>
			<preloaditems>2</preloaditems>
			<focusposition>2</focusposition>
			<viewtype label="">list</viewtype>
			<orientation>vertical</orientation>
			<defaultcontrol>0</defaultcontrol>
			<scrolltime easing="inout" tween="sine">300</scrolltime>
			<include>HomeWidgetsAnimation</include>
			<include>WindowHomeFadeAnimation</include>
			<visible>StringCompare(Container(9000).CurrentItem,5) + !StringCompare(Container(9000).ListItem.Property(defaultID),settings) + !StringCompare(Container(9000).ListItem.Property(defaultID),weather) + !StringCompare(Container(9000).ListItem.Property(defaultID),favourites)</visible>
			<animation condition="StringCompare(Container(500).NumItems,1)" effect="slide" end="-304,0">Conditional</animation>
			<animation condition="StringCompare(Container(500).NumItems,2)" effect="slide" end="0,-185">Conditional</animation>
			<animation condition="IntegerGreaterThan(Container(500).NumItems,2) + Container(500).Row(1)" easing="inout" effect="slide" end="0,114" time="220" tween="sine">Conditional</animation>
			<animation condition="IntegerGreaterThan(Container(500).NumItems,2) + Container(500).Row(3)" easing="inout" effect="slide" end="0,-212" time="220" tween="sine">Conditional</animation>
			<itemlayout height="370" width="2000">
				<control type="group">
					<left>33</left>
					<control type="image">
						<width>227</width>
						<height>334</height>
						<texture border="0,14,11,14">home/home_button_nf.png</texture>
					</control>
					<control type="textbox">
						<left>14</left>
						<top>22</top>
						<width>191</width>
						<height>152</height>
						<font>Bold26</font>
						<align>left</align>
						<textcolor>ffdadada</textcolor>
						<label>$INFO[ListItem.Label]</label>
					</control>
				</control>
				<include condition="StringCompare(Skin.String(5-WidgetView),$LOCALIZE[31160])">HomePosterItemlayout</include>
				<include condition="StringCompare(Skin.String(5-WidgetView),$LOCALIZE[31159])">HomeWideItemlayout</include>
				<include condition="StringCompare(Skin.String(5-WidgetView),$LOCALIZE[31161])">HomeSquareItemlayout</include>
				<include condition="StringCompare(Skin.String(5-WidgetView),$LOCALIZE[31203]) | IsEmpty(Skin.String(5-WidgetView))">HomeSquareInfoItemlayout</include>
			</itemlayout>
			<focusedlayout height="370" width="2000">
				<control type="button">
					<include>HiddenControl</include>
					<onfocus condition="StringCompare(Container(500).NumItems,2) + Container(500).Row(2)">SetProperty(FocusRow,1_2)</onfocus>
					<onfocus condition="StringCompare(Container(500).NumItems,2) + Container(500).Row(3)">SetProperty(FocusRow,2_2)</onfocus>
					<onfocus condition="IntegerGreaterThan(Container(500).NumItems,2) + Container(500).Row(1)">SetProperty(FocusRow,1_3)</onfocus>
					<onfocus condition="IntegerGreaterThan(Container(500).NumItems,2) + Container(500).Row(2)">SetProperty(FocusRow,2_3)</onfocus>
					<onfocus condition="IntegerGreaterThan(Container(500).NumItems,2) + Container(500).Row(3)">SetProperty(FocusRow,3_3)</onfocus>
				</control>
				<control type="group">
					<animation center="142,167" condition="StringCompare(Container(500).NumItems,1)" effect="zoom" end="132" start="100" time="0">Conditional</animation>
					<animation center="142,167" condition="IntegerGreaterThan(Container(500).NumItems,1)" easing="inout" effect="zoom" end="132" start="100" time="220" tween="sine">Focus</animation>
					<animation center="142,167" condition="IntegerGreaterThan(Container(500).NumItems,1)" easing="inout" effect="zoom" end="100" start="132" time="220" tween="sine">UnFocus</animation>
					<control type="group">
						<left>33</left>
						<visible>IntegerGreaterThan(Container(500).NumItems,1)</visible>
						<control type="image">
							<width>227</width>
							<height>334</height>
							<texture border="0,14,11,14">home/home_button_nf.png</texture>
						</control>
						<control type="textbox">
							<top>2</top>
							<width>254</width>
							<height>200</height>
							<font>Bold34</font>
							<align>left</align>
							<textcolor>ffdadada</textcolor>
							<label>$INFO[ListItem.Label]</label>
							<animation effect="fade" end="0" start="100" time="0">Focus</animation>
							<animation condition="true" effect="slide" end="-18,-26" time="0">Conditional</animation>
							<animation center="135,201" condition="true" effect="zoom" end="76" start="76" time="0">Conditional</animation>
						</control>
						<control type="image">
							<width>227</width>
							<height>334</height>
							<texture border="0,14,11,14">home/home_button_fo.png</texture>
							<visible>Control.HasFocus(500)</visible>
							<animation effect="fade" end="100" start="0" time="0">Focus</animation>
							<animation effect="fade" end="0" start="100" time="0">UnFocus</animation>
						</control>
						<control type="textbox">
							<top>2</top>
							<width>254</width>
							<height>200</height>
							<font>Bold34</font>
							<align>left</align>
							<textcolor>ff453a18</textcolor>
							<label>$INFO[ListItem.Label]</label>
							<visible>Control.HasFocus(500)</visible>
							<animation effect="fade" end="100" start="0" time="0">Focus</animation>
							<animation effect="fade" end="0" start="100" time="0">UnFocus</animation>
							<animation condition="true" effect="slide" end="-18,-26" time="0">Conditional</animation>
							<animation center="135,201" condition="true" effect="zoom" end="76" start="76" time="0">Conditional</animation>
						</control>
					</control>
					<include condition="StringCompare(Skin.String(5-WidgetView),$LOCALIZE[31160])">HomePosterFocusedlayout</include>
					<include condition="StringCompare(Skin.String(5-WidgetView),$LOCALIZE[31159])">HomeWideFocusedlayout</include>
					<include condition="StringCompare(Skin.String(5-WidgetView),$LOCALIZE[31161])">HomeSquareFocusedlayout</include>
					<include condition="StringCompare(Skin.String(5-WidgetView),$LOCALIZE[31203]) | IsEmpty(Skin.String(5-WidgetView))">HomeSquareInfoFocusedlayout</include>
				</control>
			</focusedlayout>
			<include>ListItem5Content</include>
		</control>
		<!-- List Item #6 sub menu -->
		<control id="600" type="fixedlist">
			<left>419</left>
			<top>-367</top>
			<width>2100</width>
			<height>1500</height>
			<onup condition="!Window.IsVisible(1101)">SetProperty(BounceUp,1,Home)</onup>
			<onup>noop</onup>
			<ondown condition="!Window.IsVisible(1101)">SetProperty(BounceDown,1,Home)</ondown>
			<ondown>noop</ondown>
			<onleft>9000</onleft>
			<onright>Select</onright>
			<onback>9000</onback>
			<movement>1</movement>
			<preloaditems>2</preloaditems>
			<focusposition>2</focusposition>
			<viewtype label="">list</viewtype>
			<orientation>vertical</orientation>
			<defaultcontrol>0</defaultcontrol>
			<scrolltime easing="inout" tween="sine">300</scrolltime>
			<include>HomeWidgetsAnimation</include>
			<include>WindowHomeFadeAnimation</include>
			<visible>StringCompare(Container(9000).CurrentItem,6) + !StringCompare(Container(9000).ListItem.Property(defaultID),settings) + !StringCompare(Container(9000).ListItem.Property(defaultID),weather) + !StringCompare(Container(9000).ListItem.Property(defaultID),favourites)</visible>
			<animation condition="StringCompare(Container(600).NumItems,1)" effect="slide" end="-304,0">Conditional</animation>
			<animation condition="StringCompare(Container(600).NumItems,2)" effect="slide" end="0,-185">Conditional</animation>
			<animation condition="IntegerGreaterThan(Container(600).NumItems,2) + Container(600).Row(1)" easing="inout" effect="slide" end="0,114" time="220" tween="sine">Conditional</animation>
			<animation condition="IntegerGreaterThan(Container(600).NumItems,2) + Container(600).Row(3)" easing="inout" effect="slide" end="0,-212" time="220" tween="sine">Conditional</animation>
			<itemlayout height="370" width="2000">
				<control type="group">
					<left>33</left>
					<control type="image">
						<width>227</width>
						<height>334</height>
						<texture border="0,14,11,14">home/home_button_nf.png</texture>
					</control>
					<control type="textbox">
						<left>14</left>
						<top>22</top>
						<width>191</width>
						<height>152</height>
						<font>Bold26</font>
						<align>left</align>
						<textcolor>ffdadada</textcolor>
						<label>$INFO[ListItem.Label]</label>
					</control>
				</control>
				<include condition="StringCompare(Skin.String(6-WidgetView),$LOCALIZE[31160])">HomePosterItemlayout</include>
				<include condition="StringCompare(Skin.String(6-WidgetView),$LOCALIZE[31159])">HomeWideItemlayout</include>
				<include condition="StringCompare(Skin.String(6-WidgetView),$LOCALIZE[31161])">HomeSquareItemlayout</include>
				<include condition="StringCompare(Skin.String(6-WidgetView),$LOCALIZE[31203]) | IsEmpty(Skin.String(6-WidgetView))">HomeSquareInfoItemlayout</include>
			</itemlayout>
			<focusedlayout height="370" width="2000">
				<control type="button">
					<include>HiddenControl</include>
					<onfocus condition="StringCompare(Container(600).NumItems,2) + Container(600).Row(2)">SetProperty(FocusRow,1_2)</onfocus>
					<onfocus condition="StringCompare(Container(600).NumItems,2) + Container(600).Row(3)">SetProperty(FocusRow,2_2)</onfocus>
					<onfocus condition="IntegerGreaterThan(Container(600).NumItems,2) + Container(600).Row(1)">SetProperty(FocusRow,1_3)</onfocus>
					<onfocus condition="IntegerGreaterThan(Container(600).NumItems,2) + Container(600).Row(2)">SetProperty(FocusRow,2_3)</onfocus>
					<onfocus condition="IntegerGreaterThan(Container(600).NumItems,2) + Container(600).Row(3)">SetProperty(FocusRow,3_3)</onfocus>
				</control>
				<control type="group">
					<animation center="142,167" condition="StringCompare(Container(600).NumItems,1)" effect="zoom" end="132" start="100" time="0">Conditional</animation>
					<animation center="142,167" condition="IntegerGreaterThan(Container(600).NumItems,1)" easing="inout" effect="zoom" end="132" start="100" time="220" tween="sine">Focus</animation>
					<animation center="142,167" condition="IntegerGreaterThan(Container(600).NumItems,1)" easing="inout" effect="zoom" end="100" start="132" time="220" tween="sine">UnFocus</animation>
					<control type="group">
						<left>33</left>
						<visible>IntegerGreaterThan(Container(600).NumItems,1)</visible>
						<control type="image">
							<width>227</width>
							<height>334</height>
							<texture border="0,14,11,14">home/home_button_nf.png</texture>
						</control>
						<control type="textbox">
							<top>2</top>
							<width>254</width>
							<height>200</height>
							<font>Bold34</font>
							<align>left</align>
							<textcolor>ffdadada</textcolor>
							<label>$INFO[ListItem.Label]</label>
							<animation effect="fade" end="0" start="100" time="0">Focus</animation>
							<animation condition="true" effect="slide" end="-18,-26" time="0">Conditional</animation>
							<animation center="135,201" condition="true" effect="zoom" end="76" start="76" time="0">Conditional</animation>
						</control>
						<control type="image">
							<width>227</width>
							<height>334</height>
							<texture border="0,14,11,14">home/home_button_fo.png</texture>
							<visible>Control.HasFocus(600)</visible>
							<animation effect="fade" end="100" start="0" time="0">Focus</animation>
							<animation effect="fade" end="0" start="100" time="0">UnFocus</animation>
						</control>
						<control type="textbox">
							<top>2</top>
							<width>254</width>
							<height>200</height>
							<font>Bold34</font>
							<align>left</align>
							<textcolor>ff453a18</textcolor>
							<label>$INFO[ListItem.Label]</label>
							<visible>Control.HasFocus(600)</visible>
							<animation effect="fade" end="100" start="0" time="0">Focus</animation>
							<animation effect="fade" end="0" start="100" time="0">UnFocus</animation>
							<animation condition="true" effect="slide" end="-18,-26" time="0">Conditional</animation>
							<animation center="135,201" condition="true" effect="zoom" end="76" start="76" time="0">Conditional</animation>
						</control>
					</control>
					<include condition="StringCompare(Skin.String(6-WidgetView),$LOCALIZE[31160])">HomePosterFocusedlayout</include>
					<include condition="StringCompare(Skin.String(6-WidgetView),$LOCALIZE[31159])">HomeWideFocusedlayout</include>
					<include condition="StringCompare(Skin.String(6-WidgetView),$LOCALIZE[31161])">HomeSquareFocusedlayout</include>
					<include condition="StringCompare(Skin.String(6-WidgetView),$LOCALIZE[31203]) | IsEmpty(Skin.String(6-WidgetView))">HomeSquareInfoFocusedlayout</include>
				</control>
			</focusedlayout>
			<include>ListItem6Content</include>
		</control>
		<!-- List Item #7 sub menu -->
		<control id="700" type="fixedlist">
			<left>419</left>
			<top>-367</top>
			<width>2100</width>
			<height>1500</height>
			<onup condition="!Window.IsVisible(1101)">SetProperty(BounceUp,1,Home)</onup>
			<onup>noop</onup>
			<ondown condition="!Window.IsVisible(1101)">SetProperty(BounceDown,1,Home)</ondown>
			<ondown>noop</ondown>
			<onleft>9000</onleft>
			<onright>Select</onright>
			<onback>9000</onback>
			<movement>1</movement>
			<preloaditems>2</preloaditems>
			<focusposition>2</focusposition>
			<viewtype label="">list</viewtype>
			<orientation>vertical</orientation>
			<defaultcontrol>0</defaultcontrol>
			<scrolltime easing="inout" tween="sine">300</scrolltime>
			<include>HomeWidgetsAnimation</include>
			<include>WindowHomeFadeAnimation</include>
			<visible>StringCompare(Container(9000).CurrentItem,7) + !StringCompare(Container(9000).ListItem.Property(defaultID),settings) + !StringCompare(Container(9000).ListItem.Property(defaultID),weather) + !StringCompare(Container(9000).ListItem.Property(defaultID),favourites)</visible>
			<animation condition="StringCompare(Container(700).NumItems,1)" effect="slide" end="-304,0">Conditional</animation>
			<animation condition="StringCompare(Container(700).NumItems,2)" effect="slide" end="0,-185">Conditional</animation>
			<animation condition="IntegerGreaterThan(Container(700).NumItems,2) + Container(700).Row(1)" easing="inout" effect="slide" end="0,114" time="220" tween="sine">Conditional</animation>
			<animation condition="IntegerGreaterThan(Container(700).NumItems,2) + Container(700).Row(3)" easing="inout" effect="slide" end="0,-212" time="220" tween="sine">Conditional</animation>
			<itemlayout height="370" width="2000">
				<control type="group">
					<left>33</left>
					<control type="image">
						<width>227</width>
						<height>334</height>
						<texture border="0,14,11,14">home/home_button_nf.png</texture>
					</control>
					<control type="textbox">
						<left>14</left>
						<top>22</top>
						<width>191</width>
						<height>152</height>
						<font>Bold26</font>
						<align>left</align>
						<textcolor>ffdadada</textcolor>
						<label>$INFO[ListItem.Label]</label>
					</control>
				</control>
				<include condition="StringCompare(Skin.String(7-WidgetView),$LOCALIZE[31160])">HomePosterItemlayout</include>
				<include condition="StringCompare(Skin.String(7-WidgetView),$LOCALIZE[31159])">HomeWideItemlayout</include>
				<include condition="StringCompare(Skin.String(7-WidgetView),$LOCALIZE[31161])">HomeSquareItemlayout</include>
				<include condition="StringCompare(Skin.String(7-WidgetView),$LOCALIZE[31203]) | IsEmpty(Skin.String(7-WidgetView))">HomeSquareInfoItemlayout</include>
			</itemlayout>
			<focusedlayout height="370" width="2000">
				<control type="button">
					<include>HiddenControl</include>
					<onfocus condition="StringCompare(Container(700).NumItems,2) + Container(700).Row(2)">SetProperty(FocusRow,1_2)</onfocus>
					<onfocus condition="StringCompare(Container(700).NumItems,2) + Container(700).Row(3)">SetProperty(FocusRow,2_2)</onfocus>
					<onfocus condition="IntegerGreaterThan(Container(700).NumItems,2) + Container(700).Row(1)">SetProperty(FocusRow,1_3)</onfocus>
					<onfocus condition="IntegerGreaterThan(Container(700).NumItems,2) + Container(700).Row(2)">SetProperty(FocusRow,2_3)</onfocus>
					<onfocus condition="IntegerGreaterThan(Container(700).NumItems,2) + Container(700).Row(3)">SetProperty(FocusRow,3_3)</onfocus>
				</control>
				<control type="group">
					<animation center="142,167" condition="StringCompare(Container(700).NumItems,1)" effect="zoom" end="132" start="100" time="0">Conditional</animation>
					<animation center="142,167" condition="IntegerGreaterThan(Container(700).NumItems,1)" easing="inout" effect="zoom" end="132" start="100" time="220" tween="sine">Focus</animation>
					<animation center="142,167" condition="IntegerGreaterThan(Container(700).NumItems,1)" easing="inout" effect="zoom" end="100" start="132" time="220" tween="sine">UnFocus</animation>
					<control type="group">
						<left>33</left>
						<visible>IntegerGreaterThan(Container(700).NumItems,1)</visible>
						<control type="image">
							<width>227</width>
							<height>334</height>
							<texture border="0,14,11,14">home/home_button_nf.png</texture>
						</control>
						<control type="textbox">
							<top>2</top>
							<width>254</width>
							<height>200</height>
							<font>Bold34</font>
							<align>left</align>
							<textcolor>ffdadada</textcolor>
							<label>$INFO[ListItem.Label]</label>
							<animation effect="fade" end="0" start="100" time="0">Focus</animation>
							<animation condition="true" effect="slide" end="-18,-26" time="0">Conditional</animation>
							<animation center="135,201" condition="true" effect="zoom" end="76" start="76" time="0">Conditional</animation>
						</control>
						<control type="image">
							<width>227</width>
							<height>334</height>
							<texture border="0,14,11,14">home/home_button_fo.png</texture>
							<visible>Control.HasFocus(700)</visible>
							<animation effect="fade" end="100" start="0" time="0">Focus</animation>
							<animation effect="fade" end="0" start="100" time="0">UnFocus</animation>
						</control>
						<control type="textbox">
							<top>2</top>
							<width>254</width>
							<height>200</height>
							<font>Bold34</font>
							<align>left</align>
							<textcolor>ff453a18</textcolor>
							<label>$INFO[ListItem.Label]</label>
							<visible>Control.HasFocus(700)</visible>
							<animation effect="fade" end="100" start="0" time="0">Focus</animation>
							<animation effect="fade" end="0" start="100" time="0">UnFocus</animation>
							<animation condition="true" effect="slide" end="-18,-26" time="0">Conditional</animation>
							<animation center="135,201" condition="true" effect="zoom" end="76" start="76" time="0">Conditional</animation>
						</control>
					</control>
					<include condition="StringCompare(Skin.String(7-WidgetView),$LOCALIZE[31160])">HomePosterFocusedlayout</include>
					<include condition="StringCompare(Skin.String(7-WidgetView),$LOCALIZE[31159])">HomeWideFocusedlayout</include>
					<include condition="StringCompare(Skin.String(7-WidgetView),$LOCALIZE[31161])">HomeSquareFocusedlayout</include>
					<include condition="StringCompare(Skin.String(7-WidgetView),$LOCALIZE[31203]) | IsEmpty(Skin.String(7-WidgetView))">HomeSquareInfoFocusedlayout</include>
				</control>
			</focusedlayout>
			<include>ListItem7Content</include>
		</control>
		<!-- List Item #8 sub menu -->
		<control id="800" type="fixedlist">
			<left>419</left>
			<top>-367</top>
			<width>2100</width>
			<height>1500</height>
			<onup condition="!Window.IsVisible(1101)">SetProperty(BounceUp,1,Home)</onup>
			<onup>noop</onup>
			<ondown condition="!Window.IsVisible(1101)">SetProperty(BounceDown,1,Home)</ondown>
			<ondown>noop</ondown>
			<onleft>9000</onleft>
			<onright>Select</onright>
			<onback>9000</onback>
			<movement>1</movement>
			<preloaditems>2</preloaditems>
			<focusposition>2</focusposition>
			<viewtype label="">list</viewtype>
			<orientation>vertical</orientation>
			<defaultcontrol>0</defaultcontrol>
			<scrolltime easing="inout" tween="sine">300</scrolltime>
			<include>HomeWidgetsAnimation</include>
			<include>WindowHomeFadeAnimation</include>
			<visible>StringCompare(Container(9000).CurrentItem,8) + !StringCompare(Container(9000).ListItem.Property(defaultID),settings) + !StringCompare(Container(9000).ListItem.Property(defaultID),weather) + !StringCompare(Container(9000).ListItem.Property(defaultID),favourites)</visible>
			<animation condition="StringCompare(Container(800).NumItems,1)" effect="slide" end="-304,0">Conditional</animation>
			<animation condition="StringCompare(Container(800).NumItems,2)" effect="slide" end="0,-185">Conditional</animation>
			<animation condition="IntegerGreaterThan(Container(800).NumItems,2) + Container(800).Row(1)" easing="inout" effect="slide" end="0,114" time="220" tween="sine">Conditional</animation>
			<animation condition="IntegerGreaterThan(Container(800).NumItems,2) + Container(800).Row(3)" easing="inout" effect="slide" end="0,-212" time="220" tween="sine">Conditional</animation>
			<itemlayout height="370" width="2000">
				<control type="group">
					<left>33</left>
					<control type="image">
						<width>227</width>
						<height>334</height>
						<texture border="0,14,11,14">home/home_button_nf.png</texture>
					</control>
					<control type="textbox">
						<left>14</left>
						<top>22</top>
						<width>191</width>
						<height>152</height>
						<font>Bold26</font>
						<align>left</align>
						<textcolor>ffdadada</textcolor>
						<label>$INFO[ListItem.Label]</label>
					</control>
				</control>
				<include condition="StringCompare(Skin.String(8-WidgetView),$LOCALIZE[31160])">HomePosterItemlayout</include>
				<include condition="StringCompare(Skin.String(8-WidgetView),$LOCALIZE[31159])">HomeWideItemlayout</include>
				<include condition="StringCompare(Skin.String(8-WidgetView),$LOCALIZE[31161])">HomeSquareItemlayout</include>
				<include condition="StringCompare(Skin.String(8-WidgetView),$LOCALIZE[31203]) | IsEmpty(Skin.String(8-WidgetView))">HomeSquareInfoItemlayout</include>
			</itemlayout>
			<focusedlayout height="370" width="2000">
				<control type="button">
					<include>HiddenControl</include>
					<onfocus condition="StringCompare(Container(800).NumItems,2) + Container(800).Row(2)">SetProperty(FocusRow,1_2)</onfocus>
					<onfocus condition="StringCompare(Container(800).NumItems,2) + Container(800).Row(3)">SetProperty(FocusRow,2_2)</onfocus>
					<onfocus condition="IntegerGreaterThan(Container(800).NumItems,2) + Container(800).Row(1)">SetProperty(FocusRow,1_3)</onfocus>
					<onfocus condition="IntegerGreaterThan(Container(800).NumItems,2) + Container(800).Row(2)">SetProperty(FocusRow,2_3)</onfocus>
					<onfocus condition="IntegerGreaterThan(Container(800).NumItems,2) + Container(800).Row(3)">SetProperty(FocusRow,3_3)</onfocus>
				</control>
				<control type="group">
					<animation center="142,167" condition="StringCompare(Container(800).NumItems,1)" effect="zoom" end="132" start="100" time="0">Conditional</animation>
					<animation center="142,167" condition="IntegerGreaterThan(Container(800).NumItems,1)" easing="inout" effect="zoom" end="132" start="100" time="220" tween="sine">Focus</animation>
					<animation center="142,167" condition="IntegerGreaterThan(Container(800).NumItems,1)" easing="inout" effect="zoom" end="100" start="132" time="220" tween="sine">UnFocus</animation>
					<control type="group">
						<left>33</left>
						<visible>IntegerGreaterThan(Container(800).NumItems,1)</visible>
						<control type="image">
							<width>227</width>
							<height>334</height>
							<texture border="0,14,11,14">home/home_button_nf.png</texture>
						</control>
						<control type="textbox">
							<top>2</top>
							<width>254</width>
							<height>200</height>
							<font>Bold34</font>
							<align>left</align>
							<textcolor>ffdadada</textcolor>
							<label>$INFO[ListItem.Label]</label>
							<animation effect="fade" end="0" start="100" time="0">Focus</animation>
							<animation condition="true" effect="slide" end="-18,-26" time="0">Conditional</animation>
							<animation center="135,201" condition="true" effect="zoom" end="76" start="76" time="0">Conditional</animation>
						</control>
						<control type="image">
							<width>227</width>
							<height>334</height>
							<texture border="0,14,11,14">home/home_button_fo.png</texture>
							<visible>Control.HasFocus(800)</visible>
							<animation effect="fade" end="100" start="0" time="0">Focus</animation>
							<animation effect="fade" end="0" start="100" time="0">UnFocus</animation>
						</control>
						<control type="textbox">
							<top>2</top>
							<width>254</width>
							<height>200</height>
							<font>Bold34</font>
							<align>left</align>
							<textcolor>ff453a18</textcolor>
							<label>$INFO[ListItem.Label]</label>
							<visible>Control.HasFocus(800)</visible>
							<animation effect="fade" end="100" start="0" time="0">Focus</animation>
							<animation effect="fade" end="0" start="100" time="0">UnFocus</animation>
							<animation condition="true" effect="slide" end="-18,-26" time="0">Conditional</animation>
							<animation center="135,201" condition="true" effect="zoom" end="76" start="76" time="0">Conditional</animation>
						</control>
					</control>
					<include condition="StringCompare(Skin.String(8-WidgetView),$LOCALIZE[31160])">HomePosterFocusedlayout</include>
					<include condition="StringCompare(Skin.String(8-WidgetView),$LOCALIZE[31159])">HomeWideFocusedlayout</include>
					<include condition="StringCompare(Skin.String(8-WidgetView),$LOCALIZE[31161])">HomeSquareFocusedlayout</include>
					<include condition="StringCompare(Skin.String(8-WidgetView),$LOCALIZE[31203]) | IsEmpty(Skin.String(8-WidgetView))">HomeSquareInfoFocusedlayout</include>
				</control>
			</focusedlayout>
			<include>ListItem8Content</include>
		</control>
		<!-- Favourites widget -->
		<control id="900" type="fixedlist">
			<left>-3</left>
			<top>252</top>
			<width>2200</width>
			<height>576</height>
			<focusposition>1</focusposition>
			<viewtype label="">list</viewtype>
			<orientation>horizontal</orientation>
			<include>WindowHomeFadeAnimation</include>
			<include>HomeWidgetsAnimation</include>
			<visible>StringCompare(Container(9000).ListItem.Property(defaultID),favourites)</visible>
			<itemlayout height="576" width="436">
				<control type="image">
					<top>83</top>
					<width>408</width>
					<height>408</height>
					<texture border="2">common/default_empty.png</texture>
				</control>
				<control type="image">
					<top>68</top>
					<width>419</width>
					<height>440</height>
					<bordersize>0,17,13,17</bordersize>
					<aspectratio align="center">scale</aspectratio>
					<texture background="true">$INFO[ListItem.Icon]</texture>
					<bordertexture border="16,30,16,18">home/image_shadow_small_nf.png</bordertexture>
				</control>
				<control type="image">
					<top>83</top>
					<width>408</width>
					<height>408</height>
					<texture border="2">views/season_overlay.png</texture>
				</control>
				<control type="image">
					<left>14</left>
					<top>398</top>
					<width>53</width>
					<height>53</height>
					<texture>views/equaliser.gif</texture>
					<visible>Player.Playing + StringCompare(MusicPlayer.Album,ListItem.Label)</visible>
				</control>
				<control type="label">
					<left>83</left>
					<top>422</top>
					<width>311</width>
					<height>36</height>
					<font>Bold36</font>
					<scroll>false</scroll>
					<textcolor>ffffffff</textcolor>
					<shadowcolor>88000000</shadowcolor>
					<label>$INFO[ListItem.Label]</label>
					<visible>Player.Playing + StringCompare(MusicPlayer.Album,ListItem.Label)</visible>
				</control>
				<control type="label">
					<left>14</left>
					<top>422</top>
					<width>379</width>
					<height>36</height>
					<font>Bold36</font>
					<scroll>false</scroll>
					<textcolor>ffffffff</textcolor>
					<shadowcolor>88000000</shadowcolor>
					<label>$INFO[ListItem.Label]</label>
					<visible>!Player.Playing | !StringCompare(MusicPlayer.Album,ListItem.Label)</visible>
				</control>
			</itemlayout>
			<focusedlayout height="576" width="436">
				<control type="image">
					<top>83</top>
					<width>408</width>
					<height>408</height>
					<texture border="2">common/default_empty.png</texture>
				</control>
				<control type="image">
					<top>68</top>
					<width>419</width>
					<height>440</height>
					<bordersize>0,17,13,17</bordersize>
					<aspectratio align="center">scale</aspectratio>
					<texture background="true">$INFO[ListItem.Icon]</texture>
					<bordertexture border="16,30,16,18">home/image_shadow_small_nf.png</bordertexture>
				</control>
				<control type="image">
					<top>83</top>
					<width>408</width>
					<height>408</height>
					<texture border="2">views/season_overlay.png</texture>
				</control>
				<control type="image">
					<left>14</left>
					<top>398</top>
					<width>53</width>
					<height>53</height>
					<texture>views/equaliser.gif</texture>
					<visible>Player.Playing + StringCompare(MusicPlayer.Album,ListItem.Label)</visible>
				</control>
				<control type="label">
					<left>83</left>
					<top>422</top>
					<width>311</width>
					<height>36</height>
					<font>Bold36</font>
					<scroll>false</scroll>
					<textcolor>ffffffff</textcolor>
					<shadowcolor>88000000</shadowcolor>
					<label>$INFO[ListItem.Label]</label>
					<visible>Player.Playing + StringCompare(MusicPlayer.Album,ListItem.Label)</visible>
				</control>
				<control type="label">
					<left>14</left>
					<top>422</top>
					<width>379</width>
					<height>36</height>
					<font>Bold36</font>
					<scroll>false</scroll>
					<textcolor>ffffffff</textcolor>
					<shadowcolor>88000000</shadowcolor>
					<label>$INFO[ListItem.Label]</label>
					<visible>!Player.Playing | !StringCompare(MusicPlayer.Album,ListItem.Label)</visible>
				</control>
			</focusedlayout>
			<content limit="4">favourites://</content>
		</control>
		<!-- Weather widget -->
		<control type="fixedlist">
			<left>433</left>
			<top>83</top>
			<width>2000</width>
			<height>914</height>
			<viewtype label="">list</viewtype>
			<orientation>horizontal</orientation>
			<include>WindowHomeFadeAnimation</include>
			<include>HomeWidgetsAnimation</include>
			<visible>StringCompare(Container(9000).ListItem.Property(defaultID),weather)</visible>
			<itemlayout height="914" width="304">
				<control type="image">
					<width>304</width>
					<height>914</height>
					<texture background="true">$INFO[ListItem.Property(Fanart)]</texture>
				</control>
				<control type="image">
					<top>321</top>
					<width>304</width>
					<height>272</height>
					<texture background="true">views/OverlayNF.png</texture>
				</control>
				<control type="label">
					<left>23</left>
					<top>334</top>
					<width>300</width>
					<height>38</height>
					<font>Light28</font>
					<label>$INFO[ListItem.Label]</label>
					<textcolor>ffffffff</textcolor>
				</control>
				<control type="label">
					<left>23</left>
					<top>380</top>
					<width>300</width>
					<height>30</height>
					<font>Med20</font>
					<label>$INFO[ListItem.Property(Outlook)]</label>
					<textcolor>ffdadada</textcolor>
				</control>
				<control type="image">
					<left>23</left>
					<top>408</top>
					<width>140</width>
					<height>140</height>
					<texture background="true">$INFO[ListItem.Icon]</texture>
					<aspectratio>keep</aspectratio>
				</control>
				<control type="label">
					<left>23</left>
					<top>548</top>
					<width>300</width>
					<height>30</height>
					<font>Med20</font>
					<textcolor>ffffffff</textcolor>
					<label>$INFO[ListItem.Label2]</label>
				</control>
			</itemlayout>
			<focusedlayout height="914" width="304">
				<control type="image">
					<width>304</width>
					<height>914</height>
					<texture background="true">$INFO[ListItem.Property(Fanart)]</texture>
				</control>
				<control type="image">
					<top>321</top>
					<width>304</width>
					<height>272</height>
					<texture background="true">views/OverlayNF.png</texture>
				</control>
				<control type="label">
					<left>23</left>
					<top>334</top>
					<width>300</width>
					<height>38</height>
					<font>Light28</font>
					<label>$INFO[ListItem.Label]</label>
					<textcolor>ffffffff</textcolor>
				</control>
				<control type="label">
					<left>23</left>
					<top>380</top>
					<width>300</width>
					<height>30</height>
					<font>Med20</font>
					<label>$INFO[ListItem.Property(Outlook)]</label>
					<textcolor>ffdadada</textcolor>
				</control>
				<control type="image">
					<left>23</left>
					<top>408</top>
					<width>140</width>
					<height>140</height>
					<texture background="true">$INFO[ListItem.Icon]</texture>
					<aspectratio>keep</aspectratio>
				</control>
				<control type="label">
					<left>23</left>
					<top>548</top>
					<width>300</width>
					<height>30</height>
					<font>Med20</font>
					<textcolor>ffffffff</textcolor>
					<label>$INFO[ListItem.Label2]</label>
				</control>
			</focusedlayout>
			<content>
				<item>
					<onclick>noop</onclick>
					<label>$INFO[Window(Weather).Property(Day0.Title)]</label>
					<label2>$INFO[Window(Weather).Property(Day0.LowTemp),Low ,°]    $INFO[Window(Weather).Property(Day0.HighTemp),High ,°]</label2>
					<icon>$INFO[Window(Weather).Property(Day0.FanartCode),weather/icons/,.png]</icon>
					<property name="Fanart">$INFO[Window(Weather).Property(Day0.FanartCode),weather/home/,.jpg]</property>
					<property name="Outlook">$INFO[Window(Weather).Property(Day0.Outlook)]</property>
					<visible>!IsEmpty(Window(Weather).Property(Day0.Outlook))</visible>
				</item>
				<item>
					<onclick>noop</onclick>
					<label>$INFO[Window(Weather).Property(Day1.Title)]</label>
					<label2>$INFO[Window(Weather).Property(Day1.LowTemp),Low ,°]    $INFO[Window(Weather).Property(Day1.HighTemp),High ,°]</label2>
					<icon>$INFO[Window(Weather).Property(Day1.FanartCode),weather/icons/,.png]</icon>
					<property name="Fanart">$INFO[Window(Weather).Property(Day1.FanartCode),weather/home/,.jpg]</property>
					<property name="Outlook">$INFO[Window(Weather).Property(Day1.Outlook)]</property>
					<visible>!IsEmpty(Window(Weather).Property(Day1.Outlook))</visible>
				</item>
				<item>
					<onclick>noop</onclick>
					<label>$INFO[Window(Weather).Property(Day2.Title)]</label>
					<label2>$INFO[Window(Weather).Property(Day2.LowTemp),Low ,°]    $INFO[Window(Weather).Property(Day2.HighTemp),High ,°]</label2>
					<icon>$INFO[Window(Weather).Property(Day2.FanartCode),weather/icons/,.png]</icon>
					<property name="Fanart">$INFO[Window(Weather).Property(Day2.FanartCode),weather/home/,.jpg]</property>
					<property name="Outlook">$INFO[Window(Weather).Property(Day2.Outlook)]</property>
					<visible>!IsEmpty(Window(Weather).Property(Day2.Outlook))</visible>
				</item>
				<item>
					<onclick>noop</onclick>
					<label>$INFO[Window(Weather).Property(Day3.Title)]</label>
					<label2>$INFO[Window(Weather).Property(Day3.LowTemp),Low ,°]    $INFO[Window(Weather).Property(Day3.HighTemp),High ,°]</label2>
					<icon>$INFO[Window(Weather).Property(Day3.FanartCode),weather/icons/,.png]</icon>
					<property name="Fanart">$INFO[Window(Weather).Property(Day3.FanartCode),weather/home/,.jpg]</property>
					<property name="Outlook">$INFO[Window(Weather).Property(Day3.Outlook)]</property>
					<visible>!IsEmpty(Window(Weather).Property(Day3.Outlook))</visible>
				</item>
				<item>
					<onclick>noop</onclick>
					<label>$INFO[Window(Weather).Property(Day4.Title)]</label>
					<label2>$INFO[Window(Weather).Property(Day4.LowTemp),Low ,°]    $INFO[Window(Weather).Property(Day4.HighTemp),High ,°]</label2>
					<icon>$INFO[Window(Weather).Property(Day4.FanartCode),weather/icons/,.png]</icon>
					<property name="Fanart">$INFO[Window(Weather).Property(Day4.FanartCode),weather/home/,.jpg]</property>
					<property name="Outlook">$INFO[Window(Weather).Property(Day4.Outlook)]</property>
					<visible>!IsEmpty(Window(Weather).Property(Day4.Outlook))</visible>
				</item>
			</content>
		</control>
		<!-- Settings widget -->
		<control id="900" type="fixedlist">
			<left>133</left>
			<top>289</top>
			<width>2200</width>
			<height>497</height>
			<focusposition>1</focusposition>
			<viewtype label="">list</viewtype>
			<orientation>horizontal</orientation>
			<include>WindowHomeFadeAnimation</include>
			<include>HomeWidgetsAnimation</include>
			<visible>StringCompare(Container(9000).ListItem.Property(defaultID),settings)</visible>
			<itemlayout height="497" width="300">
				<control type="group">
					<animation center="134,240" condition="True" effect="zoom" end="84.5" start="84.5">Conditional</animation>
					<control type="image">
						<left>-24</left>
						<width>333</width>
						<height>497</height>
						<texture border="1,1,14,18">settings/settings_tile.png</texture>
					</control>
					<control type="label">
						<left>-10</left>
						<top>28</top>
						<width>276</width>
						<height>32</height>
						<font>Bold34</font>
						<textcolor>ffdadada</textcolor>
						<label>$INFO[ListItem.Label]</label>
					</control>
					<control type="image">
						<left>-13</left>
						<top>123</top>
						<width>300</width>
						<height>300</height>
						<aspectratio align="center" aligny="center">keep</aspectratio>
						<texture background="true">$INFO[ListItem.Icon]</texture>
					</control>
				</control>
			</itemlayout>
			<focusedlayout height="497" width="300">
				<control type="group">
					<animation center="134,240" condition="True" effect="zoom" end="84.5" start="84.5">Conditional</animation>
					<control type="image">
						<left>-24</left>
						<width>333</width>
						<height>497</height>
						<texture border="1,1,14,18">settings/settings_tile.png</texture>
					</control>
					<control type="label">
						<left>-10</left>
						<top>28</top>
						<width>276</width>
						<height>32</height>
						<font>Bold34</font>
						<textcolor>ffdadada</textcolor>
						<label>$INFO[ListItem.Label]</label>
					</control>
					<control type="image">
						<left>-13</left>
						<top>123</top>
						<width>300</width>
						<height>300</height>
						<aspectratio align="center" aligny="center">keep</aspectratio>
						<texture background="true">$INFO[ListItem.Icon]</texture>
					</control>
				</control>
			</focusedlayout>
			<content>
				<item>
					<onclick>noop</onclick>
					<label>480</label>
					<icon>settings/icon_appearance.png</icon>
				</item>
				<item>
					<onclick>noop</onclick>
					<label>24001</label>
					<icon>settings/icon_addons.png</icon>
				</item>
				<item>
					<onclick>noop</onclick>
					<label>3</label>
					<icon>settings/icon_videos.png</icon>
				</item>
				<item>
					<onclick>noop</onclick>
					<label>2</label>
					<icon>settings/icon_music.png</icon>
				</item>
				<item>
					<onclick>noop</onclick>
					<label>8</label>
					<icon>settings/icon_weather.png</icon>
				</item>
			</content>
		</control>
	</controls>
</window>