<?xml version="1.0" encoding="UTF-8"?>
<window>
	<!-- script-skinshortcuts -->
	<defaultcontrol always="true">10</defaultcontrol>
	<controls>
		<!-- Move down -->
		<control type="button" id="304">
			<include>HiddenControl</include>
			<onleft>noop</onleft>
			<onright>303</onright>
			<onup>Control.Move(211,-1)</onup>
			<ondown>Control.Move(211,1)</ondown>
		</control>
		<!-- Move up -->
		<control type="button" id="303">
			<include>HiddenControl</include>
			<onleft>304</onleft>
			<onright>9000</onright>
			<onup>Control.Move(211,-1)</onup>
			<ondown>Control.Move(211,1)</ondown>
		</control>
		<include>DialogBackgroundImage</include>
		<!-- Main group -->
		<control type="group">
			<left>190</left>
			<top>174</top>
			<width>1540</width>
			<height>664</height>
			<include>DialogZoomAnimation</include>
			<control type="image">
				<width>1540</width>
				<height>664</height>
				<texture>dialogs/skin_shortcuts_back.png</texture>
			</control>
			<!-- Heading -->
			<control type="label" id="500">
				<left>40</left>
				<top>14</top>
				<height>30</height>
				<width>1540</width>
				<aligny>center</aligny>
				<font>Bold30</font>
				<label>21432</label>
				<textcolor>ffdadada</textcolor>
				<visible>StringCompare(Window.Property(groupname), mainmenu)</visible>
			</control>
			<control type="label">
				<left>40</left>
				<top>14</top>
				<height>30</height>
				<width>1540</width>
				<aligny>center</aligny>
				<font>Bold30</font>
				<label>$LOCALIZE[31114]</label>
				<textcolor>ffdadada</textcolor>
				<visible>StringCompare(Window.Property(groupname), shutdown)</visible>
			</control>
			<!-- Left list -->
			<control type="list" id="211">
				<top>60</top>
				<width>670</width>
				<height>504</height>
				<onleft>noop</onleft>
				<onright>304</onright>
				<onup>noop</onup>
				<ondown>9001</ondown>
				<scrolltime>0</scrolltime>
				<itemlayout height="84" width="670">
					<control type="image">
						<width>670</width>
						<height>84</height>
						<texture border="3">settings/button_no_focus.png</texture>
					</control>
					<control type="label">
						<left>40</left>
						<width>590</width>
						<height>84</height>
						<font>Light32</font>
						<textcolor>ff505153</textcolor>
						<label>$INFO[ListItem.Label]</label>
					</control>
					<control type="label">
						<left>40</left>
						<width>590</width>
						<height>84</height>
						<font>Light32</font>
						<align>right</align>
						<textcolor>ff505153</textcolor>
						<label>$INFO[Container(211).ListItem.Property(list)]</label>
					</control>
				</itemlayout>
				<focusedlayout height="84" width="670">
					<control type="image">
						<width>670</width>
						<height>84</height>
						<texture border="3">settings/button_focus.png</texture>
					</control>
					<control type="label">
						<left>40</left>
						<width>590</width>
						<height>84</height>
						<font>Light32</font>
						<textcolor>ffffaf37</textcolor>
						<label>$INFO[ListItem.Label]</label>
						<visible>Control.HasFocus(303) | Control.HasFocus(304)</visible>
					</control>
					<control type="label">
						<left>40</left>
						<width>590</width>
						<height>84</height>
						<font>Light32</font>
						<textcolor>ffffffff</textcolor>
						<label>$INFO[ListItem.Label]</label>
						<visible>!Control.HasFocus(303) + !Control.HasFocus(304)</visible>
					</control>
					<control type="image">
						<top>31</top>
						<left>566</left>
						<width>32</width>
						<height>21</height>
						<texture>dialogs/SpinDownNF.png</texture>
						<visible>!Control.HasFocus(304)</visible>
					</control>
					<control type="image">
						<top>31</top>
						<left>598</left>
						<width>32</width>
						<height>21</height>
						<texture>dialogs/SpinUpNF.png</texture>
						<visible>!Control.HasFocus(303)</visible>
					</control>
					<control type="image">
						<top>31</top>
						<left>566</left>
						<width>32</width>
						<height>21</height>
						<texture>dialogs/SpinDownFO.png</texture>
						<visible>Control.HasFocus(304)</visible>
					</control>
					<control type="image">
						<top>31</top>
						<left>598</left>
						<width>32</width>
						<height>21</height>
						<texture>dialogs/SpinUpFO.png</texture>
						<visible>Control.HasFocus(303)</visible>
					</control>
				</focusedlayout>
			</control>
			<!-- Right grouplist -->
			<control type="grouplist" id="9000">
				<left>670</left>
				<top>60</top>
				<width>870</width>
				<height>588</height>
				<itemgap>0</itemgap>
				<onleft>303</onleft>
				<onright>noop</onright>
				<onup>noop</onup>
				<ondown>9001</ondown>
				<orientation>vertical</orientation>
				<usecontrolcoords>true</usecontrolcoords>
				<scrolltime tween="sine" easing="out">240</scrolltime>
				<!-- Change shortcut -->
				<control type="button" id="401">
					<width>870</width>
					<height>84</height>
					<font>Light32</font>
					<textwidth>790</textwidth>
					<textoffsetx>40</textoffsetx>
					<textcolor>ff505153</textcolor>
					<focusedcolor>ffffaf37</focusedcolor>
					<texturefocus border="3">settings/button_focus.png</texturefocus>
					<texturenofocus border="3">settings/button_no_focus.png</texturenofocus>
					<label>$ADDON[script.skinshortcuts 32048]</label>
				</control>
				<!-- Change label -->
				<control type="button" id="305">
					<width>870</width>
					<height>84</height>
					<font>Light32</font>
					<textwidth>790</textwidth>
					<textoffsetx>40</textoffsetx>
					<textcolor>ff505153</textcolor>
					<focusedcolor>ffffaf37</focusedcolor>
					<texturefocus border="3">settings/button_focus.png</texturefocus>
					<texturenofocus border="3">settings/button_no_focus.png</texturenofocus>
					<label>$ADDON[script.skinshortcuts 32025]</label>
					<label2>$INFO[Container(211).ListItem.Label]</label2>
				</control>
				<!-- Change action -->
				<control type="button" id="307">
					<width>870</width>
					<height>84</height>
					<font>Light32</font>
					<textwidth>790</textwidth>
					<textoffsetx>40</textoffsetx>
					<textcolor>ff505153</textcolor>
					<focusedcolor>ffffaf37</focusedcolor>
					<texturefocus border="3">settings/button_focus.png</texturefocus>
					<texturenofocus border="3">settings/button_no_focus.png</texturenofocus>
					<label>$ADDON[script.skinshortcuts 32027]</label>
					<label2>$INFO[Container(211).ListItem.Property(displaypath)]</label2>
				</control>
				<control id="997" type="button">
					<width>870</width>
					<height>84</height>
					<font>Light32</font>
					<textwidth>790</textwidth>
					<textoffsetx>40</textoffsetx>
					<textcolor>DisabledColor</textcolor>
					<focusedcolor>DisabledColor</focusedcolor>
					<texturefocus border="3">settings/button_focus.png</texturefocus>
					<texturenofocus border="3">settings/button_no_focus.png</texturenofocus>
					<label>$ADDON[script.skinshortcuts 32072] #$INFO[Container(211).CurrentItem]</label>
					<visible>IntegerGreaterThan(Container(211).CurrentItem,8) | StringCompare(Container(211).ListItem.Property(defaultID),settings) | StringCompare(Container(211).ListItem.Property(defaultID),weather) | StringCompare(Container(211).ListItem.Property(defaultID),favourites)</visible>
				</control>
				<!-- Manage widgets -->
				<control id="998" type="button">
					<width>870</width>
					<height>84</height>
					<font>Light32</font>
					<textwidth>790</textwidth>
					<textoffsetx>40</textoffsetx>
					<textcolor>ff505153</textcolor>
					<focusedcolor>ffffaf37</focusedcolor>
					<texturefocus border="3">settings/button_focus.png</texturefocus>
					<texturenofocus border="3">settings/button_no_focus.png</texturenofocus>
					<label>$ADDON[script.skinshortcuts 32072] #$INFO[Container(211).CurrentItem]</label>
					<onclick condition="StringCompare(Container(211).CurrentItem,1)">SetProperty(SubMenu,1,home)</onclick>
					<onclick condition="StringCompare(Container(211).CurrentItem,2)">SetProperty(SubMenu,2,home)</onclick>
					<onclick condition="StringCompare(Container(211).CurrentItem,3)">SetProperty(SubMenu,3,home)</onclick>
					<onclick condition="StringCompare(Container(211).CurrentItem,4)">SetProperty(SubMenu,4,home)</onclick>
					<onclick condition="StringCompare(Container(211).CurrentItem,5)">SetProperty(SubMenu,5,home)</onclick>
					<onclick condition="StringCompare(Container(211).CurrentItem,6)">SetProperty(SubMenu,6,home)</onclick>
					<onclick condition="StringCompare(Container(211).CurrentItem,7)">SetProperty(SubMenu,7,home)</onclick>
					<onclick condition="StringCompare(Container(211).CurrentItem,8)">SetProperty(SubMenu,8,home)</onclick>
					<visible>!IntegerGreaterThan(Container(211).CurrentItem,8) + !StringCompare(Container(211).ListItem.Property(defaultID),settings) + !StringCompare(Container(211).ListItem.Property(defaultID),weather) + !StringCompare(Container(211).ListItem.Property(defaultID),favourites)</visible>
					<onclick>ActivateWindow(1105)</onclick>
				</control>
				<!-- Remove -->
				<control type="button" id="302">
					<width>870</width>
					<height>84</height>
					<font>Light32</font>
					<textwidth>790</textwidth>
					<textoffsetx>40</textoffsetx>
					<textcolor>ff505153</textcolor>
					<focusedcolor>ffffaf37</focusedcolor>
					<texturefocus border="3">settings/button_focus.png</texturefocus>
					<texturenofocus border="3">settings/button_no_focus.png</texturenofocus>
					<label>-</label>
				</control>
				<!-- Add item -->
				<control type="button" id="301">
					<width>870</width>
					<height>84</height>
					<font>Light32</font>
					<textwidth>790</textwidth>
					<textoffsetx>40</textoffsetx>
					<textcolor>ff505153</textcolor>
					<focusedcolor>ffffaf37</focusedcolor>
					<texturefocus border="3">settings/button_focus.png</texturefocus>
					<texturenofocus border="3">settings/button_no_focus.png</texturenofocus>
					<label>$ADDON[script.skinshortcuts 32000]</label>
				</control>
			</control>
			<!-- Button grouplist -->
			<control type="grouplist" id="9001">
				<left>0</left>
				<bottom>12</bottom>
				<width>1540</width>
				<height>76</height>
				<itemgap>0</itemgap>
				<onleft>noop</onleft>
				<onright>noop</onright>
				<onup>9000</onup>
				<ondown>noop</ondown>
				<align>center</align>
				<orientation>horizontal</orientation>
				<!-- Reset -->
				<control type="button" id="308">
					<width>320</width>
					<height>76</height>
					<align>center</align>
					<aligny>top</aligny>
					<font>Med24</font>
					<onup>303</onup>
					<textoffsetx>23</textoffsetx>
					<textoffsety>27</textoffsety>
					<label>$ADDON[script.skinshortcuts 32028]</label>
				</control>
				<!-- Cancel Button -->
				<control type="button" id="21">
					<width>320</width>
					<height>76</height>
					<align>center</align>
					<aligny>top</aligny>
					<font>Med24</font>
					<textoffsetx>23</textoffsetx>
					<textoffsety>27</textoffsety>
					<label>222</label>
					<onclick>Close</onclick>
				</control>
				<!-- OK Button -->
				<control type="button" id="10">
					<width>320</width>
					<height>76</height>
					<align>center</align>
					<aligny>top</aligny>
					<font>Med24</font>
					<textoffsetx>23</textoffsetx>
					<textoffsety>27</textoffsety>
					<label>186</label>
					<onback>RunScript(script.skinshortcuts,type=buildxml&amp;mainmenuID=9000&amp;levels=5&amp;group=mainmenu|shutdown)</onback>
					<onclick>RunScript(script.skinshortcuts,type=buildxml&amp;mainmenuID=9000&amp;levels=0&amp;group=mainmenu|shutdown)</onclick>
					<onclick>Close</onclick>
				</control>
			</control>
		</control>
	</controls>
</window>