<?xml version="1.0" encoding="UTF-8"?>
<includes>
	<include name="Viewtype54">
		<control type="group">
			<include>VisibleDelayFadeAnimation</include>
			<visible>Control.IsVisible(54)</visible>
			<!-- Album image -->
			<control type="group">
				<left>144</left>
				<top>96</top>
				<control type="image">
					<top>48</top>
					<width>480</width>
					<height>480</height>
					<aspectratio align="center">scale</aspectratio>
					<texture background="true" fallback="DefaultAlbumCover.png">$INFO[ListItem.Icon]</texture>
				</control>
				<control type="image">
					<left>-48</left>
					<centertop>288</centertop>
					<width>576</width>
					<height>576</height>
					<texture border="51">views/shadow_fo.png</texture>
				</control>
			</control>
			<!-- Artist / Album -->
			<control type="group">
				<left>691</left>
				<top>138</top>
				<control type="label">
					<width>840</width>
					<height>48</height>
					<font>Med48</font>
					<textcolor>ffbebebe</textcolor>
					<label>$INFO[Container.FolderName]</label>
				</control>
				<control type="label">
					<top>57</top>
					<width>840</width>
					<height>32</height>
					<font>Med32</font>
					<textcolor>ffbebebe</textcolor>
					<label>$VAR[AlbumArtistName]</label>
				</control>
			</control>
			<!-- List -->
			<control id="54" type="fixedlist">
				<left>668</left>
				<top>292</top>
				<width>1000</width>
				<height>900</height>
				<onup>noop</onup>
				<ondown>noop</ondown>
				<onleft>2001</onleft>
				<onright>noop</onright>
				<focusposition>1</focusposition>
				<orientation>vertical</orientation>
				<viewtype label="535">list</viewtype>
				<scrolltime>0</scrolltime>
				<visible>Container.Content(songs)</visible>
				<animation condition="[!system.getbool(filelists.showparentdiritems) + StringCompare(Container(54).CurrentItem,1)] | [system.getbool(filelists.showparentdiritems) + StringCompare(Container(54).CurrentItem,0)]" effect="slide" end="0,-101" start="0,0">Conditional</animation>
				<itemlayout height="101" width="1000">
					<control type="label">
						<width>68</width>
						<height>31</height>
						<font>Light32</font>
						<align>center</align>
						<textcolor>ff646668</textcolor>
						<label>$INFO[ListItem.TrackNumber]</label>
					</control>
					<control type="label">
						<left>89</left>
						<width>892</width>
						<height>31</height>
						<font>Light32</font>
						<textcolor>ffd8d8d8</textcolor>
						<label>$INFO[ListItem.Title]</label>
						<visible>!StringCompare(ListItem.Label,..) + !IsEmpty(ListItem.Title)</visible>
					</control>
					<control type="label">
						<left>89</left>
						<width>892</width>
						<height>31</height>
						<font>Light32</font>
						<textcolor>ffd8d8d8</textcolor>
						<label>$INFO[ListItem.Label]</label>
						<visible>StringCompare(ListItem.Label,..) | IsEmpty(ListItem.Title)</visible>
					</control>
					<control type="label">
						<left>89</left>
						<width>892</width>
						<height>31</height>
						<font>Light32</font>
						<align>right</align>
						<textcolor>ff636466</textcolor>
						<label>$INFO[ListItem.Duration]</label>
					</control>
					<control type="label">
						<left>89</left>
						<top>35</top>
						<width>892</width>
						<height>28</height>
						<font>Light28</font>
						<textcolor>ff636466</textcolor>
						<label>$INFO[ListItem.Artist]</label>
						<visible>!StringCompare(ListItem.AlbumArtist,ListItem.Artist)</visible>
					</control>
				</itemlayout>
				<focusedlayout height="101" width="1000">
					<control type="label">
						<width>68</width>
						<height>31</height>
						<font>Light32</font>
						<align>center</align>
						<textcolor>ffe9a01e</textcolor>
						<selectedcolor>ffe9a01e</selectedcolor>
						<label>$INFO[ListItem.TrackNumber]</label>
					</control>
					<control type="label">
						<left>89</left>
						<width>892</width>
						<height>31</height>
						<font>Light32</font>
						<textcolor>ffe9a01e</textcolor>
						<selectedcolor>ffe9a01e</selectedcolor>
						<label>$INFO[ListItem.Title]</label>
						<visible>!StringCompare(ListItem.Label,..) + !IsEmpty(ListItem.Title)</visible>
					</control>
					<control type="label">
						<left>89</left>
						<width>892</width>
						<height>31</height>
						<font>Light32</font>
						<textcolor>ffe9a01e</textcolor>
						<selectedcolor>ffe9a01e</selectedcolor>
						<label>$INFO[ListItem.Label]</label>
						<visible>StringCompare(ListItem.Label,..) | IsEmpty(ListItem.Title)</visible>
					</control>
					<control type="label">
						<left>89</left>
						<width>892</width>
						<height>31</height>
						<font>Light32</font>
						<align>right</align>
						<textcolor>ffe9a01e</textcolor>
						<selectedcolor>ffe9a01e</selectedcolor>
						<label>$INFO[ListItem.Duration]</label>
					</control>
					<control type="label">
						<left>89</left>
						<top>35</top>
						<width>892</width>
						<height>28</height>
						<font>Light28</font>
						<textcolor>ffe9a01e</textcolor>
						<selectedcolor>ffe9a01e</selectedcolor>
						<label>$INFO[ListItem.Artist]</label>
						<visible>!StringCompare(ListItem.AlbumArtist,ListItem.Artist)</visible>
					</control>
				</focusedlayout>
			</control>
			<!-- Lower group -->
			<control type="group">
				<left>142</left>
				<top>648</top>
				<include>VisibleDelayFadeAnimation</include>
				<!-- Controls -->
				<control type="group">
					<!-- Dummy to always set focus to first visible button -->
					<control id="2001" type="button">
						<width>-8</width>
						<height>0</height>
						<label>-</label>
						<onfocus>SetFocus(2002)</onfocus>
						<include>NoTextures</include>
						<visible>!Control.HasFocus(2002) + !Control.HasFocus(2003) + !Control.HasFocus(2004) + !Control.HasFocus(2005) + !Control.HasFocus(20)</visible>
					</control>
					<control id="2002" type="button">
						<width>239</width>
						<height>100</height>
						<onleft>Back</onleft>
						<onright>20</onright>
						<onup>50</onup>
						<ondown>2003</ondown>
						<onclick>SetFocus(50)</onclick>
						<onclick>Info</onclick>
						<onclick>SetProperty(OpenMusicInformation,1,home)</onclick>
						<font>Med24</font>
						<label>$VAR[MusicType][CR]Information</label>
						<textoffsetx>20</textoffsetx>
						<textcolor>ffdadada</textcolor>
						<focusedcolor>ff222222</focusedcolor>
						<texturefocus border="3,5,6,8">views/button_fo.png</texturefocus>
						<texturenofocus border="3,3,6,6">views/button_nf.png</texturenofocus>
						<visible>!StringCompare(ListItem.Label,..)</visible>
					</control>
					<control id="2003" type="button">
						<top>110</top>
						<width>239</width>
						<height>100</height>
						<onleft>Back</onleft>
						<onright>2004</onright>
						<onup>2002</onup>
						<ondown>2005</ondown>
						<onclick>ReplaceWindow(MusicFiles)</onclick>
						<font>Med24</font>
						<label>$LOCALIZE[31087]</label>
						<textoffsetx>20</textoffsetx>
						<textcolor>ffdadada</textcolor>
						<focusedcolor>ff222222</focusedcolor>
						<texturefocus border="3,5,6,8">views/button_fo.png</texturefocus>
						<texturenofocus border="3,3,6,6">views/button_nf.png</texturenofocus>
					</control>
					<control id="2004" type="button">
						<left>247</left>
						<top>110</top>
						<width>239</width>
						<height>100</height>
						<onleft>2003</onleft>
						<onright>50</onright>
						<onup>20</onup>
						<ondown>3000</ondown>
						<onclick>SetFocus(5001)</onclick>
						<font>Med24</font>
						<label>$LOCALIZE[31089]</label>
						<textoffsetx>20</textoffsetx>
						<textcolor>ffdadada</textcolor>
						<focusedcolor>ff222222</focusedcolor>
						<texturefocus border="3,5,6,8">views/button_fo.png</texturefocus>
						<texturenofocus border="3,3,6,6">views/button_nf.png</texturenofocus>
					</control>
					<control id="2005" type="button">
						<top>220</top>
						<width>239</width>
						<height>100</height>
						<onleft>Back</onleft>
						<onright>50</onright>
						<onup>2003</onup>
						<ondown>noop</ondown>
						<onclick condition="!StringCompare(Playlist.Length(music),0)">ActivateWindow(musicplaylist)</onclick>
						<font>Med24</font>
						<label>$LOCALIZE[31088]</label>
						<textoffsetx>20</textoffsetx>
						<textcolor>ffdadada</textcolor>
						<focusedcolor>ff222222</focusedcolor>
						<visible>!StringCompare(Playlist.Length(music),0)</visible>
						<texturefocus border="3,5,6,8">views/button_fo.png</texturefocus>
						<texturenofocus border="3,3,6,6">views/button_nf.png</texturenofocus>
					</control>
					<control id="20" type="togglebutton">
						<left>247</left>
						<width>239</width>
						<height>100</height>
						<onleft>2002</onleft>
						<onright>50</onright>
						<onup>50</onup>
						<ondown>2004</ondown>
						<onclick>SetFocus(50)</onclick>
						<font>Med24</font>
						<label>$LOCALIZE[31090]</label>
						<altlabel>$LOCALIZE[31091]</altlabel>
						<textoffsetx>20</textoffsetx>
						<textcolor>ffdadada</textcolor>
						<focusedcolor>ff222222</focusedcolor>
						<visible>Control.IsEnabled(20)</visible>
						<usealttexture>Library.IsScanningMusic</usealttexture>
						<texturefocus border="3,5,6,8">views/button_fo.png</texturefocus>
						<texturenofocus border="3,3,6,6">views/button_nf.png</texturenofocus>
						<alttexturefocus border="3,5,6,8">views/button_fo.png</alttexturefocus>
						<alttexturenofocus border="3,3,6,6">views/button_nf.png</alttexturenofocus>
					</control>
				</control>
				<!-- Details -->
				<control type="group">
					<visible>!Control.IsVisible(54)</visible>
					<control type="textbox">
						<top>107</top>
						<width>1192</width>
						<height>120</height>
						<align>left</align>
						<font>Light32</font>
						<pagecontrol>98</pagecontrol>
						<autoscroll>false</autoscroll>
						<textcolor>ffbcbcbc</textcolor>
						<label>[COLOR 00ffffff][B]$INFO[ListItem.Label,,---][/B][/COLOR]$INFO[ListItem.Label2]</label>
					</control>
					<control type="textbox">
						<top>97</top>
						<width>1192</width>
						<height>120</height>
						<align>left</align>
						<font>Bold32</font>
						<textcolor>ffbcbcbc</textcolor>
						<label>$INFO[ListItem.Label]</label>
					</control>
					<control id="98" type="scrollbar">
						<top>105</top>
						<width>1192</width>
						<height>120</height>
						<showonepage>false</showonepage>
						<orientation>vertical</orientation>
					</control>
					<!-- More button -->
					<control id="3000" type="button">
						<left>1194</left>
						<top>192</top>
						<width>37</width>
						<height>23</height>
						<onup>2000</onup>
						<ondown>noop</ondown>
						<onleft>50</onleft>
						<onright>50</onright>
						<onclick>RunScript(script.toolbox,info=textviewer,header=$INFO[ListItem.Label],text='"$INFO[ListItem.Label2]"')</onclick>
						<visible>Control.IsVisible(98)</visible>
						<texturefocus>views/more_fo.png</texturefocus>
						<texturenofocus>views/more_nf.png</texturenofocus>
						<visible>!Window.IsVisible(textviewer)</visible>
					</control>
					<!-- More button -->
					<control type="image">
						<left>1194</left>
						<top>192</top>
						<width>37</width>
						<height>23</height>
						<texture>views/more_nf.png</texture>
						<visible>Window.IsVisible(textviewer)</visible>
					</control>
				</control>
				<!-- Time -->
				<control type="textbox">
					<top>105</top>
					<width>1192</width>
					<height>120</height>
					<align>left</align>
					<font>Light32</font>
					<pagecontrol>98</pagecontrol>
					<autoscroll>false</autoscroll>
					<textcolor>ffbcbcbc</textcolor>
					<label>$INFO[ListItem.Label2]</label>
					<visible>Window.IsVisible(musicplaylist)</visible>
				</control>
			</control>
		</control>
	</include>
</includes>