<?xml version="1.0" encoding="UTF-8"?>
<window>
    <defaultcontrol always="true">10</defaultcontrol>
    <coordinates>
        <system>1</system>
        <left>502</left>
        <top>345</top>
    </coordinates>
    <include>dialogeffect</include>
    <controls>
        <control type="image">
            <left>0</left>
            <top>0</top>
            <width>915</width>
            <height>360</height>
            <texture border="40">DialogBack.png</texture>
        </control>
        <control type="image">
            <description>Dialog Header image</description>
            <left>60</left>
            <top>24</top>
            <width>795</width>
            <height>60</height>
            <texture>dialogheader.png</texture>
        </control>
        <control type="label" id="1">
            <description>fake heading label</description>
            <left>0</left>
            <top>0</top>
            <width>0</width>
            <height>0</height>
            <font>-</font>
            <visible>false</visible>
        </control>
        <control type="label">
            <description>header label</description>
            <left>60</left>
            <top>30</top>
            <width>795</width>
            <height>45</height>
            <font>font13_title</font>
            <label>$INFO[Control.GetLabel(1)] $INFO[System.Progressbar,- ,%]</label>
            <align>center</align>
            <aligny>center</aligny>
            <textcolor>selected</textcolor>
            <shadowcolor>black</shadowcolor>
        </control>
        <control type="button">
            <description>Close Window button</description>
            <left>780</left>
            <top>22</top>
            <width>96</width>
            <height>48</height>
            <label>-</label>
            <font>-</font>
            <onclick>PreviousMenu</onclick>
            <texturefocus>DialogCloseButton-focus.png</texturefocus>
            <texturenofocus>DialogCloseButton.png</texturenofocus>
            <onleft>10</onleft>
            <onright>10</onright>
            <onup>10</onup>
            <ondown>10</ondown>
            <visible>system.getbool(input.enablemouse)</visible>
        </control>
        <control type="textbox" id="9">
            <description>text</description>
            <left>45</left>
            <top>90</top>
            <width>825</width>
            <height>120</height>
            <align>left</align>
            <label>-</label>
            <font>font13</font>
            <autoscroll time="3000" delay="4000" repeat="5000">true</autoscroll>
        </control>
        <control type="progress">
            <description>Progressbar</description>
            <left>45</left>
            <top>222</top>
            <width>825</width>
            <height>24</height>
            <info>System.Progressbar</info>
        </control>
        <control type="button" id="10">
            <description>Cancel button</description>
            <left>308</left>
            <top>262</top>
            <width>300</width>
            <height>60</height>
            <label>222</label>
            <font>font12_title</font>
            <textcolor>white</textcolor>
            <focusedcolor>white</focusedcolor>
            <align>center</align>
            <onleft>10</onleft>
            <onright>10</onright>
            <onup>10</onup>
            <ondown>10</ondown>
        </control>
    </controls>
</window>
