<?xml version="1.0" encoding="UTF-8"?>
<window>
    <defaultcontrol always="true">9000</defaultcontrol>
    <allowoverlay>no</allowoverlay>
    <onunload condition="Container(9000).Hasfocus(10) | Container(9000).Hasfocus(11) | ControlGroup(9010).HasFocus | ControlGroup(9016).HasFocus | ControlGroup(9017).HasFocus">SetProperty(VideosDirectLink,True)</onunload>
    <onunload condition="Control.HasFocus(9000) + Container(9000).Hasfocus(2)">ClearProperty(VideosDirectLink)</onunload>
    <controls>
        <include>CommonBackground</include>
        <control type="image">
            <left>0</left>
            <top>135r</top>
            <width>1920</width>
            <height>135</height>
            <texture>floor.png</texture>
            <animation effect="fade" time="250" condition="Window.Previous(Home)">WindowOpen</animation>
            <animation effect="fade" time="250" condition="Window.Next(Home)">WindowClose</animation>
        </control>
        <!--<control type="image">
			<description>LOGO</description>
			<left>10</left>
			<top>5</top>
			<width>270</width>
			<height>200</height>
			<aspectratio aligny="top" align="left">keep</aspectratio>
			<texture>kodi-logo.png</texture>
			<include>VisibleFadeEffect</include>
			<include>Window_OpenClose_Animation</include>
			<visible>!Skin.HasSetting(homepageWeatherinfo)</visible>
		</control>-->
        <!-- Music Info -->
        <control type="group">
            <left>0</left>
            <top>90</top>
            <visible>Player.HasAudio + !Skin.HasSetting(homepageMusicinfo)</visible>
            <include>VisibleFadeEffect</include>
            <include>Window_OpenClose_Animation</include>
            <control type="image">
                <description>Cover image</description>
                <left>30</left>
                <top>68</top>
                <width>195</width>
                <height>442</height>
                <aspectratio aligny="bottom">keep</aspectratio>
                <texture fallback="DefaultAlbumCover.png">$INFO[Player.Art(thumb)]</texture>
                <bordertexture border="8">ThumbBorder.png</bordertexture>
                <bordersize>5</bordersize>
            </control>
            <control type="label">
                <description>Album Label</description>
                <left>255</left>
                <top>398</top>
                <height>38</height>
                <width>1500</width>
                <label>$INFO[MusicPlayer.Artist,, - ]$INFO[MusicPlayer.Album]$INFO[musicplayer.discnumber, - $LOCALIZE[427]:]</label>
                <align>left</align>
                <aligny>center</aligny>
                <font>font12</font>
                <textcolor>white</textcolor>
                <shadowcolor>black</shadowcolor>
            </control>
            <control type="label">
                <description>Title label</description>
                <left>255</left>
                <top>428</top>
                <height>45</height>
                <width>1500</width>
                <label>$INFO[Player.Title]</label>
                <align>left</align>
                <aligny>center</aligny>
                <font>font13_title</font>
                <textcolor>white</textcolor>
                <shadowcolor>black</shadowcolor>
            </control>
            <control type="label">
                <description>Time Label</description>
                <left>255</left>
                <top>465</top>
                <height>45</height>
                <width>450</width>
                <label>$INFO[Player.Time]$INFO[Player.Duration,[COLOR=blue] / [/COLOR]]</label>
                <align>left</align>
                <aligny>center</aligny>
                <font>font12</font>
                <textcolor>white</textcolor>
                <shadowcolor>black</shadowcolor>
            </control>
        </control>
        <!-- LiveTV Info -->
        <control type="group">
            <left>735r</left>
            <top>105</top>
            <visible>Container(9000).HasFocus(12) + [PVR.IsRecording | PVR.HasNonRecordingTimer]</visible>
            <include>VisibleFadeEffect</include>
            <include>Window_OpenClose_Animation</include>
            <animation effect="fade" start="100" end="0" time="200" condition="Window.IsActive(Favourites)">conditional</animation>
            <control type="group">
                <animation effect="slide" start="0,0" end="0,150" time="0" condition="PVR.IsRecording">conditional</animation>
                <visible>PVR.HasNonRecordingTimer</visible>
                <control type="image">
                    <left>0</left>
                    <top>-8</top>
                    <width>735</width>
                    <height>135</height>
                    <texture>gradient.png</texture>
                </control>
                <control type="image">
                    <left>600</left>
                    <top>0</top>
                    <width>120</width>
                    <height>120</height>
                    <aspectratio>keep</aspectratio>
                    <texture background="true" fallback="DefaultVideoCover.png">$INFO[PVR.NextRecordingChannelIcon]</texture>
                    <bordertexture border="8">ThumbBorder.png</bordertexture>
                    <bordersize>4</bordersize>
                </control>
                <control type="image">
                    <left>548</left>
                    <top>8</top>
                    <width>38</width>
                    <height>38</height>
                    <aspectratio>keep</aspectratio>
                    <texture>PVR-HasTimer.png</texture>
                </control>
                <control type="label">
                    <description>Next Timer Header label</description>
                    <left>-68</left>
                    <top>8</top>
                    <height>38</height>
                    <width>600</width>
                    <label>$LOCALIZE[19157]</label>
                    <align>right</align>
                    <aligny>center</aligny>
                    <font>font12_title</font>
                    <textcolor>blue</textcolor>
                    <shadowcolor>black</shadowcolor>
                </control>
                <control type="label">
                    <description>NextRecordingDateTime</description>
                    <left>-15</left>
                    <top>45</top>
                    <height>38</height>
                    <width>600</width>
                    <label>$INFO[PVR.NextRecordingDateTime,$LOCALIZE[19126] - ]</label>
                    <align>right</align>
                    <aligny>center</aligny>
                    <font>font12</font>
                    <scroll>true</scroll>
                    <shadowcolor>black</shadowcolor>
                </control>
                <control type="label">
                    <description>NextRecordingTitle Channel</description>
                    <left>-615</left>
                    <top>75</top>
                    <height>38</height>
                    <width>1200</width>
                    <label>$INFO[PVR.NextRecordingTitle][COLOR=grey]$INFO[PVR.NextRecordingChannel, - [COLOR=blue]([/COLOR],[COLOR=blue])[/COLOR]][/COLOR]</label>
                    <align>right</align>
                    <aligny>center</aligny>
                    <font>font12_title</font>
                    <shadowcolor>black</shadowcolor>
                    <scroll>true</scroll>
                </control>
            </control>
            <control type="group">
                <visible>PVR.IsRecording</visible>
                <control type="image">
                    <left>0</left>
                    <top>-8</top>
                    <width>735</width>
                    <height>135</height>
                    <texture>gradient.png</texture>
                </control>
                <control type="image">
                    <left>600</left>
                    <top>0</top>
                    <width>120</width>
                    <height>120</height>
                    <aspectratio>keep</aspectratio>
                    <texture background="true" fallback="DefaultVideoCover.png">$INFO[PVR.NowRecordingChannelIcon]</texture>
                    <bordertexture border="8">ThumbBorder.png</bordertexture>
                    <bordersize>4</bordersize>
                </control>
                <control type="image">
                    <left>540</left>
                    <top>8</top>
                    <width>45</width>
                    <height>38</height>
                    <aspectratio>keep</aspectratio>
                    <texture>PVR-IsRecording.png</texture>
                </control>
                <control type="label">
                    <description>Is Recording Header label</description>
                    <left>-75</left>
                    <top>8</top>
                    <height>38</height>
                    <width>600</width>
                    <label>$LOCALIZE[19158]</label>
                    <align>right</align>
                    <aligny>center</aligny>
                    <font>font12_title</font>
                    <textcolor>blue</textcolor>
                    <shadowcolor>black</shadowcolor>
                </control>
                <control type="label">
                    <description>NextRecordingDateTime</description>
                    <left>-15</left>
                    <top>45</top>
                    <height>38</height>
                    <width>600</width>
                    <label>$INFO[PVR.NowRecordingDateTime,$LOCALIZE[19126] - ]</label>
                    <align>right</align>
                    <aligny>center</aligny>
                    <font>font12</font>
                    <scroll>true</scroll>
                    <shadowcolor>black</shadowcolor>
                </control>
                <control type="label">
                    <description>NextRecordingTitle Channel</description>
                    <left>-615</left>
                    <top>75</top>
                    <height>45</height>
                    <width>1200</width>
                    <label>$INFO[PVR.NowRecordingTitle][COLOR=grey]$INFO[PVR.NowRecordingChannel, - [COLOR=blue]([/COLOR],[COLOR=blue])[/COLOR]][/COLOR]</label>
                    <align>right</align>
                    <aligny>center</aligny>
                    <font>font12_title</font>
                    <shadowcolor>black</shadowcolor>
                    <scroll>true</scroll>
                </control>
            </control>
        </control>
        <!-- Video Info -->
        <control type="group">
            <left>0</left>
            <top>75</top>
            <visible>Player.HasVideo + !Skin.HasSetting(homepageVideoinfo)</visible>
            <include>VisibleFadeEffect</include>
            <include>Window_OpenClose_Animation</include>
            <control type="group">
                <visible>!VideoPlayer.Content(Movies) + !VideoPlayer.Content(Episodes) + !VideoPlayer.Content(LiveTV)</visible>
                <control type="image">
                    <description>Cover image</description>
                    <left>30</left>
                    <top>68</top>
                    <width>225</width>
                    <height>450</height>
                    <aspectratio aligny="bottom">keep</aspectratio>
                    <texture fallback="DefaultVideoCover.png">$INFO[Player.Art(thumb)]</texture>
                    <bordertexture border="8">ThumbBorder.png</bordertexture>
                    <bordersize>5</bordersize>
                </control>
                <control type="label">
                    <description>Title label</description>
                    <left>285</left>
                    <top>428</top>
                    <height>45</height>
                    <width>1500</width>
                    <label>$INFO[Player.Title]</label>
                    <align>left</align>
                    <aligny>center</aligny>
                    <font>font13_title</font>
                    <textcolor>white</textcolor>
                    <shadowcolor>black</shadowcolor>
                </control>
                <control type="label">
                    <description>Time Label</description>
                    <left>285</left>
                    <top>465</top>
                    <height>45</height>
                    <width>450</width>
                    <label>$INFO[Player.Time]$INFO[Player.Duration,[COLOR=blue] / [/COLOR]]</label>
                    <align>left</align>
                    <aligny>center</aligny>
                    <font>font12</font>
                    <textcolor>white</textcolor>
                    <shadowcolor>black</shadowcolor>
                </control>
            </control>
            <control type="group">
                <visible>VideoPlayer.Content(LiveTV)</visible>
                <control type="image">
                    <description>Cover image</description>
                    <left>30</left>
                    <top>68</top>
                    <width>180</width>
                    <height>450</height>
                    <aspectratio aligny="bottom">keep</aspectratio>
                    <texture fallback="DefaultVideoCover.png">$INFO[Player.Art(thumb)]</texture>
                    <bordertexture border="8">ThumbBorder.png</bordertexture>
                    <bordersize>5</bordersize>
                </control>
                <control type="label">
                    <description>Channel label</description>
                    <left>240</left>
                    <top>398</top>
                    <height>38</height>
                    <width>990</width>
                    <label>$INFO[VideoPlayer.ChannelName]</label>
                    <align>left</align>
                    <aligny>center</aligny>
                    <font>font12</font>
                    <textcolor>white</textcolor>
                    <shadowcolor>black</shadowcolor>
                </control>
                <control type="label">
                    <description>Title label</description>
                    <left>240</left>
                    <top>428</top>
                    <height>45</height>
                    <width>1500</width>
                    <label>$INFO[Player.Title]</label>
                    <align>left</align>
                    <aligny>center</aligny>
                    <font>font13_title</font>
                    <textcolor>white</textcolor>
                    <shadowcolor>black</shadowcolor>
                </control>
                <control type="label">
                    <description>Time Label</description>
                    <left>240</left>
                    <top>465</top>
                    <height>45</height>
                    <width>450</width>
                    <label>$INFO[Player.Time]$INFO[Player.Duration,[COLOR=blue] / [/COLOR]]</label>
                    <align>left</align>
                    <aligny>center</aligny>
                    <font>font12</font>
                    <textcolor>white</textcolor>
                    <shadowcolor>black</shadowcolor>
                </control>
            </control>
            <control type="group">
                <visible>VideoPlayer.Content(Movies)</visible>
                <control type="image">
                    <description>Cover image</description>
                    <left>30</left>
                    <top>68</top>
                    <width>180</width>
                    <height>450</height>
                    <aspectratio aligny="bottom">keep</aspectratio>
                    <texture fallback="DefaultVideoCover.png">$INFO[Player.Art(thumb)]</texture>
                    <bordertexture border="8">ThumbBorder.png</bordertexture>
                    <bordersize>5</bordersize>
                </control>
                <control type="label">
                    <description>Studio label</description>
                    <left>240</left>
                    <top>398</top>
                    <height>38</height>
                    <width>1500</width>
                    <label>$INFO[VideoPlayer.Studio]</label>
                    <align>left</align>
                    <aligny>center</aligny>
                    <font>font12</font>
                    <textcolor>white</textcolor>
                    <shadowcolor>black</shadowcolor>
                </control>
                <control type="label">
                    <description>Title label</description>
                    <left>240</left>
                    <top>428</top>
                    <height>45</height>
                    <width>1500</width>
                    <label>$INFO[Player.Title]$INFO[VideoPlayer.Year,[COLOR=grey] (,)[/COLOR]]</label>
                    <align>left</align>
                    <aligny>center</aligny>
                    <font>font13_title</font>
                    <textcolor>white</textcolor>
                    <shadowcolor>black</shadowcolor>
                </control>
                <control type="label">
                    <description>Time Label</description>
                    <left>240</left>
                    <top>465</top>
                    <height>45</height>
                    <width>450</width>
                    <label>$INFO[Player.Time]$INFO[Player.Duration,[COLOR=blue] / [/COLOR]]</label>
                    <align>left</align>
                    <aligny>center</aligny>
                    <font>font12</font>
                    <textcolor>white</textcolor>
                    <shadowcolor>black</shadowcolor>
                </control>
            </control>
            <control type="group">
                <visible>VideoPlayer.Content(Episodes)</visible>
                <control type="image">
                    <description>Cover image</description>
                    <left>30</left>
                    <top>338</top>
                    <width>270</width>
                    <height>180</height>
                    <aspectratio>scale</aspectratio>
                    <texture fallback="DefaultVideoCover.png">$INFO[Player.Art(thumb)]</texture>
                    <bordertexture border="8">ThumbBorder.png</bordertexture>
                    <bordersize>5</bordersize>
                </control>
                <control type="label">
                    <description>TV Show Season Ep Label</description>
                    <left>315</left>
                    <top>398</top>
                    <height>38</height>
                    <width>1500</width>
                    <label>$INFO[VideoPlayer.TVShowTitle] ($INFO[VideoPlayer.Season,$LOCALIZE[20373] , - ]$INFO[VideoPlayer.episode,$LOCALIZE[20359] ,])</label>
                    <align>left</align>
                    <aligny>center</aligny>
                    <font>font12</font>
                    <textcolor>white</textcolor>
                    <shadowcolor>black</shadowcolor>
                </control>
                <control type="label">
                    <description>Title label</description>
                    <left>315</left>
                    <top>428</top>
                    <height>45</height>
                    <width>1500</width>
                    <label>$INFO[Player.Title]</label>
                    <align>left</align>
                    <aligny>center</aligny>
                    <font>font13_title</font>
                    <textcolor>white</textcolor>
                    <shadowcolor>black</shadowcolor>
                </control>
                <control type="label">
                    <description>Time Label</description>
                    <left>315</left>
                    <top>465</top>
                    <height>45</height>
                    <width>450</width>
                    <label>$INFO[Player.Time]$INFO[Player.Duration,[COLOR=blue] / [/COLOR]]</label>
                    <align>left</align>
                    <aligny>center</aligny>
                    <font>font12</font>
                    <textcolor>white</textcolor>
                    <shadowcolor>black</shadowcolor>
                </control>
            </control>
        </control>
        <include condition="!Skin.HasSetting(HomepageHideRecentlyAddedVideo) | !Skin.HasSetting(HomepageHideRecentlyAddedAlbums)">HomeRecentlyAddedInfo</include>
        <control type="button" id="9003">
            <description>Hidden Button to pass through navigation when recently added is disabled</description>
            <left>-30</left>
            <top>-30</top>
            <width>1</width>
            <height>1</height>
            <label>-</label>
            <font>-</font>
            <texturefocus>-</texturefocus>
            <texturenofocus>-</texturenofocus>
            <onleft>9000</onleft>
            <onright>9000</onright>
            <onup>20</onup>
            <ondown>608</ondown>
            <visible>false</visible>
        </control>
        <control type="group">
            <description>Controls for currently playing media</description>
            <left>818r</left>
            <top>555</top>
            <animation effect="slide" start="0,0" end="548,0" time="300" condition="!Player.HasMedia">conditional</animation>
            <animation type="WindowOpen" reversible="false">
                <effect type="zoom" start="80" end="100" center="960,540" easing="out" tween="back" time="300" />
                <effect type="fade" start="0" end="100" time="300" />
            </animation>
            <animation type="WindowClose" reversible="false">
                <effect type="zoom" start="100" end="80" center="960,540" easing="in" tween="back" time="300" />
                <effect type="fade" start="100" end="0" time="300" />
            </animation>
            <control type="image">
                <description>Background End image</description>
                <left>0</left>
                <top>0</top>
                <width>52</width>
                <height>52</height>
                <colordiffuse>CCFFFFFF</colordiffuse>
                <texture flipy="true" border="0,5,0,0" flipx="true">HomeSubEnd.png</texture>
                <animation effect="slide" start="0,0" end="218,0" time="0" condition="!System.HasAddon(script.globalsearch)">Conditional</animation>
            </control>
            <control type="radiobutton" id="608">
                <colordiffuse>CCFFFFFF</colordiffuse>
                <description>Global Search</description>
                <left>52</left>
                <top>0</top>
                <height>52</height>
                <width>218</width>
                <textwidth>225</textwidth>
                <textoffsetx>15</textoffsetx>
                <align>left</align>
                <aligny>center</aligny>
                <font>font12</font>
                <textcolor>grey2</textcolor>
                <focusedcolor>white</focusedcolor>
                <texturefocus flipy="true" border="5">HomeSubFO.png</texturefocus>
                <texturenofocus flipy="true" border="5">HomeSubNF.png</texturenofocus>
                <pulseonselect>false</pulseonselect>
                <label>137</label>
                <onclick>RunScript(script.globalsearch)</onclick>
                <textureradioonfocus>icon_search.png</textureradioonfocus>
                <textureradioonnofocus>icon_search.png</textureradioonnofocus>
                <textureradioofffocus>icon_search.png</textureradioofffocus>
                <textureradiooffnofocus>icon_search.png</textureradiooffnofocus>
                <onleft>607</onleft>
                <onright>601</onright>
                <onup>9003</onup>
                <ondown>9000</ondown>
                <visible>System.HasAddon(script.globalsearch)</visible>
            </control>
            <control type="group" id="600">
                <left>270</left>
                <onup>9003</onup>
                <ondown>9000</ondown>
                <defaultcontrol>-</defaultcontrol>
                <enable>Player.HasMedia</enable>
                <control type="image">
                    <description>Background image</description>
                    <left>0</left>
                    <top>0</top>
                    <width>308</width>
                    <height>52</height>
                    <texture flipy="true" border="0,5,0,0">HomeSubNF.png</texture>
                    <colordiffuse>CCFFFFFF</colordiffuse>
                </control>
                <control type="group">
                    <visible>!VideoPlayer.Content(LiveTV)</visible>
                    <control type="button" id="601">
                        <left>15</left>
                        <top>3</top>
                        <width>45</width>
                        <height>45</height>
                        <label>-</label>
                        <texturefocus>OSDPrevTrackFO.png</texturefocus>
                        <texturenofocus>OSDPrevTrackNF.png</texturenofocus>
                        <onleft>608</onleft>
                        <onright>602</onright>
                        <onup>9003</onup>
                        <ondown>9000</ondown>
                        <onclick>PlayerControl(Previous)</onclick>
                    </control>
                    <control type="button" id="602">
                        <left>60</left>
                        <top>3</top>
                        <width>45</width>
                        <height>45</height>
                        <label>-</label>
                        <texturefocus>OSDRewindFO.png</texturefocus>
                        <texturenofocus>OSDRewindNF.png</texturenofocus>
                        <onleft>601</onleft>
                        <onright>603</onright>
                        <onup>9003</onup>
                        <ondown>9000</ondown>
                        <onclick>PlayerControl(Rewind)</onclick>
                    </control>
                    <control type="togglebutton" id="603">
                        <left>105</left>
                        <top>3</top>
                        <width>45</width>
                        <height>45</height>
                        <label>-</label>
                        <texturefocus>OSDPauseFO.png</texturefocus>
                        <texturenofocus>OSDPauseNF.png</texturenofocus>
                        <usealttexture>Player.Paused | Player.Forwarding | Player.Rewinding</usealttexture>
                        <alttexturefocus>OSDPlayFO.png</alttexturefocus>
                        <alttexturenofocus>OSDPlayNF.png</alttexturenofocus>
                        <onleft>602</onleft>
                        <onright>604</onright>
                        <onup>9003</onup>
                        <ondown>9000</ondown>
                        <onclick>PlayerControl(Play)</onclick>
                    </control>
                    <control type="button" id="604">
                        <left>150</left>
                        <top>3</top>
                        <width>45</width>
                        <height>45</height>
                        <label>-</label>
                        <texturefocus>OSDStopFO.png</texturefocus>
                        <texturenofocus>OSDStopNF.png</texturenofocus>
                        <onleft>603</onleft>
                        <onright>605</onright>
                        <onup>9003</onup>
                        <ondown>9000</ondown>
                        <onclick>down</onclick>
                        <onclick>PlayerControl(Stop)</onclick>
                    </control>
                    <control type="button" id="605">
                        <left>195</left>
                        <top>3</top>
                        <width>45</width>
                        <height>45</height>
                        <label>-</label>
                        <texturefocus>OSDForwardFO.png</texturefocus>
                        <texturenofocus>OSDForwardNF.png</texturenofocus>
                        <onleft>604</onleft>
                        <onright>606</onright>
                        <onup>9003</onup>
                        <ondown>9000</ondown>
                        <onclick>PlayerControl(Forward)</onclick>
                    </control>
                    <control type="button" id="606">
                        <left>240</left>
                        <top>3</top>
                        <width>45</width>
                        <height>45</height>
                        <label>-</label>
                        <texturefocus>OSDNextTrackFO.png</texturefocus>
                        <texturenofocus>OSDNextTrackNF.png</texturenofocus>
                        <onleft>605</onleft>
                        <onright>607</onright>
                        <onup>9003</onup>
                        <ondown>9000</ondown>
                        <onclick>PlayerControl(Next)</onclick>
                    </control>
                </control>
                <control type="group" id="600">
                    <visible>VideoPlayer.Content(LiveTV)</visible>
                    <control type="button" id="601">
                        <left>15</left>
                        <top>3</top>
                        <width>45</width>
                        <height>45</height>
                        <label>-</label>
                        <texturefocus>OSDChannelUPFO.png</texturefocus>
                        <texturenofocus>OSDChannelUPNF.png</texturenofocus>
                        <onleft>608</onleft>
                        <onright>602</onright>
                        <onup>9003</onup>
                        <ondown>9000</ondown>
                        <onclick>ChannelDown</onclick>
                    </control>
                    <control type="button" id="602">
                        <left>60</left>
                        <top>3</top>
                        <width>45</width>
                        <height>45</height>
                        <label>-</label>
                        <texturefocus>OSDChannelDownFO.png</texturefocus>
                        <texturenofocus>OSDChannelDownNF.png</texturenofocus>
                        <onleft>601</onleft>
                        <onright>603</onright>
                        <onup>9003</onup>
                        <ondown>9000</ondown>
                        <onclick>ChannelUp</onclick>
                    </control>
                    <control type="button" id="603">
                        <left>105</left>
                        <top>3</top>
                        <width>45</width>
                        <height>45</height>
                        <label>-</label>
                        <texturefocus>OSDStopFO.png</texturefocus>
                        <texturenofocus>OSDStopNF.png</texturenofocus>
                        <onleft>602</onleft>
                        <onright>604</onright>
                        <onup>9003</onup>
                        <ondown>9000</ondown>
                        <onclick>down</onclick>
                        <onclick>PlayerControl(Stop)</onclick>
                    </control>
                    <control type="togglebutton" id="604">
                        <left>150</left>
                        <top>3</top>
                        <width>45</width>
                        <height>45</height>
                        <label>-</label>
                        <texturefocus>OSDPauseFO.png</texturefocus>
                        <texturenofocus>OSDPauseNF.png</texturenofocus>
                        <usealttexture>Player.Paused | Player.Forwarding | Player.Rewinding</usealttexture>
                        <alttexturefocus>OSDPlayFO.png</alttexturefocus>
                        <alttexturenofocus>OSDPlayNF.png</alttexturenofocus>
                        <onleft>603</onleft>
                        <onright>606</onright>
                        <onup>9003</onup>
                        <ondown>9000</ondown>
                        <onclick>PlayerControl(Play)</onclick>
                        <enable>Player.PauseEnabled</enable>
                        <animation effect="fade" start="100" end="30" time="100" condition="!Player.PauseEnabled">Conditional</animation>
                    </control>
                    <control type="button" id="606">
                        <left>240</left>
                        <top>3</top>
                        <width>45</width>
                        <height>45</height>
                        <label>-</label>
                        <texturefocus>OSDRecordOffFO.png</texturefocus>
                        <texturenofocus>OSDRecordOffNF.png</texturenofocus>
                        <onleft>604</onleft>
                        <onright>607</onright>
                        <onup>9003</onup>
                        <ondown>9000</ondown>
                        <onclick>PlayerControl(record)</onclick>
                    </control>
                </control>
            </control>
            <control type="radiobutton" id="607">
                <colordiffuse>CCFFFFFF</colordiffuse>
                <description>Go to fullscreen Playback</description>
                <left>578</left>
                <top>0</top>
                <height>52</height>
                <width>240</width>
                <textwidth>225</textwidth>
                <textoffsetx>15</textoffsetx>
                <align>left</align>
                <aligny>center</aligny>
                <font>font12</font>
                <textcolor>grey2</textcolor>
                <focusedcolor>white</focusedcolor>
                <texturefocus flipy="true" border="5">HomeSubFO.png</texturefocus>
                <texturenofocus flipy="true" border="5">HomeSubNF.png</texturenofocus>
                <pulseonselect>false</pulseonselect>
                <label>31008</label>
                <onclick>fullscreen</onclick>
                <textureradioonfocus>GoFullscreen.png</textureradioonfocus>
                <textureradioonnofocus>GoFullscreen.png</textureradioonnofocus>
                <textureradioofffocus>GoFullscreen.png</textureradioofffocus>
                <textureradiooffnofocus>GoFullscreen.png</textureradiooffnofocus>
                <onleft>606</onleft>
                <onright>608</onright>
                <onup>9003</onup>
                <ondown>9000</ondown>
                <enable>Player.HasMedia</enable>
            </control>
        </control>
        <control type="group">
            <top>600</top>
            <animation type="WindowOpen" reversible="false">
                <effect type="zoom" start="80" end="100" center="960,540" easing="out" tween="back" time="300" />
                <effect type="fade" start="0" end="100" time="300" />
            </animation>
            <animation type="WindowClose" reversible="false">
                <effect type="zoom" start="100" end="80" center="960,540" easing="in" tween="back" time="300" />
                <effect type="fade" start="100" end="0" time="300" />
            </animation>
            <control type="group" id="9001">
                <left>0</left>
                <top>105</top>
                <onup>9000</onup>
                <ondown>9002</ondown>
                <control type="grouplist" id="9010">
                    <include>HomeSubMenuCommonValues</include>
                    <onleft>9010</onleft>
                    <onright>9010</onright>
                    <visible>Container(9000).HasFocus(2)</visible>
                    <include>HomeSubMenuVideos</include>
                    <!-- Buttons for the grouplist -->
                </control>
                <control type="grouplist" id="9046">
                    <include>HomeSubMenuCommonValues</include>
                    <onleft>9046</onleft>
                    <onright>9046</onright>
                    <visible>Container(9000).HasFocus(71)</visible>
                    <include>HomeSubMenuSimply</include>
                    <!-- Buttons for the grouplist -->
                </control>
                <control type="grouplist" id="9047">
                    <include>HomeSubMenuCommonValues</include>
                    <onleft>9047</onleft>
                    <onright>9047</onright>
                    <visible>Container(9000).HasFocus(81)</visible>
                    <include>HomeSubMenuGenesis</include>
                    <!-- Buttons for the grouplist -->
                </control>
                <control type="grouplist" id="9048">
                    <include>HomeSubMenuCommonValues</include>
                    <onleft>9048</onleft>
                    <onright>9048</onright>
                    <visible>Container(9000).HasFocus(82)</visible>
                    <include>HomeSubMenuGenesistv</include>
                    <!-- Buttons for the grouplist -->
                </control>
                <control type="grouplist" id="9016">
                    <include>HomeSubMenuCommonValues</include>
                    <onleft>9016</onleft>
                    <onright>9016</onright>
                    <visible>Container(9000).HasFocus(10)</visible>
                    <include>HomeSubMenuMovies</include>
                    <!-- Buttons for the grouplist -->
                </control>
                <control type="grouplist" id="9017">
                    <include>HomeSubMenuCommonValues</include>
                    <onleft>9017</onleft>
                    <onright>9017</onright>
                    <visible>Container(9000).HasFocus(11)</visible>
                    <include>HomeSubMenuTVShows</include>
                    <!-- Buttons for the grouplist -->
                </control>
                <control type="grouplist" id="910012">
                    <include>HomeSubMenuCommonValues</include>
                    <onleft>910012</onleft>
                    <onright>910012</onright>
                    <visible>Container(9000).HasFocus(99999)</visible>
                    <include>HomeSubMenuAndroid</include>
                    <!-- Buttons for the grouplist -->
                </control>
                <control type="grouplist" id="9011">
                    <include>HomeSubMenuCommonValues</include>
                    <onleft>9011</onleft>
                    <onright>9011</onright>
                    <visible>Container(9000).HasFocus(3)</visible>
                    <include>HomeSubMenuMusic</include>
                    <!-- Buttons for the grouplist -->
                </control>
                <control type="grouplist" id="90999">
                    <include>HomeSubMenuCommonValues</include>
                    <onleft>90999</onleft>
                    <onright>90999</onright>
                    <visible>Container(9000).HasFocus(1)</visible>
                    <include>HomeSubMenuProgramaspps</include>
                    <!-- Buttons for the grouplist -->
                </control>
                <control type="grouplist" id="9012">
                    <include>HomeSubMenuCommonValues</include>
                    <onleft>9012</onleft>
                    <onright>9012</onright>
                    <visible>Container(9000).HasFocus(5)</visible>
                    <include>HomeSubMenuSystem</include>
                    <!-- Buttons for the grouplist -->
                </control>
                <control type="grouplist" id="9013">
                    <include>HomeSubMenuCommonValues</include>
                    <onleft>9013</onleft>
                    <onright>9013</onright>
                    <visible>Container(9000).HasFocus(6)</visible>
                    <include>HomeSubMenuPlayDisc</include>
                    <!-- Buttons for the grouplist -->
                </control>
                <control type="grouplist" id="9014">
                    <include>HomeSubMenuCommonValues</include>
                    <onleft>9014</onleft>
                    <onright>9014</onright>
                    <visible>Container(9000).HasFocus(12)</visible>
                    <include>HomeSubMenuTV</include>
                    <!-- Buttons for the grouplist -->
                </control>
                <control type="grouplist" id="9015">
                    <include>HomeSubMenuCommonValues</include>
                    <onleft>9013</onleft>
                    <onright>9013</onright>
                    <visible>Container(9000).HasFocus(4)</visible>
                    <include>HomeSubMenuPictures</include>
                    <!-- Buttons for the grouplist -->
                </control>
                <control type="grouplist" id="9016">
                    <include>HomeSubMenuCommonValues</include>
                    <onleft>9014</onleft>
                    <onright>9014</onright>
                    <visible>Container(9000).HasFocus(13)</visible>
                    <include>HomeSubMenuRadio</include>
                    <!-- Buttons for the grouplist -->
                </control>
            </control>
            <!--<control type="group" id="19001">
				<left>0</left>
				<top>10</top>
				<onup>8003</onup>
				<ondown>9000</ondown>
				<control type="grouplist" id="19011">
					<include>HomeSubMenuCommonValuesGenesis</include>
					<onleft>19011</onleft>
					<onright>19011</onright>
					<visible>Container(9000).HasFocus(81)</visible>
					<include>HomeSubMenuGenesistop</include>  Buttons for the grouplist 
				</control>
			</control>-->
            <control type="image">
                <left>-150</left>
                <top>0</top>
                <width>2220</width>
                <height>112</height>
                <texture border="0,6,0,6">HomeBack.png</texture>
            </control>
            <control type="image">
                <left>0</left>
                <top>8</top>
                <width>1920</width>
                <height>9</height>
                <texture>HomeOverlay1.png</texture>
            </control>
            <control type="fixedlist" id="9000">
                <left>-165</left>
                <top>8</top>
                <width>2250</width>
                <height>90</height>
                <onleft>9000</onleft>
                <onright>9000</onright>
                <!--<onup condition="Container(9000).HasFocus(81)">19001</onup>-->
                <onup condition="System.HasAddon(script.globalsearch)">608</onup>
                <onup condition="!System.HasAddon(script.globalsearch)">603</onup>
                <ondown>9001</ondown>
                <pagecontrol>-</pagecontrol>
                <scrolltime>300</scrolltime>
                <focusposition>2</focusposition>
                <movement>1</movement>
                <orientation>Horizontal</orientation>
                <itemlayout height="90" width="450">
                    <control type="image">
                        <left>0</left>
                        <top>6</top>
                        <width>1</width>
                        <height>78</height>
                        <texture>HomeSeperator.png</texture>
                    </control>
                    <control type="image">
                        <left>448</left>
                        <top>6</top>
                        <width>1</width>
                        <height>78</height>
                        <texture>HomeSeperator.png</texture>
                    </control>
                    <control type="label">
                        <left>8</left>
                        <top>0</top>
                        <width>435</width>
                        <height>90</height>
                        <font>font_MainMenu</font>
                        <textcolor>grey3</textcolor>
                        <align>center</align>
                        <aligny>center</aligny>
                        <label>$INFO[ListItem.Label]</label>
                    </control>
                </itemlayout>
                <focusedlayout height="90" width="450">
                    <control type="image">
                        <left>0</left>
                        <top>6</top>
                        <width>1</width>
                        <height>78</height>
                        <texture>HomeSeperator.png</texture>
                    </control>
                    <control type="image">
                        <left>448</left>
                        <top>6</top>
                        <width>1</width>
                        <height>78</height>
                        <texture>HomeSeperator.png</texture>
                    </control>
                    <control type="label">
                        <left>8</left>
                        <top>0</top>
                        <width>435</width>
                        <height>90</height>
                        <font>font_MainMenu</font>
                        <textcolor>grey3</textcolor>
                        <align>center</align>
                        <aligny>center</aligny>
                        <label>$INFO[ListItem.Label]</label>
                    </control>
                    <control type="label">
                        <left>8</left>
                        <top>0</top>
                        <width>435</width>
                        <height>90</height>
                        <font>font_MainMenu</font>
                        <textcolor>blue</textcolor>
                        <align>center</align>
                        <aligny>center</aligny>
                        <label>$INFO[ListItem.Label]</label>
                        <visible>Control.HasFocus(9000)</visible>
                        <include>VisibleFadeEffect</include>
                    </control>
                </focusedlayout>
                <content>
                    <item id="7">
                        <label>31950</label>
                        <onclick>ActivateWindow(Weather)</onclick>
                        <icon>-</icon>
                        <thumb>-</thumb>
                        <visible>!Skin.HasSetting(HomeMenuNoWeatherButton) + !IsEmpty(Weather.Plugin)</visible>
                    </item>
                    <item id="4">
                        <label>31951</label>
                        <onclick>ActivateWindow(Pictures)</onclick>
                        <icon>-</icon>
                        <thumb>-</thumb>
                        <visible>!Skin.HasSetting(HomeMenuNoPicturesButton)</visible>
                    </item>
                    <item id="13">
                        <label>31960</label>
                        <onclick>ActivateWindow(RadioChannels)</onclick>
                        <icon>-</icon>
                        <thumb>-</thumb>
                        <visible>PVR.HasRadioChannels</visible>
                    </item>
                    <item id="12">
                        <label>31952</label>
                        <onclick>ActivateWindow(TVChannels)</onclick>
                        <icon>-</icon>
                        <thumb>-</thumb>
                        <visible>PVR.HasTVChannels</visible>
                    </item>
                    <item id="71">
                        <label>[COLOR blue]I[/COLOR]STREAM</label>
                        <!-- Xunity -->
                        <onclick>ActivateWindow(videofiles,plugin://script.icechannel,return)</onclick>
                        <visible>true</visible>
                        <icon>-</icon>
                        <thumb>-</thumb>
                    </item>
                    <item id="81">
                        <label>GENESIS</label>
                        <onclick>ActivateWindow(videofiles,plugin://plugin.video.genesis,return)</onclick>
                        <visible>true</visible>
                        <icon>-</icon>
                        <thumb>-</thumb>
                    </item>
                    <item id="82">
                        <label>GENESIS TV</label>
                        <onclick>ActivateWindow(videofiles,plugin://plugin.video.genesis,return)</onclick>
                        <visible>true</visible>
                        <icon>-</icon>
                        <thumb>-</thumb>
                    </item>
                    <item id="2">
                        <label>31953</label>
                        <onclick condition="StringCompare(Window.Property(VideosDirectLink),True)">ActivateWindow(Videos)</onclick>
                        <onclick condition="!StringCompare(Window.Property(VideosDirectLink),True)">ActivateWindow(Videos,root)</onclick>
                        <icon>-</icon>
                        <thumb>-</thumb>
                        <visible>!Skin.HasSetting(HomeMenuNoVideosButton)</visible>
                    </item>
                    <item id="10">
                        <label>31954</label>
                        <onclick>ActivateWindow(Videos,MovieTitles,return)</onclick>
                        <icon>-</icon>
                        <thumb>-</thumb>
                        <visible>!Skin.HasSetting(HomeMenuNoMovieButton) + Library.HasContent(Movies)</visible>
                    </item>
                    <item id="11">
                        <label>31955</label>
                        <onclick>ActivateWindow(Videos,TVShowTitles,return)</onclick>
                        <icon>-</icon>
                        <thumb>-</thumb>
                        <visible>!Skin.HasSetting(HomeMenuNoTVShowButton) + Library.HasContent(TVShows)</visible>
                    </item>
                    <item id="3">
                        <label>31956</label>
                        <onclick>ActivateWindow(Music)</onclick>
                        <icon>-</icon>
                        <thumb>-</thumb>
                        <visible>!Skin.HasSetting(HomeMenuNoMusicButton)</visible>
                    </item>
                    <item id="99999">
                        <label>ANDROID APPS</label>
                        <onclick>ActivateWindow(videos,androidapp://sources/apps,return)</onclick>
                        <icon>-</icon>
                        <thumb>-</thumb>
                        <visible>System.Platform.Android</visible>
                    </item>
                    <item id="1">
                        <label>31957</label>
                        <onclick condition="!System.Platform.Android">ActivateWindow(Programs,Addons,return)</onclick>
                        <onclick condition="System.Platform.Android">ActivateWindow(Programs)</onclick>
                        <icon>-</icon>
                        <thumb>-</thumb>
                        <visible>!Skin.HasSetting(HomeMenuNoProgramsButton)</visible>
                    </item>
                    <item id="6">
                        <label>31958</label>
                        <onclick>PlayDVD()</onclick>
                        <icon>-</icon>
                        <thumb>-</thumb>
                        <visible>System.HasMediaDVD</visible>
                    </item>
                    <item id="5">
                        <label>31959</label>
                        <onclick>ActivateWindow(Settings)</onclick>
                        <icon>-</icon>
                        <thumb>-</thumb>
                    </item>
                </content>
            </control>
            <control type="image">
                <left>0</left>
                <top>9</top>
                <width>192</width>
                <height>94</height>
                <texture>SideFade.png</texture>
            </control>
            <control type="image">
                <left>192r</left>
                <top>9</top>
                <width>192</width>
                <height>94</height>
                <texture flipx="true">SideFade.png</texture>
            </control>
        </control>
        <!--<control type="label">
			<left>580</left>
			<top>325</top>
			<width>200</width>
			<height>30</height>
			<font>font12_title</font>
			<textcolor>orange</textcolor>
			<shadowcolor>FF000000</shadowcolor>
			<align>left</align>
			<aligny>left</aligny>
			<visible>Container(9000).HasFocus(71)|Control.HasFocus(700)</visible>
			<label>Featured Movies</label>
		</control>
		
		<control type="fixedlist" id="700">
			<description>Istream Featured</description>
			<left>5</left>
			<top>150</top>
			<width>4000</width>
			<height>400</height>
			<ondown>9000</ondown>
			<onup>9000</onup>
			<visible>Container(9000).HasFocus(71)|Control.HasFocus(700)</visible>
			<pagecontrol>-</pagecontrol>
			<scrolltime>100</scrolltime>
			<focusposition>1</focusposition>
			<movement>1</movement>
			<orientation>horizontal</orientation>
			<content>plugin://script.icechannel/?episode&fanart&favorite=false&imdb_id&img&indexer=movies&indexer_id=movie25&istream_path=%20:%20Movies%20:%20Movie25%20:%20Featured&mode=section&name&season&section=featured-movies&title=Featured&type=movies&url=http://www.movie25.la/featured-movies/&urls&year</content>
			<itemlayout height="100" width="105">
				<control type="image">
					<left>150</left>
					<top>0</top>
					<width>100</width>
					<height>150</height>
					<texture>$INFO[ListItem.Thumb]</texture>
				</control>
			</itemlayout>
			<focusedlayout height="20" width="105">
				<control type="image">
					<left>150</left>
					<top>0</top>
					<width>100</width>
					<height>150</height>
					<texture>$INFO[ListItem.Thumb]</texture>
				</control>
				<control type="image">
					<left>145</left>
					<top>-6</top>
					<width>315</width>
					<height>161</height>
					<visible>Control.HasFocus(700)</visible>
					<texture>movie_box2.png</texture>
				</control>
				<control type="textbox">
					<left>253</left>
					<top>40</top>
					<width>205</width>
					<height>80</height>
					<font>font10_title</font>
					<textcolor>white</textcolor>
					<align>left</align>
					<aligny>left</aligny>
					<visible>Control.HasFocus(700)</visible>
					<autoscroll delay="3000" time="1000" repeat="10000">Control.HasFocus(700)</autoscroll>
					<label>$INFO[ListItem.Plot]</label>
				</control>
				<control type="label">
					<left>253</left>
					<top>10</top>
					<width>200</width>
					<height>30</height>
					<font>font10_title</font>
					<textcolor>orange</textcolor>
					<shadowcolor>FF000000</shadowcolor>
					<align>left</align>
					<aligny>left</aligny>
					<visible>Control.HasFocus(700)</visible>
					<label>$INFO[ListItem.Label]</label>
				</control>
			</focusedlayout>
		</control>-->
        <control type="group" id="9002">
            <onup>9001</onup>
            <ondown>20</ondown>
            <control type="fixedlist" id="700">
                <animation effect="slide" start="0,0" end="-136,0" time="0" condition="StringCompare(Container(700).NumItems,2) | StringCompare(Container(700).NumItems,4)">conditional</animation>
                <visible>Container(9000).HasFocus(2) | Container(9000).HasFocus(10) | Container(9000).HasFocus(11)</visible>
                <onleft>700</onleft>
                <onright>700</onright>
                <onup>9001</onup>
                <ondown>20</ondown>
                <include>HomeAddonsCommonLayout</include>
                <content>
                    <include>HomeAddonItemsVideos</include>
                </content>
            </control>
            <control type="fixedlist" id="703">
                <animation effect="slide" start="0,0" end="-136,0" time="0" condition="StringCompare(Container(703).NumItems,2) | StringCompare(Container(703).NumItems,4)">conditional</animation>
                <visible>Container(9000).HasFocus(3)</visible>
                <onleft>703</onleft>
                <onright>703</onright>
                <onup>9001</onup>
                <ondown>20</ondown>
                <include>HomeAddonsCommonLayout</include>
                <content>
                    <include>HomeAddonItemsMusic</include>
                </content>
            </control>
            <control type="fixedlist" id="704">
                <animation effect="slide" start="0,0" end="-136,0" time="0" condition="StringCompare(Container(704).NumItems,2) | StringCompare(Container(704).NumItems,4)">conditional</animation>
                <visible>Container(9000).HasFocus(4)</visible>
                <onleft>704</onleft>
                <onright>704</onright>
                <onup>9001</onup>
                <ondown>20</ondown>
                <include>HomeAddonsCommonLayout</include>
                <content>
                    <include>HomeAddonItemsPictures</include>
                </content>
            </control>
            <control type="fixedlist" id="705">
                <animation effect="slide" start="0,0" end="-136,0" time="0" condition="StringCompare(Container(705).NumItems,2) | StringCompare(Container(705).NumItems,4)">conditional</animation>
                <visible>Container(9000).HasFocus(1)</visible>
                <onleft>705</onleft>
                <onright>705</onright>
                <onup>9001</onup>
                <ondown>20</ondown>
                <include>HomeAddonsCommonLayout</include>
                <content>
                    <include>HomeAddonItemsPrograms</include>
                </content>
            </control>
        </control>
        <control type="group">
            <left>0</left>
            <top>50r</top>
            <visible>system.getbool(lookandfeel.enablerssfeeds)</visible>
            <include>Window_OpenClose_Animation</include>
            <control type="rss">
                <description>RSS feed</description>
                <left>150</left>
                <top>0</top>
                <height>45</height>
                <width>1718</width>
                <font>font12</font>
                <urlset>1</urlset>
                <textcolor>blue</textcolor>
                <titlecolor>blue</titlecolor>
                <headlinecolor>white</headlinecolor>
            </control>
            <control type="image">
                <description>RSS background</description>
                <left>1875</left>
                <top>3</top>
                <width>36</width>
                <height>36</height>
                <texture>icon-rss.png</texture>
            </control>
        </control>
        <control type="group" id="10">
            <left>30</left>
            <top>82r</top>
            <include>Window_OpenClose_Animation</include>
            <control type="button" id="20">
                <description>Power push button</description>
                <left>82</left>
                <top>0</top>
                <width>68</width>
                <height>68</height>
                <label>31003</label>
                <font>-</font>
                <onclick>ActivateWindow(ShutdownMenu)</onclick>
                <texturefocus border="5">floor_buttonFO.png</texturefocus>
                <texturenofocus border="5">floor_button.png</texturenofocus>
                <onleft>21</onleft>
                <onright>21</onright>
                <onup>9002</onup>
                <ondown>9003</ondown>
            </control>
            <control type="image">
                <description>Power Icon</description>
                <left>90</left>
                <top>8</top>
                <width>52</width>
                <height>52</height>
                <aspectratio>keep</aspectratio>
                <texture>icon_power.png</texture>
            </control>
            <control type="button" id="21">
                <description>Favourites push button</description>
                <left>0</left>
                <top>0</top>
                <width>68</width>
                <height>68</height>
                <label>1036</label>
                <font>-</font>
                <onclick>ActivateWindow(Favourites)</onclick>
                <texturefocus border="5">floor_buttonFO.png</texturefocus>
                <texturenofocus border="5">floor_button.png</texturenofocus>
                <onleft>20</onleft>
                <onright>20</onright>
                <onup>9002</onup>
                <ondown>9003</ondown>
            </control>
            <control type="image">
                <description>Favourites Icon</description>
                <left>8</left>
                <top>8</top>
                <width>52</width>
                <height>52</height>
                <aspectratio>keep</aspectratio>
                <texture>icon_favourites.png</texture>
            </control>
        </control>
        <control type="group">
            <left>30</left>
            <top>0</top>
            <visible>Skin.HasSetting(homepageWeatherinfo) + !IsEmpty(Weather.Plugin)</visible>
            <include>Window_OpenClose_Animation</include>
            <control type="image">
                <description>Weather image</description>
                <left>0</left>
                <top>0</top>
                <width>90</width>
                <height>90</height>
                <aspectratio>keep</aspectratio>
                <texture>$INFO[Weather.Conditions]</texture>
            </control>
            <control type="label">
                <description>Location label</description>
                <left>98</left>
                <top>8</top>
                <width>750</width>
                <height>22</height>
                <align>left</align>
                <aligny>center</aligny>
                <font>font10</font>
                <textcolor>white</textcolor>
                <shadowcolor>black</shadowcolor>
                <label>$INFO[Window(Weather).Property(Location)]</label>
            </control>
            <control type="grouplist">
                <left>98</left>
                <top>30</top>
                <width>1500</width>
                <height>45</height>
                <orientation>horizontal</orientation>
                <align>left</align>
                <itemgap>0</itemgap>
                <control type="label">
                    <description>Temp label</description>
                    <width min="0" max="450">auto</width>
                    <height>45</height>
                    <align>left</align>
                    <aligny>center</aligny>
                    <font>font28_title</font>
                    <textcolor>white</textcolor>
                    <shadowcolor>black</shadowcolor>
                    <label>[B]$INFO[Window(Weather).Property(Current.Temperature)][/B]</label>
                </control>
                <control type="label">
                    <description>Temp Units</description>
                    <width min="0" max="150">auto</width>
                    <height>33</height>
                    <font>font10</font>
                    <aligny>center</aligny>
                    <label>$INFO[System.TemperatureUnits]</label>
                    <textcolor>white</textcolor>
                    <shadowcolor>black</shadowcolor>
                    <visible>!IsEmpty(Window(Weather).Property(Current.Temperature))</visible>
                </control>
                <control type="label">
                    <description>Conditions Label</description>
                    <width>750</width>
                    <height>33</height>
                    <font>font10</font>
                    <aligny>center</aligny>
                    <label>$INFO[Window(Weather).Property(Current.Condition),  ]</label>
                    <textcolor>grey2</textcolor>
                    <shadowcolor>black</shadowcolor>
                </control>
            </control>
        </control>
        <include>Clock</include>
        <control type="label">
            <description>Date label</description>
            <right>30</right>
            <top>52</top>
            <width>300</width>
            <height>22</height>
            <align>right</align>
            <aligny>center</aligny>
            <font>font10</font>
            <textcolor>white</textcolor>
            <shadowcolor>black</shadowcolor>
            <label>$INFO[System.Date]</label>
            <include>Window_OpenClose_Animation</include>
            <animation effect="slide" start="0,0" end="-60,0" time="100" condition="Window.IsVisible(Mutebug)">conditional</animation>
        </control>
    </controls>
</window>
