<?xml version="1.0" encoding="UTF-8"?>
<window>
    <defaultcontrol always="true">100</defaultcontrol>
    <include>dialogeffect</include>
    <coordinates>
        <system>1</system>
        <left>0</left>
        <top>0</top>
    </coordinates>
    <controls>
        <control type="button" id="1000">
            <description>Close Window button</description>
            <left>126r</left>
            <top>0</top>
            <width>96</width>
            <height>48</height>
            <label>-</label>
            <font>-</font>
            <onclick>Dialog.Close(VideoOSD,true)</onclick>
            <onclick>FullScreen</onclick>
            <texturefocus>DialogCloseButton-focus.png</texturefocus>
            <texturenofocus>DialogCloseButton.png</texturenofocus>
            <onleft>1000</onleft>
            <onright>1000</onright>
            <onup>100</onup>
            <ondown>100</ondown>
            <animation effect="fade" time="200">VisibleChange</animation>
            <visible>![Window.IsVisible(SliderDialog) | Window.IsVisible(OSDVideoSettings) | Window.IsVisible(OSDAudioSettings) | Window.IsVisible(VideoBookmarks)]</visible>
        </control>
        <control type="slider" id="87">
            <description>Seek Slider</description>
            <left>645</left>
            <top>123r</top>
            <width>1080</width>
            <height>24</height>
            <onup>702</onup>
            <ondown>26</ondown>
            <action>seek</action>
            <texturesliderbar>seekslider2.png</texturesliderbar>
            <textureslidernib>osd_slider_nibNF.png</textureslidernib>
            <textureslidernibfocus>osd_slider_nib.png</textureslidernibfocus>
            <animation effect="fade" time="200">VisibleChange</animation>
            <visible>![Window.IsVisible(SliderDialog) | Window.IsVisible(OSDVideoSettings) | Window.IsVisible(OSDAudioSettings) | Window.IsVisible(VideoBookmarks) | VideoPlayer.Content(LiveTV)]</visible>
        </control>
        <!-- !LiveTV -->
        <control type="group" id="100">
            <left>488</left>
            <top>90r</top>
            <defaultcontrol always="true">202</defaultcontrol>
            <animation effect="fade" time="200">VisibleChange</animation>
            <visible>![Window.IsVisible(SliderDialog) | Window.IsVisible(OSDVideoSettings) | Window.IsVisible(OSDAudioSettings) | Window.IsVisible(VideoBookmarks)]</visible>
            <visible>!VideoPlayer.Content(LiveTV)</visible>
            <control type="button" id="200">
                <left>0</left>
                <top>0</top>
                <width>82</width>
                <height>82</height>
                <label>210</label>
                <font>-</font>
                <texturefocus>OSDPrevTrackFO.png</texturefocus>
                <texturenofocus>OSDPrevTrackNF.png</texturenofocus>
                <onleft>254</onleft>
                <onright>201</onright>
                <onup>1000</onup>
                <ondown>1000</ondown>
                <onclick>PlayerControl(Previous)</onclick>
            </control>
            <control type="button" id="201">
                <left>82</left>
                <top>0</top>
                <width>82</width>
                <height>82</height>
                <label>31354</label>
                <font>-</font>
                <texturefocus>OSDRewindFO.png</texturefocus>
                <texturenofocus>OSDRewindNF.png</texturenofocus>
                <onleft>200</onleft>
                <onright>202</onright>
                <onup>1000</onup>
                <ondown>1000</ondown>
                <onclick>PlayerControl(Rewind)</onclick>
            </control>
            <control type="togglebutton" id="202">
                <left>165</left>
                <top>0</top>
                <width>82</width>
                <height>82</height>
                <label>31351</label>
                <altlabel>208</altlabel>
                <font>-</font>
                <texturefocus>OSDPauseFO.png</texturefocus>
                <texturenofocus>OSDPauseNF.png</texturenofocus>
                <usealttexture>Player.Paused | Player.Forwarding | Player.Rewinding</usealttexture>
                <alttexturefocus>OSDPlayFO.png</alttexturefocus>
                <alttexturenofocus>OSDPlayNF.png</alttexturenofocus>
                <onleft>201</onleft>
                <onright>203</onright>
                <onup>1000</onup>
                <ondown>1000</ondown>
                <onclick>PlayerControl(Play)</onclick>
            </control>
            <control type="button" id="203">
                <left>248</left>
                <top>0</top>
                <width>82</width>
                <height>82</height>
                <label>31352</label>
                <font>-</font>
                <texturefocus>OSDStopFO.png</texturefocus>
                <texturenofocus>OSDStopNF.png</texturenofocus>
                <onleft>202</onleft>
                <onright>204</onright>
                <onup>1000</onup>
                <ondown>1000</ondown>
                <onclick>PlayerControl(Stop)</onclick>
            </control>
            <control type="button" id="204">
                <left>330</left>
                <top>0</top>
                <width>82</width>
                <height>82</height>
                <label>31353</label>
                <font>-</font>
                <texturefocus>OSDForwardFO.png</texturefocus>
                <texturenofocus>OSDForwardNF.png</texturenofocus>
                <onleft>203</onleft>
                <onright>205</onright>
                <onup>1000</onup>
                <ondown>1000</ondown>
                <onclick>PlayerControl(Forward)</onclick>
            </control>
            <control type="button" id="205">
                <left>412</left>
                <top>0</top>
                <width>82</width>
                <height>82</height>
                <label>209</label>
                <font>-</font>
                <texturefocus>OSDNextTrackFO.png</texturefocus>
                <texturenofocus>OSDNextTrackNF.png</texturenofocus>
                <onleft>204</onleft>
                <onright>255</onright>
                <onup>1000</onup>
                <ondown>1000</ondown>
                <onclick>PlayerControl(Next)</onclick>
            </control>
        </control>
        <!-- LiveTV -->
        <control type="group" id="100">
            <left>488</left>
            <top>90r</top>
            <defaultcontrol always="true">301</defaultcontrol>
            <animation effect="fade" time="200">VisibleChange</animation>
            <visible>![Window.IsVisible(SliderDialog) | Window.IsVisible(OSDVideoSettings) | Window.IsVisible(OSDAudioSettings) | Window.IsVisible(VideoBookmarks) | Window.IsVisible(PVROSDChannels) | Window.IsVisible(PVROSDGuide)]</visible>
            <visible>VideoPlayer.Content(LiveTV)</visible>
            <control type="button" id="300">
                <left>0</left>
                <top>0</top>
                <width>82</width>
                <height>82</height>
                <label>210</label>
                <font>-</font>
                <texturefocus>OSDChannelUPFO.png</texturefocus>
                <texturenofocus>OSDChannelUPNF.png</texturenofocus>
                <onleft>353</onleft>
                <onright>301</onright>
                <onup>1000</onup>
                <ondown>1000</ondown>
                <onclick>PlayerControl(Previous)</onclick>
            </control>
            <control type="button" id="301">
                <left>82</left>
                <top>0</top>
                <width>82</width>
                <height>82</height>
                <label>209</label>
                <font>-</font>
                <texturefocus>OSDChannelDownFO.png</texturefocus>
                <texturenofocus>OSDChannelDownNF.png</texturenofocus>
                <onleft>300</onleft>
                <onright>302</onright>
                <onup>1000</onup>
                <ondown>1000</ondown>
                <onclick>PlayerControl(Next)</onclick>
            </control>
            <control type="button" id="302">
                <left>165</left>
                <top>0</top>
                <width>82</width>
                <height>82</height>
                <label>31354</label>
                <font>-</font>
                <texturefocus>OSDRewindFO.png</texturefocus>
                <texturenofocus>OSDRewindNF.png</texturenofocus>
                <onleft>301</onleft>
                <onright>303</onright>
                <onup>1000</onup>
                <ondown>1000</ondown>
                <onclick>PlayerControl(Rewind)</onclick>
                <enable>Player.SeekEnabled</enable>
                <animation effect="fade" start="100" end="50" time="100" condition="!Player.SeekEnabled">Conditional</animation>
            </control>
            <control type="togglebutton" id="303">
                <left>248</left>
                <top>0</top>
                <width>82</width>
                <height>82</height>
                <label>31351</label>
                <altlabel>208</altlabel>
                <font>-</font>
                <texturefocus>OSDPauseFO.png</texturefocus>
                <texturenofocus>OSDPauseNF.png</texturenofocus>
                <usealttexture>Player.Paused | Player.Forwarding | Player.Rewinding</usealttexture>
                <alttexturefocus>OSDPlayFO.png</alttexturefocus>
                <alttexturenofocus>OSDPlayNF.png</alttexturenofocus>
                <onleft>302</onleft>
                <onright>304</onright>
                <onup>1000</onup>
                <ondown>1000</ondown>
                <onclick>PlayerControl(Play)</onclick>
                <enable>Player.PauseEnabled</enable>
                <animation effect="fade" start="100" end="50" time="100" condition="!Player.PauseEnabled">Conditional</animation>
            </control>
            <control type="button" id="304">
                <left>330</left>
                <top>0</top>
                <width>82</width>
                <height>82</height>
                <label>31352</label>
                <font>-</font>
                <texturefocus>OSDStopFO.png</texturefocus>
                <texturenofocus>OSDStopNF.png</texturenofocus>
                <onleft>303</onleft>
                <onright>305</onright>
                <onup>1000</onup>
                <ondown>1000</ondown>
                <onclick>PlayerControl(Stop)</onclick>
            </control>
            <control type="button" id="305">
                <left>412</left>
                <top>0</top>
                <width>82</width>
                <height>82</height>
                <label>31353</label>
                <font>-</font>
                <texturefocus>OSDForwardFO.png</texturefocus>
                <texturenofocus>OSDForwardNF.png</texturenofocus>
                <onleft>304</onleft>
                <onright>306</onright>
                <onup>1000</onup>
                <ondown>1000</ondown>
                <onclick>PlayerControl(Forward)</onclick>
                <enable>Player.SeekEnabled</enable>
                <animation effect="fade" start="100" end="50" time="100" condition="!Player.SeekEnabled">Conditional</animation>
            </control>
            <control type="button" id="306">
                <left>495</left>
                <top>0</top>
                <width>82</width>
                <height>82</height>
                <label>19019</label>
                <font>-</font>
                <texturefocus>OSDChannelListFO.png</texturefocus>
                <texturenofocus>OSDChannelListNF.png</texturenofocus>
                <onleft>305</onleft>
                <onright>307</onright>
                <onup>1000</onup>
                <ondown>1000</ondown>
                <onclick>ActivateWindow(PVROSDChannels)</onclick>
                <onclick>Dialog.Close(VideoOSD)</onclick>
            </control>
            <control type="button" id="307">
                <left>578</left>
                <top>0</top>
                <width>82</width>
                <height>82</height>
                <label>$LOCALIZE[19029]$INFO[VideoPlayer.ChannelName, - ]</label>
                <font>-</font>
                <texturefocus>OSDepgFO.png</texturefocus>
                <texturenofocus>OSDepgNF.png</texturenofocus>
                <onleft>306</onleft>
                <onright>354</onright>
                <onup>1000</onup>
                <ondown>1000</ondown>
                <onclick>ActivateWindow(PVROSDGuide)</onclick>
                <onclick>Dialog.Close(VideoOSD)</onclick>
            </control>
        </control>
        <!-- !LiveTV -->
        <control type="group">
            <left>532r</left>
            <top>90r</top>
            <animation effect="fade" time="200">VisibleChange</animation>
            <visible>![Window.IsVisible(SliderDialog) | Window.IsVisible(OSDVideoSettings) | Window.IsVisible(OSDAudioSettings) | Window.IsVisible(VideoBookmarks)]</visible>
            <visible>!VideoPlayer.Content(LiveTV)</visible>
            <control type="button" id="255">
                <visible>VideoPlayer.IsStereoscopic</visible>
                <left>0</left>
                <top>0</top>
                <width>82</width>
                <height>82</height>
                <label>36501</label>
                <font>-</font>
                <texturefocus>OSDStereoscopicFO.png</texturefocus>
                <texturenofocus>OSDStereoscopicNF.png</texturenofocus>
                <onleft>205</onleft>
                <onright>250</onright>
                <onup>501</onup>
                <ondown>1000</ondown>
            </control>
            <control type="button" id="250">
                <left>82</left>
                <top>0</top>
                <width>82</width>
                <height>82</height>
                <label>31356</label>
                <font>-</font>
                <texturefocus>OSDSubtitlesFO.png</texturefocus>
                <texturenofocus>OSDSubtitlesNF.png</texturenofocus>
                <onleft>255</onleft>
                <onright>251</onright>
                <onup>404</onup>
                <ondown>1000</ondown>
            </control>
            <control type="button" id="251">
                <left>165</left>
                <top>0</top>
                <width>82</width>
                <height>82</height>
                <label>13395</label>
                <font>-</font>
                <texturefocus>OSDVideoFO.png</texturefocus>
                <texturenofocus>OSDVideoNF.png</texturenofocus>
                <onleft>250</onleft>
                <onright>252</onright>
                <onup>1000</onup>
                <ondown>1000</ondown>
                <onclick>ActivateWindow(OSDVideoSettings)</onclick>
            </control>
            <control type="button" id="252">
                <left>248</left>
                <top>0</top>
                <width>82</width>
                <height>82</height>
                <label>13396</label>
                <font>-</font>
                <texturefocus>OSDAudioFO.png</texturefocus>
                <texturenofocus>OSDAudioNF.png</texturenofocus>
                <onleft>251</onleft>
                <onright>253</onright>
                <onup>1000</onup>
                <ondown>1000</ondown>
                <onclick>ActivateWindow(OSDAudioSettings)</onclick>
            </control>
            <control type="button" id="253">
                <left>330</left>
                <top>0</top>
                <width>82</width>
                <height>82</height>
                <label>298</label>
                <font>-</font>
                <texturefocus>OSDBookmarksFO.png</texturefocus>
                <texturenofocus>OSDBookmarksNF.png</texturenofocus>
                <onleft>252</onleft>
                <onright>254</onright>
                <onup>1000</onup>
                <ondown>1000</ondown>
                <onclick>ActivateWindow(VideoBookmarks)</onclick>
            </control>
            <control type="button" id="254">
                <left>412</left>
                <top>0</top>
                <width>82</width>
                <height>82</height>
                <label>31355</label>
                <font>-</font>
                <texturefocus>OSDDvdFO.png</texturefocus>
                <texturenofocus>OSDDvdNF.png</texturenofocus>
                <onleft>253</onleft>
                <onright>200</onright>
                <onup>1000</onup>
                <ondown>1000</ondown>
                <onclick>PlayerControl(ShowVideoMenu)</onclick>
                <enable>VideoPlayer.HasMenu</enable>
                <animation effect="fade" start="100" end="50" time="100" condition="!VideoPlayer.HasMenu">Conditional</animation>
            </control>
        </control>
        <!-- LiveTV -->
        <control type="group">
            <left>450r</left>
            <top>90r</top>
            <animation effect="fade" time="200">VisibleChange</animation>
            <visible>![Window.IsVisible(SliderDialog) | Window.IsVisible(OSDVideoSettings) | Window.IsVisible(OSDAudioSettings) | Window.IsVisible(VideoBookmarks) | Window.IsVisible(PVROSDChannels) | Window.IsVisible(PVROSDGuide)]</visible>
            <visible>VideoPlayer.Content(LiveTV)</visible>
            <control type="button" id="354">
                <visible>VideoPlayer.IsStereoscopic</visible>
                <left>0</left>
                <top>0</top>
                <width>82</width>
                <height>82</height>
                <label>36501</label>
                <font>-</font>
                <texturefocus>OSDStereoscopicFO.png</texturefocus>
                <texturenofocus>OSDStereoscopicNF.png</texturenofocus>
                <onleft>307</onleft>
                <onright>350</onright>
                <onup>551</onup>
                <ondown>1000</ondown>
            </control>
            <control type="button" id="350">
                <left>82</left>
                <top>0</top>
                <width>82</width>
                <height>82</height>
                <label>31356</label>
                <font>-</font>
                <texturefocus>OSDTeleTextFO.png</texturefocus>
                <texturenofocus>OSDTeleTextNF.png</texturenofocus>
                <onleft>354</onleft>
                <onright>351</onright>
                <onup>1000</onup>
                <ondown>1000</ondown>
                <onclick>ActivateWindow(Teletext)</onclick>
            </control>
            <control type="button" id="351">
                <left>165</left>
                <top>0</top>
                <width>82</width>
                <height>82</height>
                <label>13395</label>
                <font>-</font>
                <texturefocus>OSDVideoFO.png</texturefocus>
                <texturenofocus>OSDVideoNF.png</texturenofocus>
                <onleft>350</onleft>
                <onright>352</onright>
                <onup>1000</onup>
                <ondown>1000</ondown>
                <onclick>ActivateWindow(OSDVideoSettings)</onclick>
            </control>
            <control type="button" id="352">
                <left>248</left>
                <top>0</top>
                <width>82</width>
                <height>82</height>
                <label>13396</label>
                <font>-</font>
                <texturefocus>OSDAudioFO.png</texturefocus>
                <texturenofocus>OSDAudioNF.png</texturenofocus>
                <onleft>351</onleft>
                <onright>353</onright>
                <onup>1000</onup>
                <ondown>1000</ondown>
                <onclick>ActivateWindow(OSDAudioSettings)</onclick>
            </control>
            <control type="togglebutton" id="353">
                <left>330</left>
                <top>0</top>
                <width>82</width>
                <height>82</height>
                <label>264</label>
                <altlabel>265</altlabel>
                <font>-</font>
                <texturefocus>OSDRecordOffFO.png</texturefocus>
                <texturenofocus>OSDRecordOffNF.png</texturenofocus>
                <usealttexture>Player.Recording</usealttexture>
                <alttexturefocus>OSDRecordOnFO.png</alttexturefocus>
                <alttexturenofocus>OSDRecordOnNF.png</alttexturenofocus>
                <onleft>352</onleft>
                <onright>300</onright>
                <onup>1000</onup>
                <ondown>1000</ondown>
                <onclick>PlayerControl(Record)</onclick>
                <enable>Player.CanRecord</enable>
                <animation effect="fade" start="100" end="50" time="100" condition="!Player.CanRecord">Conditional</animation>
            </control>
        </control>
        <control type="button" id="410">
            <description>Fake button for mouse control</description>
            <right>218</right>
            <bottom>90</bottom>
            <width>384</width>
            <height>375</height>
            <label>-</label>
            <font>-</font>
            <texturenofocus>-</texturenofocus>
            <texturefocus>-</texturefocus>
            <visible>Control.HasFocus(410) | Control.HasFocus(250) | ControlGroup(400).HasFocus</visible>
        </control>
        <control type="grouplist" id="400">
            <visible>![Window.IsVisible(SliderDialog) | Window.IsVisible(OSDVideoSettings) | Window.IsVisible(OSDAudioSettings) | Window.IsVisible(VideoBookmarks)]</visible>
            <animation effect="fade" time="200">VisibleChange</animation>
            <animation effect="slide" start="0,0" end="0,120" time="0" condition="![VideoPlayer.HasSubtitles + VideoPlayer.SubtitlesEnabled]">Conditional</animation>
            <animation effect="slide" start="0,0" end="0,60" time="0" condition="!VideoPlayer.HasSubtitles">Conditional</animation>
            <right>218</right>
            <bottom>68</bottom>
            <width>384</width>
            <height>390</height>
            <itemgap>0</itemgap>
            <onleft>400</onleft>
            <onright>400</onright>
            <onup>250</onup>
            <ondown>250</ondown>
            <orientation>vertical</orientation>
            <visible>Control.HasFocus(410) | Control.HasFocus(250) | ControlGroup(400).HasFocus</visible>
            <include>VisibleFadeEffect</include>
            <control type="group">
                <description>Header</description>
                <width>384</width>
                <height>60</height>
                <control type="image">
                    <description>Header</description>
                    <left>0</left>
                    <top>0</top>
                    <width>384</width>
                    <height>60</height>
                    <texture border="20,18,20,0">SubMenuBack-Header.png</texture>
                </control>
                <control type="label" id="">
                    <left>45</left>
                    <top>30</top>
                    <width>294</width>
                    <height>22</height>
                    <font>font12</font>
                    <label>24012</label>
                    <textcolor>blue</textcolor>
                    <align>center</align>
                    <aligny>center</aligny>
                </control>
            </control>
            <control type="togglebutton" id="401">
                <description>Download with Subtitles script</description>
                <height>60</height>
                <width>384</width>
                <font>font13</font>
                <label>33003</label>
                <font>-</font>
                <textoffsetx>45</textoffsetx>
                <aligny>center</aligny>
                <texturefocus border="25,5,25,5">SubMenuBack-MiddleFO.png</texturefocus>
                <texturenofocus border="25,5,25,5">SubMenuBack-MiddleNF.png</texturenofocus>
                <alttexturefocus border="25,5,25,5">SubMenuBack-MiddleFO.png</alttexturefocus>
                <alttexturenofocus border="25,5,25,5">SubMenuBack-MiddleNF.png</alttexturenofocus>
                <onclick>Close</onclick>
                <onclick>Dialog.Close(VideoOSD)</onclick>
                <onclick>ActivateWindow(SubtitleSearch)</onclick>
            </control>
            <control type="button" id="402">
                <height>60</height>
                <width>384</width>
                <aligny>center</aligny>
                <font>font13</font>
                <textoffsetx>45</textoffsetx>
                <texturefocus border="25,5,25,5">SubMenuBack-MiddleFO.png</texturefocus>
                <texturenofocus border="25,5,25,5">SubMenuBack-MiddleNF.png</texturenofocus>
                <pulseonselect>false</pulseonselect>
                <label>22006</label>
                <onclick>SubtitleDelay</onclick>
                <visible>VideoPlayer.HasSubtitles + VideoPlayer.SubtitlesEnabled</visible>
            </control>
            <control type="button" id="403">
                <height>60</height>
                <width>384</width>
                <aligny>center</aligny>
                <font>font13</font>
                <textoffsetx>45</textoffsetx>
                <texturefocus border="25,5,25,5">SubMenuBack-MiddleFO.png</texturefocus>
                <texturenofocus border="25,5,25,5">SubMenuBack-MiddleNF.png</texturenofocus>
                <pulseonselect>false</pulseonselect>
                <label>209</label>
                <onclick>CycleSubtitle</onclick>
                <visible>VideoPlayer.HasSubtitles + VideoPlayer.SubtitlesEnabled</visible>
            </control>
            <control type="radiobutton" id="404">
                <height>60</height>
                <width>384</width>
                <textoffsetx>45</textoffsetx>
                <aligny>center</aligny>
                <font>font13</font>
                <label>449</label>
                <radioposx>300</radioposx>
                <texturefocus border="25,5,25,5">SubMenuBack-MiddleFO.png</texturefocus>
                <texturenofocus border="25,5,25,5">SubMenuBack-MiddleNF.png</texturenofocus>
                <onclick>ShowSubtitles</onclick>
                <selected>VideoPlayer.SubtitlesEnabled</selected>
                <visible>VideoPlayer.HasSubtitles</visible>
                <pulseonselect>false</pulseonselect>
            </control>
            <control type="image" id="440">
                <description>Footer</description>
                <width>384</width>
                <height>78</height>
                <texture border="20,0,20,50">SubMenuBack-Footer.png</texture>
            </control>
        </control>
        <!-- STEREOSCOPIC 3D !LiveTV -->
        <control type="button" id="520">
            <description>Fake button for mouse control</description>
            <right>300</right>
            <bottom>90</bottom>
            <width>384</width>
            <height>315</height>
            <label>-</label>
            <font>-</font>
            <texturenofocus>-</texturenofocus>
            <texturefocus>-</texturefocus>
            <visible>Control.HasFocus(520) | Control.HasFocus(255) | ControlGroup(500).HasFocus</visible>
        </control>
        <control type="grouplist" id="500">
            <visible>VideoPlayer.IsStereoscopic + ![Window.IsVisible(SliderDialog) | Window.IsVisible(OSDVideoSettings) | Window.IsVisible(OSDAudioSettings) | Window.IsVisible(VideoBookmarks)]</visible>
            <animation effect="fade" time="200">VisibleChange</animation>
            <right>300</right>
            <bottom>68</bottom>
            <width>384</width>
            <height>330</height>
            <itemgap>0</itemgap>
            <onleft>500</onleft>
            <onright>500</onright>
            <onup>255</onup>
            <ondown>255</ondown>
            <orientation>vertical</orientation>
            <visible>Control.HasFocus(255) | ControlGroup(500).HasFocus | Control.HasFocus(520)</visible>
            <include>VisibleFadeEffect</include>
            <control type="group">
                <description>Header</description>
                <width>384</width>
                <height>60</height>
                <control type="image">
                    <description>Header</description>
                    <left>0</left>
                    <top>0</top>
                    <width>384</width>
                    <height>60</height>
                    <texture border="20,18,20,0">SubMenuBack-Header.png</texture>
                </control>
                <control type="label" id="">
                    <left>0</left>
                    <top>30</top>
                    <width>384</width>
                    <height>22</height>
                    <font>font12</font>
                    <label>36501</label>
                    <textcolor>blue</textcolor>
                    <align>center</align>
                    <aligny>center</aligny>
                </control>
            </control>
            <control type="radiobutton" id="503">
                <height>60</height>
                <width>384</width>
                <textoffsetx>45</textoffsetx>
                <aligny>center</aligny>
                <font>font13</font>
                <label>31362</label>
                <radioposx>300</radioposx>
                <texturefocus border="25,5,25,5">SubMenuBack-MiddleFO.png</texturefocus>
                <texturenofocus border="25,5,25,5">SubMenuBack-MiddleNF.png</texturenofocus>
                <onclick>ToggleStereoMode</onclick>
                <selected>IntegerGreaterThan(System.StereoscopicMode,0)</selected>
                <pulseonselect>false</pulseonselect>
            </control>
            <control type="button" id="502">
                <height>60</height>
                <width>384</width>
                <aligny>center</aligny>
                <font>font13</font>
                <textoffsetx>45</textoffsetx>
                <texturefocus border="25,5,25,5">SubMenuBack-MiddleFO.png</texturefocus>
                <texturenofocus border="25,5,25,5">SubMenuBack-MiddleNF.png</texturenofocus>
                <pulseonselect>false</pulseonselect>
                <label>31361</label>
                <onclick>StereoMode</onclick>
            </control>
            <control type="radiobutton" id="501">
                <height>60</height>
                <width>384</width>
                <textoffsetx>45</textoffsetx>
                <aligny>center</aligny>
                <font>font13</font>
                <label>31360</label>
                <radioposx>300</radioposx>
                <texturefocus border="25,5,25,5">SubMenuBack-MiddleFO.png</texturefocus>
                <texturenofocus border="25,5,25,5">SubMenuBack-MiddleNF.png</texturenofocus>
                <onclick>StereoModeToMono</onclick>
                <selected>StringCompare(System.StereoscopicMode,7)</selected>
                <pulseonselect>false</pulseonselect>
            </control>
            <control type="image" id="549">
                <description>Footer</description>
                <width>384</width>
                <height>78</height>
                <texture border="20,0,20,50">SubMenuBack-Footer.png</texture>
            </control>
        </control>
        <!-- STEREOSCOPIC 3D LiveTV -->
        <control type="button" id="570">
            <description>Fake button for mouse control</description>
            <right>218</right>
            <bottom>90</bottom>
            <width>384</width>
            <height>315</height>
            <label>-</label>
            <font>-</font>
            <texturenofocus>-</texturenofocus>
            <texturefocus>-</texturefocus>
            <visible>Control.HasFocus(570) | Control.HasFocus(354) | ControlGroup(550).HasFocus</visible>
        </control>
        <control type="grouplist" id="550">
            <visible>videoplayer.isstereoscopic + ![Window.IsVisible(SliderDialog) | Window.IsVisible(OSDVideoSettings) | Window.IsVisible(OSDAudioSettings) | Window.IsVisible(VideoBookmarks) | Window.IsVisible(PVROSDChannels) | Window.IsVisible(PVROSDGuide)]</visible>
            <animation effect="fade" time="200">VisibleChange</animation>
            <right>218</right>
            <bottom>68</bottom>
            <width>384</width>
            <height>330</height>
            <itemgap>0</itemgap>
            <onleft>550</onleft>
            <onright>550</onright>
            <onup>354</onup>
            <ondown>354</ondown>
            <orientation>vertical</orientation>
            <visible>Control.HasFocus(354) | ControlGroup(550).HasFocus | Control.HasFocus(570)</visible>
            <include>VisibleFadeEffect</include>
            <control type="group">
                <description>Header</description>
                <width>384</width>
                <height>60</height>
                <control type="image">
                    <description>Header</description>
                    <left>0</left>
                    <top>0</top>
                    <width>384</width>
                    <height>60</height>
                    <texture border="20,18,20,0">SubMenuBack-Header.png</texture>
                </control>
                <control type="label" id="">
                    <left>0</left>
                    <top>30</top>
                    <width>384</width>
                    <height>22</height>
                    <font>font12</font>
                    <label>36501</label>
                    <textcolor>blue</textcolor>
                    <align>center</align>
                    <aligny>center</aligny>
                </control>
            </control>
            <control type="radiobutton" id="553">
                <height>60</height>
                <width>384</width>
                <textoffsetx>45</textoffsetx>
                <aligny>center</aligny>
                <font>font13</font>
                <label>31362</label>
                <radioposx>300</radioposx>
                <texturefocus border="25,5,25,5">SubMenuBack-MiddleFO.png</texturefocus>
                <texturenofocus border="25,5,25,5">SubMenuBack-MiddleNF.png</texturenofocus>
                <onclick>ToggleStereoMode</onclick>
                <selected>IntegerGreaterThan(System.StereoscopicMode,0)</selected>
                <pulseonselect>false</pulseonselect>
            </control>
            <control type="button" id="552">
                <height>60</height>
                <width>384</width>
                <aligny>center</aligny>
                <font>font13</font>
                <textoffsetx>45</textoffsetx>
                <texturefocus border="25,5,25,5">SubMenuBack-MiddleFO.png</texturefocus>
                <texturenofocus border="25,5,25,5">SubMenuBack-MiddleNF.png</texturenofocus>
                <pulseonselect>false</pulseonselect>
                <label>31361</label>
                <onclick>StereoMode</onclick>
            </control>
            <control type="radiobutton" id="551">
                <height>60</height>
                <width>384</width>
                <textoffsetx>45</textoffsetx>
                <aligny>center</aligny>
                <font>font13</font>
                <label>31360</label>
                <radioposx>300</radioposx>
                <texturefocus border="25,5,25,5">SubMenuBack-MiddleFO.png</texturefocus>
                <texturenofocus border="25,5,25,5">SubMenuBack-MiddleNF.png</texturenofocus>
                <onclick>StereoModeToMono</onclick>
                <selected>StringCompare(System.StereoscopicMode,7)</selected>
                <pulseonselect>false</pulseonselect>
            </control>
            <control type="image" id="599">
                <description>Footer</description>
                <width>384</width>
                <height>78</height>
                <texture border="20,0,20,50">SubMenuBack-Footer.png</texture>
            </control>
        </control>
    </controls>
</window>
