<?xml version="1.0" encoding="UTF-8"?>
<includes>
    <include name="PosterWrapView">
        <control type="grouplist">
            <visible>Control.IsVisible(501)</visible>
            <left>90</left>
            <top>120</top>
            <width>1740</width>
            <height>690</height>
            <onup>9000</onup>
            <ondown>61</ondown>
            <usecontrolcoords>true</usecontrolcoords>
            <include>VisibleFadeEffect</include>
            <control type="fixedlist" id="501">
                <visible>Container.Content(Movies) | Container.Content(Seasons) | Container.Content(TVShows) | Container.Content(Sets)</visible>
                <visible>!Container.Content(LiveTV)</visible>
                <left>-274</left>
                <top>0</top>
                <width>2014</width>
                <height>585</height>
                <onleft>501</onleft>
                <onright>501</onright>
                <onup>2</onup>
                <ondown>60</ondown>
                <viewtype label="31028">bigwrap</viewtype>
                <pagecontrol>60</pagecontrol>
                <scrolltime>200</scrolltime>
                <focusposition>3</focusposition>
                <orientation>horizontal</orientation>
                <preloaditems>4</preloaditems>
                <itemlayout height="465" width="327">
                    <control type="image">
                        <left>3</left>
                        <top>60</top>
                        <width>321</width>
                        <height>465</height>
                        <aspectratio>stretch</aspectratio>
                        <bordertexture border="5">button-nofocus.png</bordertexture>
                        <bordersize>4</bordersize>
                        <texture background="true">$VAR[PosterThumb]</texture>
                    </control>
                </itemlayout>
                <focusedlayout height="465" width="327">
                    <control type="image">
                        <left>-3</left>
                        <top>54</top>
                        <width>333</width>
                        <height>477</height>
                        <aspectratio>stretch</aspectratio>
                        <bordertexture border="8">ThumbBorder.png</bordertexture>
                        <bordersize>8</bordersize>
                        <texture background="true">$VAR[PosterThumb]</texture>
                        <animation reversible="false" effect="zoom" start="-3,54,222,318" end="-42,0,284,390" time="200">focus</animation>
                        <animation reversible="false" effect="zoom" end="-3,54,222,318" start="-42,0,284,390" time="200">unfocus</animation>
                    </control>
                    <control type="image">
                        <left>9</left>
                        <top>66</top>
                        <width>255</width>
                        <height>270</height>
                        <aspectratio>stretch</aspectratio>
                        <texture>GlassOverlay.png</texture>
                        <animation reversible="false" effect="zoom" start="9,66,170,180" end="-36,6,240,250" time="200">focus</animation>
                        <animation reversible="false" effect="zoom" end="9,66,170,180" start="-36,6,240,250" time="200">unfocus</animation>
                    </control>
                    <control type="image">
                        <left>278</left>
                        <top>465</top>
                        <width>52</width>
                        <height>52</height>
                        <aspectratio>keep</aspectratio>
                        <texture>$INFO[ListItem.Overlay]</texture>
                        <animation type="focus">
                            <effect type="fade" start="0" end="100" time="200" />
                            <effect type="slide" start="0,0" end="60,60" time="200" />
                        </animation>
                        <animation type="unfocus">
                            <effect type="fade" start="100" end="0" time="200" />
                            <effect type="slide" end="0,0" start="60,60" time="200" />
                        </animation>
                    </control>
                </focusedlayout>
            </control>
            <control type="scrollbar" id="60">
                <left>210</left>
                <top>0</top>
                <width>1320</width>
                <height>38</height>
                <texturesliderbackground border="14,0,14,0">ScrollBarH.png</texturesliderbackground>
                <texturesliderbar border="14,0,14,0">ScrollBarH_bar.png</texturesliderbar>
                <texturesliderbarfocus border="14,0,14,0">ScrollBarH_bar_focus.png</texturesliderbarfocus>
                <textureslidernib>ScrollBarNib.png</textureslidernib>
                <textureslidernibfocus>ScrollBarNib.png</textureslidernibfocus>
                <onup>501</onup>
                <ondown>9000</ondown>
                <showonepage>false</showonepage>
                <orientation>horizontal</orientation>
                <visible>Control.IsVisible(501)</visible>
            </control>
        </control>
        <control type="group">
            <visible>Control.IsVisible(501)</visible>
            <control type="image">
                <left>84</left>
                <top>180</top>
                <width>192</width>
                <height>465</height>
                <texture>SideFade.png</texture>
            </control>
            <control type="image">
                <left>1641</left>
                <top>180</top>
                <width>192</width>
                <height>465</height>
                <texture flipx="true">SideFade.png</texture>
            </control>
        </control>
        <control type="group">
            <visible>Control.IsVisible(501) + [Container.Content(Movies) | Container.Content(Sets)]</visible>
            <control type="label">
                <left>45</left>
                <top>750</top>
                <width>1830</width>
                <height>52</height>
                <font>font28_title</font>
                <textcolor>blue</textcolor>
                <shadowcolor>black</shadowcolor>
                <scroll>true</scroll>
                <align>center</align>
                <aligny>center</aligny>
                <label>$INFO[ListItem.Label]</label>
            </control>
            <control type="label">
                <left>0</left>
                <top>810</top>
                <width>1920</width>
                <height>52</height>
                <font>font30</font>
                <textcolor>white</textcolor>
                <shadowcolor>black</shadowcolor>
                <scroll>true</scroll>
                <align>center</align>
                <aligny>center</aligny>
                <label>$INFO[ListItem.Year]</label>
            </control>
            <control type="label">
                <left>0</left>
                <top>870</top>
                <width>1920</width>
                <height>30</height>
                <font>font13</font>
                <textcolor>white</textcolor>
                <shadowcolor>black</shadowcolor>
                <scroll>true</scroll>
                <align>center</align>
                <aligny>center</aligny>
                <label>$INFO[ListItem.Duration,$LOCALIZE[2050] , $LOCALIZE[12391]]</label>
            </control>
            <control type="grouplist">
                <description>Media Codec Flagging Images</description>
                <left>0</left>
                <top>915</top>
                <width>1920</width>
                <align>center</align>
                <itemgap>3</itemgap>
                <orientation>horizontal</orientation>
                <include>VideoCodecFlaggingConditions</include>
                <include>AudioCodecFlaggingConditions</include>
                <include>AudioChannelsFlaggingConditions</include>
                <include>AspectCodecFlaggingConditions</include>
                <include>VideoStereoscopicsFlaggingConditions</include>
                <include>VideoTypeHackFlaggingConditions</include>
            </control>
        </control>
        <control type="group">
            <visible>Control.IsVisible(501) + Container.Content(Seasons)</visible>
            <control type="label">
                <left>45</left>
                <top>750</top>
                <width>1830</width>
                <height>52</height>
                <font>font28_title</font>
                <textcolor>blue</textcolor>
                <scroll>true</scroll>
                <align>center</align>
                <aligny>center</aligny>
                <label>$INFO[ListItem.Label]</label>
            </control>
            <control type="label">
                <left>0</left>
                <top>810</top>
                <width>1920</width>
                <height>52</height>
                <font>font30</font>
                <textcolor>white</textcolor>
                <scroll>true</scroll>
                <align>center</align>
                <aligny>center</aligny>
                <label>$INFO[ListItem.TVShowTitle]</label>
            </control>
            <control type="label">
                <left>0</left>
                <top>862</top>
                <width>1920</width>
                <height>52</height>
                <font>font13</font>
                <textcolor>white</textcolor>
                <scroll>true</scroll>
                <align>center</align>
                <aligny>center</aligny>
                <label>$INFO[ListItem.Episode,, $LOCALIZE[20453]]</label>
            </control>
            <control type="label">
                <left>0</left>
                <top>908</top>
                <width>1920</width>
                <height>52</height>
                <font>font12</font>
                <textcolor>white</textcolor>
                <scroll>true</scroll>
                <align>center</align>
                <aligny>center</aligny>
                <label>($INFO[ListItem.Property(WatchedEpisodes),, $LOCALIZE[16102]] - $INFO[ListItem.Property(UnWatchedEpisodes), , $LOCALIZE[16101]])</label>
            </control>
        </control>
        <control type="group">
            <visible>Control.IsVisible(501) + Container.Content(TVShows)</visible>
            <control type="label">
                <left>45</left>
                <top>750</top>
                <width>1830</width>
                <height>52</height>
                <font>font28_title</font>
                <textcolor>blue</textcolor>
                <scroll>true</scroll>
                <align>center</align>
                <aligny>center</aligny>
                <label>$INFO[ListItem.Label]</label>
            </control>
            <control type="label">
                <left>0</left>
                <top>810</top>
                <width>1920</width>
                <height>52</height>
                <font>font30</font>
                <textcolor>white</textcolor>
                <scroll>true</scroll>
                <align>center</align>
                <aligny>center</aligny>
                <label>$INFO[ListItem.Genre]</label>
            </control>
            <control type="label">
                <left>0</left>
                <top>862</top>
                <width>1920</width>
                <height>52</height>
                <font>font13</font>
                <textcolor>white</textcolor>
                <scroll>true</scroll>
                <align>center</align>
                <aligny>center</aligny>
                <label>$INFO[ListItem.Episode,, $LOCALIZE[20453]]</label>
            </control>
            <control type="label">
                <left>0</left>
                <top>908</top>
                <width>1920</width>
                <height>52</height>
                <font>font12</font>
                <textcolor>white</textcolor>
                <scroll>true</scroll>
                <align>center</align>
                <aligny>center</aligny>
                <label>($INFO[ListItem.Property(WatchedEpisodes),, $LOCALIZE[16102]] - $INFO[ListItem.Property(UnWatchedEpisodes), , $LOCALIZE[16101]])</label>
            </control>
        </control>
    </include>
    <include name="PosterWrapView2_Fanart">
        <control type="group">
            <left>0</left>
            <top>525</top>
            <visible>Control.IsVisible(508) + [[ListItem.IsFolder + Container.Content(Movies)] | Skin.HasSetting(View508HideInfo) | Container.Content(Sets)]</visible>
            <include>VisibleFadeEffect</include>
            <control type="image">
                <left>0</left>
                <top>0</top>
                <width>1920</width>
                <height>405</height>
                <texture border="1">HomeNowPlayingBack.png</texture>
            </control>
            <control type="label">
                <left>60</left>
                <top>105</top>
                <width>1800</width>
                <height>30</height>
                <font>font24_title</font>
                <textcolor>white</textcolor>
                <shadowcolor>black</shadowcolor>
                <scroll>true</scroll>
                <align>center</align>
                <aligny>center</aligny>
                <label>$INFO[ListItem.Label]</label>
                <animation effect="slide" start="0,0" end="0,38" time="200" condition="!Control.HasFocus(508)">conditional</animation>
            </control>
        </control>
        <control type="group">
            <visible>Control.IsVisible(508)</visible>
            <include>VisibleFadeEffect</include>
            <left>0</left>
            <top>690</top>
            <control type="fixedlist" id="508">
                <visible>Container.Content(Movies) | Container.Content(TVShows) | Container.Content(Sets)</visible>
                <hitrect x="0" y="-15" w="1920" h="285" />
                <left>-30</left>
                <top>0</top>
                <width>1980</width>
                <height>375</height>
                <onleft>508</onleft>
                <onright>508</onright>
                <onup>2</onup>
                <ondown>60</ondown>
                <viewtype label="31029">wrap</viewtype>
                <pagecontrol>60</pagecontrol>
                <scrolltime>200</scrolltime>
                <focusposition>5</focusposition>
                <movement>3</movement>
                <orientation>horizontal</orientation>
                <preloaditems>4</preloaditems>
                <itemlayout height="300" width="180">
                    <control type="image">
                        <left>3</left>
                        <top>30</top>
                        <width>180</width>
                        <height>240</height>
                        <aspectratio>stretch</aspectratio>
                        <bordertexture border="5">button-nofocus.png</bordertexture>
                        <bordersize>4</bordersize>
                        <fadetime>200</fadetime>
                        <texture background="true">$VAR[PosterThumb]</texture>
                    </control>
                    <control type="image">
                        <left>9</left>
                        <top>36</top>
                        <width>168</width>
                        <height>228</height>
                        <aspectratio>stretch</aspectratio>
                        <texture>black-back.png</texture>
                        <colordiffuse>AAFFFFFF</colordiffuse>
                    </control>
                    <control type="image">
                        <left>3</left>
                        <top>270</top>
                        <width>180</width>
                        <height>240</height>
                        <aspectratio>stretch</aspectratio>
                        <bordertexture border="5" diffuse="diffuse_mirror2.png">button-nofocus.png</bordertexture>
                        <bordersize>4</bordersize>
                        <fadetime>200</fadetime>
                        <texture background="true" flipy="true" diffuse="diffuse_mirror2.png">$VAR[PosterThumb]</texture>
                    </control>
                </itemlayout>
                <focusedlayout height="465" width="180">
                    <control type="image">
                        <left>-3</left>
                        <top>24</top>
                        <width>192</width>
                        <height>252</height>
                        <aspectratio>stretch</aspectratio>
                        <bordertexture border="8">ThumbBorder.png</bordertexture>
                        <bordersize>8</bordersize>
                        <fadetime>200</fadetime>
                        <texture background="true">$VAR[PosterThumb]</texture>
                        <animation reversible="false" effect="zoom" start="-3,24,128,168" end="-18,-15,148,198" time="200">focus</animation>
                        <animation reversible="false" effect="zoom" end="-3,24,128,168" start="-18,-15,148,198" time="200">unfocus</animation>
                    </control>
                    <control type="image">
                        <left>3</left>
                        <top>270</top>
                        <width>180</width>
                        <height>240</height>
                        <aspectratio>stretch</aspectratio>
                        <bordertexture border="5" diffuse="diffuse_mirror2.png">button-nofocus.png</bordertexture>
                        <bordersize>4</bordersize>
                        <fadetime>200</fadetime>
                        <texture background="true" flipy="true" diffuse="diffuse_mirror2.png">$VAR[PosterThumb]</texture>
                    </control>
                    <control type="image">
                        <left>135</left>
                        <top>225</top>
                        <width>52</width>
                        <height>52</height>
                        <aspectratio>keep</aspectratio>
                        <texture>$INFO[ListItem.Overlay]</texture>
                        <animation type="focus">
                            <effect type="fade" start="0" end="100" time="200" />
                            <effect type="slide" start="0,0" end="15,8" time="200" />
                        </animation>
                        <animation type="unfocus">
                            <effect type="fade" start="100" end="0" time="200" />
                            <effect type="slide" end="0,0" start="15,8" time="200" />
                        </animation>
                    </control>
                </focusedlayout>
            </control>
            <control type="scrollbar" id="60">
                <left>465</left>
                <top>278</top>
                <width>990</width>
                <height>38</height>
                <texturesliderbackground border="14,0,14,0">ScrollBarH.png</texturesliderbackground>
                <texturesliderbar border="14,0,14,0">ScrollBarH_bar.png</texturesliderbar>
                <texturesliderbarfocus border="14,0,14,0">ScrollBarH_bar_focus.png</texturesliderbarfocus>
                <textureslidernib>ScrollBarNib.png</textureslidernib>
                <textureslidernibfocus>ScrollBarNib.png</textureslidernibfocus>
                <onup>508</onup>
                <ondown>2</ondown>
                <showonepage>false</showonepage>
                <orientation>horizontal</orientation>
                <visible>Control.IsVisible(508)</visible>
            </control>
        </control>
        <control type="group">
            <left>270</left>
            <top>60</top>
            <visible>Control.IsVisible(508) + ![ListItem.IsFolder + Container.Content(Movies)] + !Skin.HasSetting(View508HideInfo) + !Container.Content(Sets)</visible>
            <include>VisibleFadeEffect</include>
            <control type="image">
                <left>0</left>
                <top>0</top>
                <width>1380</width>
                <height>615</height>
                <texture border="20">ContentPanel.png</texture>
            </control>
            <control type="label">
                <left>60</left>
                <top>30</top>
                <width>1260</width>
                <height>30</height>
                <font>font24_title</font>
                <textcolor>blue</textcolor>
                <shadowcolor>black</shadowcolor>
                <scroll>true</scroll>
                <align>center</align>
                <aligny>center</aligny>
                <label>$INFO[ListItem.Label]</label>
            </control>
            <control type="group">
                <left>60</left>
                <top>75</top>
                <visible>Container.Content(Movies)</visible>
                <control type="label">
                    <left>0</left>
                    <top>0</top>
                    <width>600</width>
                    <height>45</height>
                    <font>font13_title</font>
                    <textcolor>white</textcolor>
                    <shadowcolor>black</shadowcolor>
                    <scroll>true</scroll>
                    <align>left</align>
                    <aligny>center</aligny>
                    <label>31308</label>
                </control>
                <control type="fadelabel">
                    <left>0</left>
                    <top>45</top>
                    <width>600</width>
                    <height>45</height>
                    <font>font13</font>
                    <textcolor>white</textcolor>
                    <shadowcolor>black</shadowcolor>
                    <scroll>true</scroll>
                    <align>left</align>
                    <aligny>center</aligny>
                    <label>$INFO[ListItem.Genre]</label>
                    <scrollout>false</scrollout>
                    <pauseatend>2000</pauseatend>
                </control>
                <control type="fadelabel">
                    <left>0</left>
                    <top>82</top>
                    <width>600</width>
                    <height>45</height>
                    <font>font13</font>
                    <textcolor>white</textcolor>
                    <shadowcolor>black</shadowcolor>
                    <scroll>true</scroll>
                    <align>left</align>
                    <aligny>center</aligny>
                    <label>$INFO[ListItem.Year]</label>
                    <scrollout>false</scrollout>
                    <pauseatend>2000</pauseatend>
                </control>
                <control type="fadelabel">
                    <left>0</left>
                    <top>120</top>
                    <width>600</width>
                    <height>45</height>
                    <font>font13</font>
                    <textcolor>white</textcolor>
                    <shadowcolor>black</shadowcolor>
                    <scroll>true</scroll>
                    <align>left</align>
                    <aligny>center</aligny>
                    <label>$INFO[ListItem.Duration,, $LOCALIZE[12391]]</label>
                    <scrollout>false</scrollout>
                    <pauseatend>2000</pauseatend>
                </control>
                <control type="fadelabel">
                    <left>0</left>
                    <top>158</top>
                    <width>600</width>
                    <height>45</height>
                    <font>font13</font>
                    <textcolor>white</textcolor>
                    <shadowcolor>black</shadowcolor>
                    <scroll>true</scroll>
                    <align>left</align>
                    <aligny>center</aligny>
                    <label>$LOCALIZE[563] : $INFO[ListItem.RatingAndVotes]</label>
                    <scrollout>false</scrollout>
                    <pauseatend>2000</pauseatend>
                </control>
            </control>
            <control type="group">
                <left>720</left>
                <top>75</top>
                <visible>Container.Content(Movies)</visible>
                <control type="label">
                    <left>0</left>
                    <top>0</top>
                    <width>600</width>
                    <height>45</height>
                    <font>font13_title</font>
                    <textcolor>white</textcolor>
                    <shadowcolor>black</shadowcolor>
                    <scroll>true</scroll>
                    <align>left</align>
                    <aligny>center</aligny>
                    <label>20339</label>
                </control>
                <control type="label">
                    <left>0</left>
                    <top>45</top>
                    <width>600</width>
                    <height>45</height>
                    <font>font13</font>
                    <textcolor>white</textcolor>
                    <shadowcolor>black</shadowcolor>
                    <scroll>true</scroll>
                    <align>left</align>
                    <aligny>center</aligny>
                    <label>$INFO[ListItem.Director]</label>
                </control>
                <control type="label">
                    <left>0</left>
                    <top>112</top>
                    <width>600</width>
                    <height>45</height>
                    <font>font13_title</font>
                    <textcolor>white</textcolor>
                    <shadowcolor>black</shadowcolor>
                    <scroll>true</scroll>
                    <align>left</align>
                    <aligny>center</aligny>
                    <label>20417</label>
                </control>
                <control type="label">
                    <left>0</left>
                    <top>158</top>
                    <width>600</width>
                    <height>45</height>
                    <font>font13</font>
                    <textcolor>white</textcolor>
                    <shadowcolor>black</shadowcolor>
                    <scroll>true</scroll>
                    <align>left</align>
                    <aligny>top</aligny>
                    <label>$INFO[ListItem.Writer]</label>
                </control>
            </control>
            <control type="group">
                <left>60</left>
                <top>75</top>
                <visible>Container.Content(TVShows)</visible>
                <control type="label">
                    <left>0</left>
                    <top>0</top>
                    <width>600</width>
                    <height>45</height>
                    <font>font13_title</font>
                    <textcolor>white</textcolor>
                    <shadowcolor>black</shadowcolor>
                    <scroll>true</scroll>
                    <align>left</align>
                    <aligny>center</aligny>
                    <label>20351</label>
                </control>
                <control type="fadelabel">
                    <left>0</left>
                    <top>45</top>
                    <width>600</width>
                    <height>45</height>
                    <font>font13</font>
                    <textcolor>white</textcolor>
                    <shadowcolor>black</shadowcolor>
                    <scroll>true</scroll>
                    <align>left</align>
                    <aligny>center</aligny>
                    <label>$INFO[ListItem.Genre]</label>
                    <scrollout>false</scrollout>
                    <pauseatend>2000</pauseatend>
                </control>
                <control type="fadelabel">
                    <left>0</left>
                    <top>82</top>
                    <width>600</width>
                    <height>45</height>
                    <font>font13</font>
                    <textcolor>white</textcolor>
                    <shadowcolor>black</shadowcolor>
                    <scroll>true</scroll>
                    <align>left</align>
                    <aligny>center</aligny>
                    <label>$INFO[ListItem.Year]</label>
                    <scrollout>false</scrollout>
                    <pauseatend>2000</pauseatend>
                </control>
                <control type="fadelabel">
                    <left>0</left>
                    <top>120</top>
                    <width>600</width>
                    <height>45</height>
                    <font>font13</font>
                    <textcolor>white</textcolor>
                    <shadowcolor>black</shadowcolor>
                    <scroll>true</scroll>
                    <align>left</align>
                    <aligny>center</aligny>
                    <label>$LOCALIZE[563] : $INFO[ListItem.RatingAndVotes]</label>
                    <scrollout>false</scrollout>
                    <pauseatend>2000</pauseatend>
                </control>
            </control>
            <control type="group">
                <left>720</left>
                <top>75</top>
                <visible>Container.Content(TVShows)</visible>
                <control type="label">
                    <left>0</left>
                    <top>0</top>
                    <width>600</width>
                    <height>45</height>
                    <font>font13_title</font>
                    <textcolor>white</textcolor>
                    <shadowcolor>black</shadowcolor>
                    <scroll>true</scroll>
                    <align>left</align>
                    <aligny>center</aligny>
                    <label>20360</label>
                </control>
                <control type="label">
                    <left>0</left>
                    <top>45</top>
                    <width>600</width>
                    <height>45</height>
                    <font>font13</font>
                    <textcolor>white</textcolor>
                    <shadowcolor>black</shadowcolor>
                    <scroll>true</scroll>
                    <align>left</align>
                    <aligny>center</aligny>
                    <label>$LOCALIZE[20161] : $INFO[ListItem.Episode]</label>
                </control>
                <control type="label">
                    <left>0</left>
                    <top>82</top>
                    <width>600</width>
                    <height>45</height>
                    <font>font13</font>
                    <textcolor>white</textcolor>
                    <shadowcolor>black</shadowcolor>
                    <scroll>true</scroll>
                    <align>left</align>
                    <aligny>center</aligny>
                    <label>$LOCALIZE[16102] : $INFO[ListItem.Property(WatchedEpisodes)]</label>
                </control>
                <control type="label">
                    <left>0</left>
                    <top>120</top>
                    <width>600</width>
                    <height>45</height>
                    <font>font13</font>
                    <textcolor>white</textcolor>
                    <shadowcolor>black</shadowcolor>
                    <scroll>true</scroll>
                    <align>left</align>
                    <aligny>center</aligny>
                    <label>$LOCALIZE[16101] : $INFO[ListItem.Property(UnWatchedEpisodes)]</label>
                </control>
            </control>
            <control type="group">
                <left>60</left>
                <top>300</top>
                <control type="label">
                    <left>0</left>
                    <top>0</top>
                    <width>600</width>
                    <height>45</height>
                    <font>font13_title</font>
                    <textcolor>white</textcolor>
                    <shadowcolor>black</shadowcolor>
                    <scroll>true</scroll>
                    <align>left</align>
                    <aligny>center</aligny>
                    <label>207</label>
                </control>
                <control type="textbox">
                    <description>Description Value The Movie</description>
                    <left>0</left>
                    <top>45</top>
                    <width>1275</width>
                    <height>150</height>
                    <font>font13</font>
                    <align>justify</align>
                    <textcolor>white</textcolor>
                    <label>$INFO[ListItem.Plot]</label>
                    <autoscroll time="2000" delay="3000" repeat="5000">Skin.HasSetting(AutoScroll)</autoscroll>
                </control>
            </control>
            <control type="grouplist">
                <description>Media Codec Flagging Images</description>
                <left>45</left>
                <top>540</top>
                <width>1200</width>
                <align>left</align>
                <itemgap>3</itemgap>
                <orientation>horizontal</orientation>
                <include>VideoCodecFlaggingConditions</include>
                <include>AudioCodecFlaggingConditions</include>
                <include>AudioChannelsFlaggingConditions</include>
                <include>AspectCodecFlaggingConditions</include>
                <include>VideoStereoscopicsFlaggingConditions</include>
                <include>VideoTypeHackFlaggingConditions</include>
            </control>
            <control type="grouplist">
                <description>MPAA Rating Flagging Images</description>
                <left>142</left>
                <top>540</top>
                <width>1200</width>
                <align>right</align>
                <itemgap>0</itemgap>
                <orientation>horizontal</orientation>
                <include>VideoMPAAFlaggingConditions</include>
            </control>
        </control>
    </include>
    <include name="MediaListView3">
        <control type="group">
            <visible>Control.IsVisible(503)</visible>
            <include>VisibleFadeEffect</include>
            <control type="list" id="503">
                <left>105</left>
                <top>368</top>
                <width>870</width>
                <height>602</height>
                <onleft>2</onleft>
                <onright>60</onright>
                <onup>503</onup>
                <ondown>503</ondown>
                <viewtype label="$LOCALIZE[544] 2">list</viewtype>
                <pagecontrol>60</pagecontrol>
                <scrolltime>200</scrolltime>
                <visible>Container.Content(TVShows) | Container.Content(Seasons) | Container.Content(Episodes) | Container.Content(Movies)</visible>
                <itemlayout height="60" width="870">
                    <control type="image">
                        <left>0</left>
                        <top>0</top>
                        <width>870</width>
                        <height>62</height>
                        <texture border="0,2,0,2">MenuItemNF.png</texture>
                    </control>
                    <control type="label">
                        <left>15</left>
                        <top>0</top>
                        <width>780</width>
                        <height>60</height>
                        <font>font13</font>
                        <textcolor>grey2</textcolor>
                        <selectedcolor>selected</selectedcolor>
                        <align>left</align>
                        <aligny>center</aligny>
                        <label>$INFO[ListItem.Label]</label>
                    </control>
                    <control type="label">
                        <left>15</left>
                        <top>0</top>
                        <width>750</width>
                        <height>60</height>
                        <font>font12</font>
                        <textcolor>grey2</textcolor>
                        <selectedcolor>selected</selectedcolor>
                        <align>right</align>
                        <aligny>center</aligny>
                        <label>$INFO[ListItem.Label2]</label>
                        <visible>Window.IsVisible(Videos)</visible>
                        <animation effect="slide" start="0,0" end="60,0" delay="0" time="0" condition="![Container.Content(Movies) | Container.Content(Episodes) | Container.Content(MusicVideos)]">conditional</animation>
                    </control>
                    <control type="image">
                        <left>772</left>
                        <top>12</top>
                        <width>60</width>
                        <height>39</height>
                        <texture>$INFO[ListItem.VideoResolution,flagging/lists/,.png]</texture>
                        <aspectratio>keep</aspectratio>
                        <visible>Window.IsVisible(Videos) + [Container.Content(Movies) | Container.Content(Episodes) | Container.Content(MusicVideos)]</visible>
                        <visible>!ListItem.IsStereoscopic</visible>
                    </control>
                    <control type="image">
                        <left>772</left>
                        <top>12</top>
                        <width>60</width>
                        <height>39</height>
                        <texture>flagging/lists/3D.png</texture>
                        <visible>Window.IsVisible(Videos) + [Container.Content(Movies) | Container.Content(Episodes) | Container.Content(MusicVideos)]</visible>
                        <visible>ListItem.IsStereoscopic</visible>
                    </control>
                    <control type="image">
                        <left>832</left>
                        <top>21</top>
                        <width>30</width>
                        <height>24</height>
                        <texture>$INFO[ListItem.Overlay]</texture>
                        <aspectratio>keep</aspectratio>
                        <visible>!ListItem.IsResumable</visible>
                    </control>
                    <control type="image">
                        <left>832</left>
                        <top>21</top>
                        <width>24</width>
                        <height>24</height>
                        <texture>OverlayWatching.png</texture>
                        <visible>ListItem.IsResumable</visible>
                    </control>
                </itemlayout>
                <focusedlayout height="60" width="870">
                    <control type="image">
                        <left>0</left>
                        <top>0</top>
                        <width>870</width>
                        <height>62</height>
                        <texture border="0,2,0,2">MenuItemNF.png</texture>
                        <visible>!Control.HasFocus(503)</visible>
                        <include>VisibleFadeEffect</include>
                    </control>
                    <control type="image">
                        <left>0</left>
                        <top>0</top>
                        <width>870</width>
                        <height>62</height>
                        <texture border="0,2,0,2">MenuItemFO.png</texture>
                        <visible>Control.HasFocus(503)</visible>
                        <include>VisibleFadeEffect</include>
                    </control>
                    <control type="image">
                        <left>570</left>
                        <top>6</top>
                        <width>300</width>
                        <height>50</height>
                        <texture border="0,0,14,0">MediaItemDetailBG.png</texture>
                        <visible>Control.HasFocus(503) + !IsEmpty(ListItem.Label2)</visible>
                    </control>
                    <control type="label">
                        <left>15</left>
                        <top>0</top>
                        <width>780</width>
                        <height>60</height>
                        <font>font13</font>
                        <textcolor>white</textcolor>
                        <selectedcolor>selected</selectedcolor>
                        <align>left</align>
                        <aligny>center</aligny>
                        <label>$INFO[ListItem.Label]</label>
                    </control>
                    <control type="label">
                        <left>15</left>
                        <top>0</top>
                        <width>750</width>
                        <height>60</height>
                        <font>font12</font>
                        <textcolor>grey2</textcolor>
                        <selectedcolor>selected</selectedcolor>
                        <align>right</align>
                        <aligny>center</aligny>
                        <label>$INFO[ListItem.Label2]</label>
                        <visible>Window.IsVisible(Videos)</visible>
                        <animation effect="slide" start="0,0" end="60,0" delay="0" time="0" condition="![Container.Content(Movies) | Container.Content(Episodes) | Container.Content(MusicVideos)]">conditional</animation>
                    </control>
                    <control type="image">
                        <left>772</left>
                        <top>12</top>
                        <width>60</width>
                        <height>39</height>
                        <texture>$INFO[ListItem.VideoResolution,flagging/lists/,.png]</texture>
                        <aspectratio>keep</aspectratio>
                        <visible>Window.IsVisible(Videos) + [Container.Content(Movies) | Container.Content(Episodes) | Container.Content(MusicVideos)]</visible>
                        <visible>!ListItem.IsStereoscopic</visible>
                    </control>
                    <control type="image">
                        <left>772</left>
                        <top>12</top>
                        <width>60</width>
                        <height>39</height>
                        <texture>flagging/lists/3D.png</texture>
                        <visible>Window.IsVisible(Videos) + [Container.Content(Movies) | Container.Content(Episodes) | Container.Content(MusicVideos)]</visible>
                        <visible>ListItem.IsStereoscopic</visible>
                    </control>
                    <control type="image">
                        <left>832</left>
                        <top>21</top>
                        <width>30</width>
                        <height>24</height>
                        <texture>$INFO[ListItem.Overlay]</texture>
                        <aspectratio>keep</aspectratio>
                        <visible>!ListItem.IsResumable</visible>
                    </control>
                    <control type="image">
                        <left>832</left>
                        <top>21</top>
                        <width>24</width>
                        <height>24</height>
                        <texture>OverlayWatching.png</texture>
                        <visible>ListItem.IsResumable</visible>
                    </control>
                </focusedlayout>
            </control>
            <control type="scrollbar" id="60">
                <left>975</left>
                <top>368</top>
                <width>38</width>
                <height>600</height>
                <texturesliderbackground border="0,14,0,14">ScrollBarV.png</texturesliderbackground>
                <texturesliderbar border="0,14,0,14">ScrollBarV_bar.png</texturesliderbar>
                <texturesliderbarfocus border="0,14,0,14">ScrollBarV_bar_focus.png</texturesliderbarfocus>
                <textureslidernib>ScrollBarNib.png</textureslidernib>
                <textureslidernibfocus>ScrollBarNib.png</textureslidernibfocus>
                <onleft>503</onleft>
                <onright>2</onright>
                <showonepage>false</showonepage>
                <orientation>vertical</orientation>
                <visible>Control.IsVisible(503)</visible>
            </control>
            <control type="group">
                <left>1065</left>
                <top>368</top>
                <visible>Container.Content(TVShows)</visible>
                <control type="image">
                    <left>0</left>
                    <top>0</top>
                    <width>795</width>
                    <height>165</height>
                    <aspectratio>keep</aspectratio>
                    <fadetime>IconCrossfadeTime</fadetime>
                    <texture background="true">$VAR[BannerThumb]</texture>
                    <bordertexture border="8">ThumbShadow.png</bordertexture>
                    <bordersize>8</bordersize>
                </control>
                <control type="label">
                    <description>Episodes txt</description>
                    <left>15</left>
                    <top>180</top>
                    <width>210</width>
                    <height>38</height>
                    <label>$LOCALIZE[20360]:</label>
                    <align>right</align>
                    <aligny>center</aligny>
                    <font>font12</font>
                    <textcolor>blue</textcolor>
                </control>
                <control type="label">
                    <description>Episodes Value</description>
                    <left>240</left>
                    <top>180</top>
                    <width>540</width>
                    <height>38</height>
                    <label fallback="416">$INFO[listitem.episode] [COLOR=grey] ($INFO[ListItem.Property(WatchedEpisodes),, $LOCALIZE[16102]] - $INFO[ListItem.Property(UnWatchedEpisodes), , $LOCALIZE[16101]])[/COLOR]</label>
                    <align>left</align>
                    <aligny>center</aligny>
                    <font>font12</font>
                    <scroll>true</scroll>
                </control>
                <control type="label">
                    <description>Aired txt</description>
                    <left>15</left>
                    <top>218</top>
                    <width>210</width>
                    <height>38</height>
                    <label>$LOCALIZE[31322]:</label>
                    <align>right</align>
                    <aligny>center</aligny>
                    <font>font12</font>
                    <textcolor>blue</textcolor>
                </control>
                <control type="label">
                    <description>Aired Value</description>
                    <left>240</left>
                    <top>218</top>
                    <width>540</width>
                    <height>38</height>
                    <label fallback="416">$INFO[listitem.premiered]</label>
                    <align>left</align>
                    <aligny>center</aligny>
                    <font>font12</font>
                    <scroll>true</scroll>
                </control>
                <control type="label">
                    <description>Genre txt</description>
                    <left>15</left>
                    <top>255</top>
                    <width>210</width>
                    <height>38</height>
                    <label>$LOCALIZE[515]:</label>
                    <align>right</align>
                    <aligny>center</aligny>
                    <font>font12</font>
                    <textcolor>blue</textcolor>
                </control>
                <control type="fadelabel">
                    <description>Genre Value</description>
                    <left>240</left>
                    <top>255</top>
                    <width>540</width>
                    <height>38</height>
                    <label fallback="416">$INFO[listitem.Genre]</label>
                    <align>left</align>
                    <aligny>center</aligny>
                    <font>font12</font>
                    <scrollout>false</scrollout>
                    <pauseatend>1000</pauseatend>
                </control>
                <control type="image">
                    <left>0</left>
                    <top>300</top>
                    <width>795</width>
                    <height>6</height>
                    <texture>separator.png</texture>
                </control>
                <control type="textbox">
                    <description>Description Value for TVShows</description>
                    <left>15</left>
                    <top>315</top>
                    <width>765</width>
                    <height>285</height>
                    <font>font13</font>
                    <align>justify</align>
                    <textcolor>white</textcolor>
                    <label>$INFO[ListItem.Plot]</label>
                    <autoscroll time="2000" delay="3000" repeat="5000">Skin.HasSetting(AutoScroll)</autoscroll>
                </control>
            </control>
            <control type="group">
                <left>1065</left>
                <top>368</top>
                <visible>Container.Content(Episodes)</visible>
                <control type="image">
                    <left>0</left>
                    <top>0</top>
                    <width>795</width>
                    <height>315</height>
                    <aspectratio>keep</aspectratio>
                    <fadetime>IconCrossfadeTime</fadetime>
                    <texture background="true">$INFO[ListItem.Icon]</texture>
                    <bordertexture border="8">ThumbShadow.png</bordertexture>
                    <bordersize>8</bordersize>
                </control>
                <control type="grouplist">
                    <description>Media Codec Flagging Images</description>
                    <left>0</left>
                    <top>315</top>
                    <width>795</width>
                    <align>center</align>
                    <itemgap>3</itemgap>
                    <orientation>horizontal</orientation>
                    <include>VideoCodecFlaggingConditions</include>
                    <include>AudioCodecFlaggingConditions</include>
                    <include>AudioChannelsFlaggingConditions</include>
                    <include>AspectCodecFlaggingConditions</include>
                    <include>VideoStereoscopicsFlaggingConditions</include>
                    <include>VideoTypeHackFlaggingConditions</include>
                </control>
                <control type="label">
                    <description>INFO txt</description>
                    <left>15</left>
                    <top>368</top>
                    <width>765</width>
                    <height>45</height>
                    <label>$INFO[ListItem.Season,[COLOR=blue] $LOCALIZE[20373] :[/COLOR] ] $INFO[ListItem.episode,[COLOR=blue] $LOCALIZE[20359] :[/COLOR] ] $INFO[ListItem.premiered,[COLOR=blue] $LOCALIZE[31322] :[/COLOR] ]</label>
                    <align>center</align>
                    <aligny>center</aligny>
                    <font>font12</font>
                    <textcolor>white</textcolor>
                    <shadowcolor>black</shadowcolor>
                    <wrapmultiline>true</wrapmultiline>
                </control>
                <control type="image">
                    <left>0</left>
                    <top>412</top>
                    <width>795</width>
                    <height>6</height>
                    <texture>separator.png</texture>
                </control>
                <control type="textbox">
                    <description>Description Value for TVShows</description>
                    <left>15</left>
                    <top>420</top>
                    <width>765</width>
                    <height>180</height>
                    <font>font13</font>
                    <align>justify</align>
                    <textcolor>white</textcolor>
                    <label>$INFO[ListItem.Plot]</label>
                    <autoscroll time="2000" delay="3000" repeat="5000">Skin.HasSetting(AutoScroll)</autoscroll>
                </control>
            </control>
            <control type="group">
                <left>1065</left>
                <top>368</top>
                <visible>Container.Content(Seasons)</visible>
                <control type="image">
                    <left>0</left>
                    <top>0</top>
                    <width>390</width>
                    <height>532</height>
                    <aspectratio>keep</aspectratio>
                    <fadetime>IconCrossfadeTime</fadetime>
                    <texture background="true">$INFO[ListItem.Icon]</texture>
                    <bordertexture border="8">ThumbShadow.png</bordertexture>
                    <bordersize>8</bordersize>
                </control>
                <control type="textbox">
                    <description>Description Value for Seasons</description>
                    <left>405</left>
                    <top>0</top>
                    <width>375</width>
                    <height>532</height>
                    <font>font13</font>
                    <align>justify</align>
                    <textcolor>white</textcolor>
                    <label>$INFO[Container.ShowPlot]</label>
                    <autoscroll time="2000" delay="3000" repeat="5000">Skin.HasSetting(AutoScroll)</autoscroll>
                    <visible>Container.Content(Seasons)</visible>
                </control>
                <control type="label">
                    <description>Watched Count</description>
                    <left>15</left>
                    <top>555</top>
                    <width>765</width>
                    <height>38</height>
                    <label>[COLOR=white]$LOCALIZE[20360]:[/COLOR] $INFO[ListItem.Property(WatchedEpisodes),([COLOR=blue],[/COLOR]) $LOCALIZE[16102]] $INFO[ListItem.Property(UnWatchedEpisodes),([COLOR=blue],[/COLOR]) $LOCALIZE[16101]]</label>
                    <align>center</align>
                    <aligny>center</aligny>
                    <font>font12</font>
                    <textcolor>grey2</textcolor>
                    <shadowcolor>black</shadowcolor>
                </control>
            </control>
            <control type="group">
                <left>1065</left>
                <top>368</top>
                <visible>Container.Content(Movies)</visible>
                <control type="image">
                    <left>0</left>
                    <top>0</top>
                    <width>390</width>
                    <height>532</height>
                    <aspectratio>keep</aspectratio>
                    <fadetime>IconCrossfadeTime</fadetime>
                    <texture background="true">$VAR[PosterThumb]</texture>
                    <bordertexture border="8">ThumbShadow.png</bordertexture>
                    <bordersize>8</bordersize>
                </control>
                <control type="grouplist">
                    <description>Media Codec Flagging Images</description>
                    <left>0</left>
                    <top>548</top>
                    <width>795</width>
                    <align>center</align>
                    <itemgap>3</itemgap>
                    <orientation>horizontal</orientation>
                    <include>VideoCodecFlaggingConditions</include>
                    <include>AudioCodecFlaggingConditions</include>
                    <include>AudioChannelsFlaggingConditions</include>
                    <include>AspectCodecFlaggingConditions</include>
                    <include>VideoStereoscopicsFlaggingConditions</include>
                    <include>VideoTypeHackFlaggingConditions</include>
                </control>
                <control type="textbox">
                    <description>Description Value for Movie</description>
                    <left>405</left>
                    <top>0</top>
                    <width>375</width>
                    <height>532</height>
                    <font>font13</font>
                    <align>justify</align>
                    <textcolor>white</textcolor>
                    <label>$INFO[ListItem.Plot]</label>
                    <autoscroll time="2000" delay="3000" repeat="5000">Skin.HasSetting(AutoScroll)</autoscroll>
                </control>
            </control>
        </control>
    </include>
    <include name="MediaListView2">
        <control type="group">
            <visible>Control.IsVisible(504)</visible>
            <include>VisibleFadeEffect</include>
            <control type="list" id="504">
                <left>105</left>
                <top>117</top>
                <width>870</width>
                <height>842</height>
                <onleft>2</onleft>
                <onright>60</onright>
                <onup>504</onup>
                <ondown>504</ondown>
                <viewtype label="$LOCALIZE[544]">list</viewtype>
                <pagecontrol>60</pagecontrol>
                <scrolltime>200</scrolltime>
                <visible>Container.Content(TVShows) | Container.Content(Movies) | Container.Content(Episodes)</visible>
                <itemlayout height="60" width="870">
                    <control type="image">
                        <left>0</left>
                        <top>0</top>
                        <width>870</width>
                        <height>62</height>
                        <texture border="0,2,0,2">MenuItemNF.png</texture>
                    </control>
                    <control type="label">
                        <left>15</left>
                        <top>0</top>
                        <width>780</width>
                        <height>60</height>
                        <font>font13</font>
                        <textcolor>grey2</textcolor>
                        <selectedcolor>selected</selectedcolor>
                        <align>left</align>
                        <aligny>center</aligny>
                        <label>$INFO[ListItem.Label]</label>
                    </control>
                    <control type="label">
                        <left>15</left>
                        <top>0</top>
                        <width>750</width>
                        <height>60</height>
                        <font>font12</font>
                        <textcolor>grey2</textcolor>
                        <selectedcolor>selected</selectedcolor>
                        <align>right</align>
                        <aligny>center</aligny>
                        <label>$INFO[ListItem.Label2]</label>
                        <visible>Window.IsVisible(Videos)</visible>
                        <animation effect="slide" start="0,0" end="60,0" delay="0" time="0" condition="![Container.Content(Movies) | Container.Content(Episodes) | Container.Content(MusicVideos)]">conditional</animation>
                    </control>
                    <control type="image">
                        <left>772</left>
                        <top>12</top>
                        <width>60</width>
                        <height>39</height>
                        <texture>$INFO[ListItem.VideoResolution,flagging/lists/,.png]</texture>
                        <aspectratio>keep</aspectratio>
                        <visible>Window.IsVisible(Videos) + [Container.Content(Movies) | Container.Content(Episodes) | Container.Content(MusicVideos)]</visible>
                        <visible>!ListItem.IsStereoscopic</visible>
                    </control>
                    <control type="image">
                        <left>772</left>
                        <top>12</top>
                        <width>60</width>
                        <height>39</height>
                        <texture>flagging/lists/3D.png</texture>
                        <visible>Window.IsVisible(Videos) + [Container.Content(Movies) | Container.Content(Episodes) | Container.Content(MusicVideos)]</visible>
                        <visible>ListItem.IsStereoscopic</visible>
                    </control>
                    <control type="image">
                        <left>832</left>
                        <top>21</top>
                        <width>30</width>
                        <height>24</height>
                        <texture>$INFO[ListItem.Overlay]</texture>
                        <aspectratio>keep</aspectratio>
                        <visible>!ListItem.IsResumable</visible>
                    </control>
                    <control type="image">
                        <left>832</left>
                        <top>21</top>
                        <width>24</width>
                        <height>24</height>
                        <texture>OverlayWatching.png</texture>
                        <visible>ListItem.IsResumable</visible>
                    </control>
                </itemlayout>
                <focusedlayout height="60" width="870">
                    <control type="image">
                        <left>0</left>
                        <top>0</top>
                        <width>870</width>
                        <height>62</height>
                        <texture border="0,2,0,2">MenuItemNF.png</texture>
                        <visible>!Control.HasFocus(504)</visible>
                        <include>VisibleFadeEffect</include>
                    </control>
                    <control type="image">
                        <left>0</left>
                        <top>0</top>
                        <width>870</width>
                        <height>62</height>
                        <texture border="0,2,0,2">MenuItemFO.png</texture>
                        <visible>Control.HasFocus(504)</visible>
                        <include>VisibleFadeEffect</include>
                    </control>
                    <control type="image">
                        <left>570</left>
                        <top>6</top>
                        <width>300</width>
                        <height>50</height>
                        <texture border="0,0,14,0">MediaItemDetailBG.png</texture>
                        <visible>Control.HasFocus(504) + !IsEmpty(ListItem.Label2)</visible>
                    </control>
                    <control type="label">
                        <left>15</left>
                        <top>0</top>
                        <width>780</width>
                        <height>60</height>
                        <font>font13</font>
                        <textcolor>white</textcolor>
                        <selectedcolor>selected</selectedcolor>
                        <align>left</align>
                        <aligny>center</aligny>
                        <label>$INFO[ListItem.Label]</label>
                    </control>
                    <control type="label">
                        <left>15</left>
                        <top>0</top>
                        <width>750</width>
                        <height>60</height>
                        <font>font12</font>
                        <textcolor>grey2</textcolor>
                        <selectedcolor>selected</selectedcolor>
                        <align>right</align>
                        <aligny>center</aligny>
                        <label>$INFO[ListItem.Label2]</label>
                        <visible>Window.IsVisible(Videos)</visible>
                        <animation effect="slide" start="0,0" end="60,0" delay="0" time="0" condition="![Container.Content(Movies) | Container.Content(Episodes) | Container.Content(MusicVideos)]">conditional</animation>
                    </control>
                    <control type="image">
                        <left>772</left>
                        <top>12</top>
                        <width>60</width>
                        <height>39</height>
                        <texture>$INFO[ListItem.VideoResolution,flagging/lists/,.png]</texture>
                        <aspectratio>keep</aspectratio>
                        <visible>Window.IsVisible(Videos) + [Container.Content(Movies) | Container.Content(Episodes) | Container.Content(MusicVideos)]</visible>
                        <visible>!ListItem.IsStereoscopic</visible>
                    </control>
                    <control type="image">
                        <left>772</left>
                        <top>12</top>
                        <width>60</width>
                        <height>39</height>
                        <texture>flagging/lists/3D.png</texture>
                        <visible>Window.IsVisible(Videos) + [Container.Content(Movies) | Container.Content(Episodes) | Container.Content(MusicVideos)]</visible>
                        <visible>ListItem.IsStereoscopic</visible>
                    </control>
                    <control type="image">
                        <left>832</left>
                        <top>21</top>
                        <width>30</width>
                        <height>24</height>
                        <texture>$INFO[ListItem.Overlay]</texture>
                        <aspectratio>keep</aspectratio>
                        <visible>!ListItem.IsResumable</visible>
                    </control>
                    <control type="image">
                        <left>832</left>
                        <top>21</top>
                        <width>24</width>
                        <height>24</height>
                        <texture>OverlayWatching.png</texture>
                        <visible>ListItem.IsResumable</visible>
                    </control>
                </focusedlayout>
            </control>
            <control type="scrollbar" id="60">
                <left>975</left>
                <top>117</top>
                <width>38</width>
                <height>840</height>
                <texturesliderbackground border="10,14,10,14">ScrollBarV.png</texturesliderbackground>
                <texturesliderbar border="10,14,10,14">ScrollBarV_bar.png</texturesliderbar>
                <texturesliderbarfocus border="10,14,10,14">ScrollBarV_bar_focus.png</texturesliderbarfocus>
                <textureslidernib>ScrollBarNib.png</textureslidernib>
                <textureslidernibfocus>ScrollBarNib.png</textureslidernibfocus>
                <onleft>504</onleft>
                <onright>2</onright>
                <showonepage>false</showonepage>
                <orientation>vertical</orientation>
                <visible>Control.IsVisible(504)</visible>
            </control>
            <control type="group">
                <left>1065</left>
                <top>105</top>
                <visible>Control.IsVisible(504) + [Container.Content(Movies) | Container.Content(TVShows)]</visible>
                <control type="image">
                    <left>0</left>
                    <top>0</top>
                    <width>765</width>
                    <height>429</height>
                    <aspectratio>scale</aspectratio>
                    <fadetime>IconCrossfadeTime</fadetime>
                    <texture background="true" fallback="Fanart_Fallback_Small.jpg">$INFO[ListItem.Art(fanart)]</texture>
                    <visible>Container.Content(Movies)</visible>
                    <bordertexture background="true" border="8">ThumbShadow.png</bordertexture>
                    <bordersize>8</bordersize>
                </control>
                <control type="image">
                    <left>0</left>
                    <top>0</top>
                    <width>765</width>
                    <height>488</height>
                    <aspectratio>scale</aspectratio>
                    <fadetime>IconCrossfadeTime</fadetime>
                    <texture background="true" fallback="Fanart_Fallback_Small.jpg">$INFO[ListItem.Art(fanart)]</texture>
                    <visible>Container.Content(TVShows)</visible>
                    <bordertexture background="true" border="8">ThumbShadow.png</bordertexture>
                    <bordersize>8</bordersize>
                </control>
                <control type="grouplist">
                    <description>Media Codec Flagging Images</description>
                    <left>0</left>
                    <top>435</top>
                    <width>765</width>
                    <align>center</align>
                    <itemgap>3</itemgap>
                    <orientation>horizontal</orientation>
                    <include>VideoCodecFlaggingConditions</include>
                    <include>AudioCodecFlaggingConditions</include>
                    <include>AudioChannelsFlaggingConditions</include>
                    <include>AspectCodecFlaggingConditions</include>
                    <include>VideoStereoscopicsFlaggingConditions</include>
                    <include>VideoTypeHackFlaggingConditions</include>
                </control>
                <control type="image">
                    <left>0</left>
                    <top>495</top>
                    <width>765</width>
                    <height>6</height>
                    <texture>separator.png</texture>
                </control>
                <control type="label">
                    <description>Year txt</description>
                    <left>15</left>
                    <top>502</top>
                    <width>210</width>
                    <height>38</height>
                    <label>$LOCALIZE[345]:</label>
                    <align>right</align>
                    <aligny>center</aligny>
                    <font>font13_title</font>
                    <textcolor>blue</textcolor>
                </control>
                <control type="label">
                    <description>Year Value</description>
                    <left>240</left>
                    <top>502</top>
                    <width>510</width>
                    <height>38</height>
                    <label fallback="416">$INFO[listitem.Year]</label>
                    <align>left</align>
                    <aligny>center</aligny>
                    <font>font13</font>
                    <scroll>true</scroll>
                </control>
                <control type="label">
                    <description>Genre txt</description>
                    <left>15</left>
                    <top>540</top>
                    <width>210</width>
                    <height>38</height>
                    <label>$LOCALIZE[515]:</label>
                    <align>right</align>
                    <aligny>center</aligny>
                    <font>font13_title</font>
                    <textcolor>blue</textcolor>
                </control>
                <control type="fadelabel">
                    <description>Genre Value</description>
                    <left>240</left>
                    <top>540</top>
                    <width>510</width>
                    <height>38</height>
                    <label fallback="416">$INFO[listitem.Genre]</label>
                    <align>left</align>
                    <aligny>center</aligny>
                    <font>font13</font>
                    <scrollout>false</scrollout>
                    <pauseatend>1000</pauseatend>
                </control>
                <control type="image">
                    <left>0</left>
                    <top>585</top>
                    <width>765</width>
                    <height>6</height>
                    <texture>separator.png</texture>
                </control>
                <control type="textbox">
                    <description>Description Value for Video</description>
                    <left>15</left>
                    <top>592</top>
                    <width>735</width>
                    <height>255</height>
                    <font>font13</font>
                    <align>justify</align>
                    <textcolor>white</textcolor>
                    <label>$INFO[ListItem.Plot]</label>
                    <autoscroll time="2000" delay="3000" repeat="5000">Skin.HasSetting(AutoScroll)</autoscroll>
                </control>
            </control>
            <control type="group">
                <left>1065</left>
                <top>105</top>
                <visible>Control.IsVisible(504) + Container.Content(Episodes)</visible>
                <control type="image">
                    <left>0</left>
                    <top>0</top>
                    <width>765</width>
                    <height>429</height>
                    <aspectratio>scale</aspectratio>
                    <fadetime>IconCrossfadeTime</fadetime>
                    <texture background="true">$INFO[ListItem.Icon]</texture>
                    <bordertexture background="true" border="8">ThumbShadow.png</bordertexture>
                    <bordersize>8</bordersize>
                </control>
                <control type="grouplist">
                    <description>Media Codec Flagging Images</description>
                    <left>0</left>
                    <top>435</top>
                    <width>765</width>
                    <align>center</align>
                    <itemgap>3</itemgap>
                    <orientation>horizontal</orientation>
                    <include>VideoCodecFlaggingConditions</include>
                    <include>AudioCodecFlaggingConditions</include>
                    <include>AudioChannelsFlaggingConditions</include>
                    <include>AspectCodecFlaggingConditions</include>
                    <include>VideoStereoscopicsFlaggingConditions</include>
                    <include>VideoTypeHackFlaggingConditions</include>
                </control>
                <control type="image">
                    <left>0</left>
                    <top>495</top>
                    <width>765</width>
                    <height>6</height>
                    <texture>separator.png</texture>
                </control>
                <control type="label">
                    <description>Aired txt</description>
                    <left>15</left>
                    <top>502</top>
                    <width>210</width>
                    <height>38</height>
                    <label>$LOCALIZE[31322]:</label>
                    <align>right</align>
                    <aligny>center</aligny>
                    <font>font13_title</font>
                    <textcolor>blue</textcolor>
                </control>
                <control type="label">
                    <description>Aired Value</description>
                    <left>240</left>
                    <top>502</top>
                    <width>510</width>
                    <height>38</height>
                    <label fallback="416">$INFO[listitem.Premiered]</label>
                    <align>left</align>
                    <aligny>center</aligny>
                    <font>font13</font>
                    <scroll>true</scroll>
                </control>
                <control type="label">
                    <description>Episode txt</description>
                    <left>15</left>
                    <top>540</top>
                    <width>210</width>
                    <height>38</height>
                    <label>$LOCALIZE[20359]:</label>
                    <align>right</align>
                    <aligny>center</aligny>
                    <font>font13_title</font>
                    <textcolor>blue</textcolor>
                </control>
                <control type="fadelabel">
                    <description>Episode Value</description>
                    <left>240</left>
                    <top>540</top>
                    <width>510</width>
                    <height>38</height>
                    <label fallback="416">$INFO[listitem.Season,,x]$INFO[listitem.Episode]</label>
                    <align>left</align>
                    <aligny>center</aligny>
                    <font>font13</font>
                    <scrollout>false</scrollout>
                    <pauseatend>1000</pauseatend>
                </control>
                <control type="image">
                    <left>0</left>
                    <top>585</top>
                    <width>765</width>
                    <height>6</height>
                    <texture>separator.png</texture>
                </control>
                <control type="textbox">
                    <description>Description Value for Video</description>
                    <left>15</left>
                    <top>592</top>
                    <width>735</width>
                    <height>255</height>
                    <font>font13</font>
                    <align>justify</align>
                    <textcolor>white</textcolor>
                    <label>$INFO[ListItem.Plot]</label>
                    <autoscroll time="2000" delay="3000" repeat="5000">Skin.HasSetting(AutoScroll)</autoscroll>
                </control>
            </control>
        </control>
    </include>
    <include name="MediaListView4">
        <control type="group">
            <visible>Control.IsVisible(515)</visible>
            <include>VisibleFadeEffect</include>
            <control type="list" id="515">
                <left>105</left>
                <top>117</top>
                <width>510</width>
                <height>842</height>
                <onleft>2</onleft>
                <onright>60</onright>
                <onup>515</onup>
                <ondown>515</ondown>
                <viewtype label="$LOCALIZE[544] 3">list</viewtype>
                <pagecontrol>60</pagecontrol>
                <scrolltime>200</scrolltime>
                <visible>Container.Content(TVShows) | Container.Content(Movies) | Container.Content(Episodes) | Container.Content(Seasons)</visible>
                <itemlayout height="60" width="518">
                    <control type="image">
                        <left>0</left>
                        <top>0</top>
                        <width>518</width>
                        <height>62</height>
                        <texture border="0,2,0,2">MenuItemNF.png</texture>
                    </control>
                    <control type="label">
                        <left>15</left>
                        <top>0</top>
                        <width>465</width>
                        <height>60</height>
                        <font>font13</font>
                        <textcolor>grey2</textcolor>
                        <selectedcolor>selected</selectedcolor>
                        <align>left</align>
                        <aligny>center</aligny>
                        <label>$INFO[ListItem.Label]</label>
                    </control>
                    <control type="image">
                        <left>480</left>
                        <top>21</top>
                        <width>30</width>
                        <height>24</height>
                        <texture>$INFO[ListItem.Overlay]</texture>
                        <aspectratio>keep</aspectratio>
                        <visible>!ListItem.IsResumable</visible>
                    </control>
                    <control type="image">
                        <left>480</left>
                        <top>21</top>
                        <width>24</width>
                        <height>24</height>
                        <texture>OverlayWatching.png</texture>
                        <visible>ListItem.IsResumable</visible>
                    </control>
                </itemlayout>
                <focusedlayout height="60" width="518">
                    <control type="image">
                        <left>0</left>
                        <top>0</top>
                        <width>518</width>
                        <height>62</height>
                        <texture border="0,2,0,2">MenuItemNF.png</texture>
                        <visible>!Control.HasFocus(515)</visible>
                        <include>VisibleFadeEffect</include>
                    </control>
                    <control type="image">
                        <left>0</left>
                        <top>0</top>
                        <width>518</width>
                        <height>62</height>
                        <texture border="0,2,0,2">MenuItemFO.png</texture>
                        <visible>Control.HasFocus(515)</visible>
                        <include>VisibleFadeEffect</include>
                    </control>
                    <control type="label">
                        <left>15</left>
                        <top>0</top>
                        <width>465</width>
                        <height>60</height>
                        <font>font13</font>
                        <textcolor>white</textcolor>
                        <selectedcolor>selected</selectedcolor>
                        <align>left</align>
                        <aligny>center</aligny>
                        <label>$INFO[ListItem.Label]</label>
                    </control>
                    <control type="image">
                        <left>480</left>
                        <top>21</top>
                        <width>30</width>
                        <height>24</height>
                        <texture>$INFO[ListItem.Overlay]</texture>
                        <aspectratio>keep</aspectratio>
                        <visible>!ListItem.IsResumable</visible>
                    </control>
                    <control type="image">
                        <left>480</left>
                        <top>21</top>
                        <width>24</width>
                        <height>24</height>
                        <texture>OverlayWatching.png</texture>
                        <visible>ListItem.IsResumable</visible>
                    </control>
                </focusedlayout>
            </control>
            <control type="scrollbar" id="60">
                <left>622</left>
                <top>117</top>
                <width>38</width>
                <height>840</height>
                <texturesliderbackground border="10,14,10,14">ScrollBarV.png</texturesliderbackground>
                <texturesliderbar border="10,14,10,14">ScrollBarV_bar.png</texturesliderbar>
                <texturesliderbarfocus border="10,14,10,14">ScrollBarV_bar_focus.png</texturesliderbarfocus>
                <textureslidernib>ScrollBarNib.png</textureslidernib>
                <textureslidernibfocus>ScrollBarNib.png</textureslidernibfocus>
                <onleft>515</onleft>
                <onright>2</onright>
                <showonepage>false</showonepage>
                <orientation>vertical</orientation>
                <visible>Control.IsVisible(515)</visible>
            </control>
            <control type="group">
                <left>705</left>
                <top>105</top>
                <visible>Control.IsVisible(515) + Container.Content(Movies)</visible>
                <control type="image">
                    <left>0</left>
                    <top>0</top>
                    <width>1125</width>
                    <height>630</height>
                    <aspectratio scalediffuse="false">scale</aspectratio>
                    <fadetime>IconCrossfadeTime</fadetime>
                    <texture diffuse="Fanart_Diffuse.png" background="true" fallback="Fanart_Fallback_Small.jpg">$INFO[ListItem.Art(fanart)]</texture>
                </control>
                <control type="label">
                    <left>15</left>
                    <top>592</top>
                    <width>810</width>
                    <height>45</height>
                    <font>font24_title</font>
                    <textcolor>white</textcolor>
                    <shadowcolor>black</shadowcolor>
                    <align>left</align>
                    <aligny>center</aligny>
                    <label>$INFO[ListItem.Label]</label>
                </control>
                <control type="textbox">
                    <description>Description Value for Video</description>
                    <left>15</left>
                    <top>645</top>
                    <width>810</width>
                    <height>150</height>
                    <font>font13</font>
                    <align>justify</align>
                    <textcolor>white</textcolor>
                    <label>$INFO[ListItem.Plot]</label>
                    <autoscroll time="2000" delay="3000" repeat="5000">Skin.HasSetting(AutoScroll)</autoscroll>
                </control>
                <control type="grouplist">
                    <description>Media Codec Flagging Images</description>
                    <left>0</left>
                    <top>810</top>
                    <width>810</width>
                    <align>left</align>
                    <itemgap>3</itemgap>
                    <orientation>horizontal</orientation>
                    <include>VideoCodecFlaggingConditions</include>
                    <include>AudioCodecFlaggingConditions</include>
                    <include>AudioChannelsFlaggingConditions</include>
                    <include>AspectCodecFlaggingConditions</include>
                    <include>VideoStereoscopicsFlaggingConditions</include>
                    <include>VideoTypeHackFlaggingConditions</include>
                </control>
                <control type="image">
                    <left>840</left>
                    <top>210</top>
                    <width>270</width>
                    <height>660</height>
                    <aspectratio align="left" aligny="bottom">keep</aspectratio>
                    <fadetime>IconCrossfadeTime</fadetime>
                    <texture background="true">$VAR[PosterThumb]</texture>
                    <bordertexture border="8">ThumbShadow.png</bordertexture>
                    <bordersize>8</bordersize>
                </control>
            </control>
            <control type="group">
                <left>705</left>
                <top>105</top>
                <visible>Control.IsVisible(515) + Container.Content(TVShows)</visible>
                <control type="image">
                    <left>0</left>
                    <top>0</top>
                    <width>1125</width>
                    <height>630</height>
                    <aspectratio scalediffuse="false">scale</aspectratio>
                    <fadetime>IconCrossfadeTime</fadetime>
                    <texture diffuse="Fanart_Diffuse.png" background="true" fallback="Fanart_Fallback_Small.jpg">$INFO[ListItem.Art(fanart)]</texture>
                </control>
                <control type="label">
                    <left>15</left>
                    <top>592</top>
                    <width>810</width>
                    <height>45</height>
                    <font>font24_title</font>
                    <textcolor>white</textcolor>
                    <shadowcolor>black</shadowcolor>
                    <align>left</align>
                    <aligny>center</aligny>
                    <label>$INFO[ListItem.Label]</label>
                </control>
                <control type="textbox">
                    <description>Description Value for Video</description>
                    <left>15</left>
                    <top>645</top>
                    <width>810</width>
                    <height>218</height>
                    <font>font13</font>
                    <align>justify</align>
                    <textcolor>white</textcolor>
                    <label>$INFO[ListItem.Plot]</label>
                    <autoscroll time="2000" delay="3000" repeat="5000">Skin.HasSetting(AutoScroll)</autoscroll>
                </control>
                <control type="image">
                    <left>840</left>
                    <top>210</top>
                    <width>270</width>
                    <height>660</height>
                    <aspectratio align="left" aligny="bottom">keep</aspectratio>
                    <fadetime>IconCrossfadeTime</fadetime>
                    <texture background="true">$VAR[PosterThumb]</texture>
                    <bordertexture border="8">ThumbShadow.png</bordertexture>
                    <bordersize>8</bordersize>
                </control>
            </control>
            <control type="group">
                <left>705</left>
                <top>105</top>
                <visible>Control.IsVisible(515) + Container.Content(Seasons)</visible>
                <control type="image">
                    <left>0</left>
                    <top>0</top>
                    <width>1125</width>
                    <height>630</height>
                    <aspectratio scalediffuse="false">scale</aspectratio>
                    <fadetime>IconCrossfadeTime</fadetime>
                    <texture diffuse="Fanart_Diffuse.png" background="true" fallback="Fanart_Fallback_Small.jpg">$INFO[ListItem.Art(fanart)]</texture>
                </control>
                <control type="label">
                    <left>15</left>
                    <top>592</top>
                    <width>1095</width>
                    <height>45</height>
                    <font>font24_title</font>
                    <textcolor>white</textcolor>
                    <shadowcolor>black</shadowcolor>
                    <align>left</align>
                    <aligny>center</aligny>
                    <label>$INFO[ListItem.Label]</label>
                </control>
                <control type="textbox">
                    <description>Description Value for Video</description>
                    <left>15</left>
                    <top>645</top>
                    <width>810</width>
                    <height>218</height>
                    <font>font13</font>
                    <align>justify</align>
                    <textcolor>white</textcolor>
                    <label>$INFO[Container.ShowPlot]</label>
                    <autoscroll time="2000" delay="3000" repeat="5000">Skin.HasSetting(AutoScroll)</autoscroll>
                </control>
                <control type="image">
                    <left>840</left>
                    <top>210</top>
                    <width>270</width>
                    <height>660</height>
                    <aspectratio align="left" aligny="bottom">keep</aspectratio>
                    <fadetime>IconCrossfadeTime</fadetime>
                    <texture background="true">$INFO[ListItem.Icon]</texture>
                    <bordertexture border="8">ThumbShadow.png</bordertexture>
                    <bordersize>8</bordersize>
                </control>
            </control>
            <control type="group">
                <left>705</left>
                <top>105</top>
                <visible>Control.IsVisible(515) + Container.Content(Episodes)</visible>
                <control type="image">
                    <left>0</left>
                    <top>0</top>
                    <width>1125</width>
                    <height>630</height>
                    <aspectratio scalediffuse="false">scale</aspectratio>
                    <fadetime>IconCrossfadeTime</fadetime>
                    <texture diffuse="Fanart_Diffuse.png" background="true" fallback="Fanart_Fallback_Small.jpg">$INFO[ListItem.Art(fanart)]</texture>
                </control>
                <control type="label">
                    <left>15</left>
                    <top>592</top>
                    <width>600</width>
                    <height>45</height>
                    <font>font24_title</font>
                    <textcolor>white</textcolor>
                    <shadowcolor>black</shadowcolor>
                    <align>left</align>
                    <aligny>center</aligny>
                    <label>$INFO[ListItem.Label]</label>
                </control>
                <control type="textbox">
                    <description>Description Value for Video</description>
                    <left>15</left>
                    <top>645</top>
                    <width>600</width>
                    <height>150</height>
                    <font>font13</font>
                    <align>justify</align>
                    <textcolor>white</textcolor>
                    <label>$INFO[ListItem.Plot]</label>
                    <autoscroll time="2000" delay="3000" repeat="5000">Skin.HasSetting(AutoScroll)</autoscroll>
                </control>
                <control type="grouplist">
                    <description>Media Codec Flagging Images</description>
                    <left>0</left>
                    <top>810</top>
                    <width>615</width>
                    <align>left</align>
                    <itemgap>3</itemgap>
                    <orientation>horizontal</orientation>
                    <include>VideoCodecFlaggingConditions</include>
                    <include>AudioCodecFlaggingConditions</include>
                    <include>AudioChannelsFlaggingConditions</include>
                    <include>AspectCodecFlaggingConditions</include>
                    <include>VideoStereoscopicsFlaggingConditions</include>
                    <include>VideoTypeHackFlaggingConditions</include>
                </control>
                <control type="image">
                    <left>630</left>
                    <top>210</top>
                    <width>495</width>
                    <height>660</height>
                    <aspectratio align="left" aligny="bottom">keep</aspectratio>
                    <fadetime>IconCrossfadeTime</fadetime>
                    <texture background="true">$INFO[ListItem.Icon]</texture>
                    <bordertexture border="8">ThumbShadow.png</bordertexture>
                    <bordersize>8</bordersize>
                </control>
            </control>
        </control>
    </include>
</includes>
