<?xml version="1.0" encoding="UTF-8"?>
<includes>
    <include name="CommonRootView">
        <control type="group">
            <visible>Control.IsVisible(50)</visible>
            <include>VisibleFadeEffect</include>
            <control type="list" id="50">
                <left>105</left>
                <top>117</top>
                <width>1035</width>
                <height>842</height>
                <onleft>2</onleft>
                <onright>60</onright>
                <onup>50</onup>
                <ondown>50</ondown>
                <viewtype label="535">list</viewtype>
                <pagecontrol>60</pagecontrol>
                <scrolltime>200</scrolltime>
                <itemlayout height="60" width="870">
                    <control type="image">
                        <left>0</left>
                        <top>0</top>
                        <width>1035</width>
                        <height>62</height>
                        <texture border="0,2,0,2">MenuItemNF.png</texture>
                    </control>
                    <control type="label">
                        <left>15</left>
                        <top>0</top>
                        <width>990</width>
                        <height>60</height>
                        <font>font13</font>
                        <textcolor>grey2</textcolor>
                        <selectedcolor>selected</selectedcolor>
                        <align>left</align>
                        <aligny>center</aligny>
                        <label>$INFO[ListItem.Label]</label>
                    </control>
                    <control type="label">
                        <left>420</left>
                        <top>0</top>
                        <width>600</width>
                        <height>60</height>
                        <font>font12</font>
                        <textcolor>grey2</textcolor>
                        <selectedcolor>selected</selectedcolor>
                        <align>right</align>
                        <aligny>center</aligny>
                        <label>$INFO[ListItem.Label2]</label>
                        <visible>!Window.IsVisible(Videos)</visible>
                    </control>
                    <control type="label">
                        <left>330</left>
                        <top>0</top>
                        <width>600</width>
                        <height>60</height>
                        <font>font12</font>
                        <textcolor>grey2</textcolor>
                        <selectedcolor>selected</selectedcolor>
                        <align>right</align>
                        <aligny>center</aligny>
                        <label>$INFO[ListItem.Label2]</label>
                        <visible>Window.IsVisible(Videos)</visible>
                        <animation effect="slide" start="0,0" end="60,0" delay="0" time="0" condition="![Container.Content(Movies) | Container.Content(Episodes) | Container.Content(MusicVideos)]">conditional</animation>
                    </control>
                    <control type="image">
                        <left>938</left>
                        <top>12</top>
                        <width>60</width>
                        <height>39</height>
                        <texture>$INFO[ListItem.VideoResolution,flagging/lists/,.png]</texture>
                        <aspectratio>keep</aspectratio>
                        <visible>Window.IsVisible(Videos) + [Container.Content(Movies) | Container.Content(Episodes) | Container.Content(MusicVideos)]</visible>
                        <visible>!ListItem.IsStereoscopic</visible>
                    </control>
                    <control type="image">
                        <left>938</left>
                        <top>12</top>
                        <width>60</width>
                        <height>39</height>
                        <texture>flagging/lists/3D.png</texture>
                        <visible>Window.IsVisible(Videos) + [Container.Content(Movies) | Container.Content(Episodes) | Container.Content(MusicVideos)]</visible>
                        <visible>ListItem.IsStereoscopic</visible>
                    </control>
                    <control type="image">
                        <left>998</left>
                        <top>21</top>
                        <width>30</width>
                        <height>24</height>
                        <texture>$INFO[ListItem.Overlay]</texture>
                        <aspectratio>keep</aspectratio>
                        <visible>Window.IsVisible(Videos) + !ListItem.IsResumable</visible>
                    </control>
                    <control type="image">
                        <left>998</left>
                        <top>21</top>
                        <width>24</width>
                        <height>24</height>
                        <texture>OverlayWatching.png</texture>
                        <visible>Window.IsVisible(Videos) + ListItem.IsResumable</visible>
                    </control>
                </itemlayout>
                <focusedlayout height="60" width="870">
                    <control type="image">
                        <left>0</left>
                        <top>0</top>
                        <width>1035</width>
                        <height>62</height>
                        <texture border="0,2,0,2">MenuItemNF.png</texture>
                        <visible>!Control.HasFocus(50)</visible>
                        <include>VisibleFadeEffect</include>
                    </control>
                    <control type="image">
                        <left>0</left>
                        <top>0</top>
                        <width>1035</width>
                        <height>62</height>
                        <texture border="0,2,0,2">MenuItemFO.png</texture>
                        <visible>Control.HasFocus(50)</visible>
                        <include>VisibleFadeEffect</include>
                    </control>
                    <control type="image">
                        <left>735</left>
                        <top>6</top>
                        <width>300</width>
                        <height>50</height>
                        <texture border="0,0,14,0">MediaItemDetailBG.png</texture>
                        <visible>Control.HasFocus(50) + !IsEmpty(ListItem.Label2)</visible>
                    </control>
                    <control type="label">
                        <left>15</left>
                        <top>0</top>
                        <width>990</width>
                        <height>60</height>
                        <font>font13</font>
                        <textcolor>white</textcolor>
                        <selectedcolor>selected</selectedcolor>
                        <align>left</align>
                        <aligny>center</aligny>
                        <label>$INFO[ListItem.Label]</label>
                    </control>
                    <control type="label">
                        <left>420</left>
                        <top>0</top>
                        <width>600</width>
                        <height>60</height>
                        <font>font12</font>
                        <textcolor>grey2</textcolor>
                        <selectedcolor>selected</selectedcolor>
                        <align>right</align>
                        <aligny>center</aligny>
                        <label>$INFO[ListItem.Label2]</label>
                        <visible>!Window.IsVisible(Videos)</visible>
                    </control>
                    <control type="label">
                        <left>330</left>
                        <top>0</top>
                        <width>600</width>
                        <height>60</height>
                        <font>font12</font>
                        <textcolor>grey2</textcolor>
                        <selectedcolor>selected</selectedcolor>
                        <align>right</align>
                        <aligny>center</aligny>
                        <label>$INFO[ListItem.Label2]</label>
                        <visible>Window.IsVisible(Videos)</visible>
                        <animation effect="slide" start="0,0" end="60,0" delay="0" time="0" condition="![Container.Content(Movies) | Container.Content(Episodes) | Container.Content(MusicVideos)]">conditional</animation>
                    </control>
                    <control type="image">
                        <left>938</left>
                        <top>12</top>
                        <width>60</width>
                        <height>39</height>
                        <texture>$INFO[ListItem.VideoResolution,flagging/lists/,.png]</texture>
                        <aspectratio>keep</aspectratio>
                        <visible>Window.IsVisible(Videos) + [Container.Content(Movies) | Container.Content(Episodes) | Container.Content(MusicVideos)]</visible>
                        <visible>!ListItem.IsStereoscopic</visible>
                    </control>
                    <control type="image">
                        <left>938</left>
                        <top>12</top>
                        <width>60</width>
                        <height>39</height>
                        <texture>flagging/lists/3D.png</texture>
                        <visible>Window.IsVisible(Videos) + [Container.Content(Movies) | Container.Content(Episodes) | Container.Content(MusicVideos)]</visible>
                        <visible>ListItem.IsStereoscopic</visible>
                    </control>
                    <control type="image">
                        <left>998</left>
                        <top>21</top>
                        <width>30</width>
                        <height>24</height>
                        <texture>$INFO[ListItem.Overlay]</texture>
                        <aspectratio>keep</aspectratio>
                        <visible>Window.IsVisible(Videos) + !ListItem.IsResumable</visible>
                    </control>
                    <control type="image">
                        <left>998</left>
                        <top>21</top>
                        <width>24</width>
                        <height>24</height>
                        <texture>OverlayWatching.png</texture>
                        <visible>Window.IsVisible(Videos) + ListItem.IsResumable</visible>
                    </control>
                </focusedlayout>
            </control>
            <control type="scrollbar" id="60">
                <left>1140</left>
                <top>128</top>
                <width>38</width>
                <height>825</height>
                <texturesliderbackground border="0,14,0,14">ScrollBarV.png</texturesliderbackground>
                <texturesliderbar border="0,14,0,14">ScrollBarV_bar.png</texturesliderbar>
                <texturesliderbarfocus border="0,14,0,14">ScrollBarV_bar_focus.png</texturesliderbarfocus>
                <textureslidernib>ScrollBarNib.png</textureslidernib>
                <textureslidernibfocus>ScrollBarNib.png</textureslidernibfocus>
                <onleft>50</onleft>
                <onright>2</onright>
                <showonepage>false</showonepage>
                <orientation>vertical</orientation>
                <visible>Control.IsVisible(50)</visible>
            </control>
            <control type="group">
                <left>1275</left>
                <top>150</top>
                <visible>Control.IsVisible(50)</visible>
                <control type="image">
                    <left>0</left>
                    <top>0</top>
                    <width>540</width>
                    <height>810</height>
                    <aspectratio aligny="bottom">keep</aspectratio>
                    <fadetime>IconCrossfadeTime</fadetime>
                    <texture background="true">$VAR[PosterThumb]</texture>
                    <bordertexture border="8">ThumbShadow.png</bordertexture>
                    <bordersize>8</bordersize>
                </control>
                <control type="image">
                    <left>12</left>
                    <top>798</top>
                    <width>516</width>
                    <height>786</height>
                    <aspectratio aligny="top">keep</aspectratio>
                    <fadetime>IconCrossfadeTime</fadetime>
                    <texture diffuse="diffuse_mirror3.png" flipy="true" background="true">$VAR[PosterThumb]</texture>
                </control>
            </control>
        </control>
    </include>
    <include name="ThumbnailView">
        <control type="group">
            <visible>Control.IsVisible(500)</visible>
            <include>VisibleFadeEffect</include>
            <control type="panel" id="500">
                <left>135</left>
                <top>120</top>
                <width>1620</width>
                <height>837</height>
                <onleft>2</onleft>
                <onright>60</onright>
                <onup>500</onup>
                <ondown>500</ondown>
                <viewtype label="21371">list</viewtype>
                <pagecontrol>60</pagecontrol>
                <scrolltime>200</scrolltime>
                <preloaditems>2</preloaditems>
                <itemlayout condition="!Container.Content(Movies) + !Container.Content(Seasons) + !Container.Content(TVShows) + !Container.Content(Sets)" height="279" width="324">
                    <control type="image">
                        <left>1</left>
                        <top>0</top>
                        <width>321</width>
                        <height>240</height>
                        <bordertexture border="5">button-nofocus.png</bordertexture>
                        <bordersize>5</bordersize>
                        <texture background="true">$INFO[Listitem.Icon]</texture>
                        <aspectratio>keep</aspectratio>
                        <visible>!Container.Content(Episodes)</visible>
                    </control>
                    <control type="image">
                        <left>1</left>
                        <top>0</top>
                        <width>321</width>
                        <height>240</height>
                        <aspectratio>scale</aspectratio>
                        <bordertexture border="5">button-nofocus.png</bordertexture>
                        <bordersize>5</bordersize>
                        <texture background="true">$INFO[Listitem.Icon]</texture>
                        <visible>Container.Content(Episodes)</visible>
                    </control>
                    <control type="label">
                        <left>12</left>
                        <top>240</top>
                        <width>300</width>
                        <height>38</height>
                        <font>font12</font>
                        <textcolor>grey2</textcolor>
                        <selectedcolor>selected</selectedcolor>
                        <align>center</align>
                        <aligny>center</aligny>
                        <info>ListItem.Label</info>
                    </control>
                    <control type="image">
                        <left>255</left>
                        <top>195</top>
                        <width>45</width>
                        <height>45</height>
                        <aspectratio>keep</aspectratio>
                        <texture>$INFO[ListItem.Overlay]</texture>
                    </control>
                </itemlayout>
                <focusedlayout condition="!Container.Content(Movies) + !Container.Content(Seasons) + !Container.Content(TVShows) + !Container.Content(Sets)" height="279" width="324">
                    <control type="image">
                        <left>1</left>
                        <top>0</top>
                        <width>321</width>
                        <height>240</height>
                        <bordertexture border="5">folder-focus.png</bordertexture>
                        <bordersize>5</bordersize>
                        <texture background="true">$INFO[Listitem.Icon]</texture>
                        <aspectratio>keep</aspectratio>
                        <visible>!Container.Content(Episodes)</visible>
                    </control>
                    <control type="image">
                        <left>1</left>
                        <top>0</top>
                        <width>321</width>
                        <height>240</height>
                        <aspectratio>scale</aspectratio>
                        <bordertexture border="5">folder-focus.png</bordertexture>
                        <bordersize>5</bordersize>
                        <texture background="true">$INFO[Listitem.Icon]</texture>
                        <visible>Container.Content(Episodes)</visible>
                    </control>
                    <control type="label">
                        <left>12</left>
                        <top>240</top>
                        <width>300</width>
                        <height>38</height>
                        <font>font12</font>
                        <textcolor>white</textcolor>
                        <selectedcolor>selected</selectedcolor>
                        <align>center</align>
                        <aligny>center</aligny>
                        <info>ListItem.Label</info>
                    </control>
                    <control type="image">
                        <left>255</left>
                        <top>195</top>
                        <width>45</width>
                        <height>45</height>
                        <aspectratio>keep</aspectratio>
                        <texture>$INFO[ListItem.Overlay]</texture>
                    </control>
                </focusedlayout>
                <itemlayout condition="Container.Content(Movies) | Container.Content(Seasons) | Container.Content(TVShows) | Container.Content(Sets)" height="418" width="324">
                    <control type="image">
                        <left>1</left>
                        <top>0</top>
                        <width>321</width>
                        <height>360</height>
                        <bordertexture border="5">button-nofocus.png</bordertexture>
                        <bordersize>5</bordersize>
                        <texture background="true">$VAR[PosterThumb]</texture>
                        <aspectratio>keep</aspectratio>
                    </control>
                    <control type="label">
                        <left>12</left>
                        <top>360</top>
                        <width>300</width>
                        <height>38</height>
                        <font>font12</font>
                        <textcolor>grey2</textcolor>
                        <selectedcolor>selected</selectedcolor>
                        <align>center</align>
                        <aligny>center</aligny>
                        <info>ListItem.Label</info>
                    </control>
                    <control type="image">
                        <left>255</left>
                        <top>315</top>
                        <width>45</width>
                        <height>45</height>
                        <aspectratio>keep</aspectratio>
                        <texture>$INFO[ListItem.Overlay]</texture>
                    </control>
                </itemlayout>
                <focusedlayout condition="Container.Content(Movies) | Container.Content(Seasons) | Container.Content(TVShows) | Container.Content(Sets)" height="414" width="324">
                    <control type="image">
                        <left>1</left>
                        <top>0</top>
                        <width>321</width>
                        <height>360</height>
                        <bordertexture border="5">folder-focus.png</bordertexture>
                        <bordersize>5</bordersize>
                        <texture background="true">$VAR[PosterThumb]</texture>
                        <aspectratio>keep</aspectratio>
                    </control>
                    <control type="label">
                        <left>12</left>
                        <top>360</top>
                        <width>300</width>
                        <height>38</height>
                        <font>font12</font>
                        <textcolor>white</textcolor>
                        <selectedcolor>selected</selectedcolor>
                        <align>center</align>
                        <aligny>center</aligny>
                        <info>ListItem.Label</info>
                    </control>
                    <control type="image">
                        <left>255</left>
                        <top>315</top>
                        <width>45</width>
                        <height>45</height>
                        <aspectratio>keep</aspectratio>
                        <texture>$INFO[ListItem.Overlay]</texture>
                    </control>
                </focusedlayout>
            </control>
            <control type="scrollbar" id="60">
                <left>1755</left>
                <top>120</top>
                <width>38</width>
                <height>825</height>
                <texturesliderbackground border="0,14,0,14">ScrollBarV.png</texturesliderbackground>
                <texturesliderbar border="2,16,2,16">ScrollBarV_bar.png</texturesliderbar>
                <texturesliderbarfocus border="2,16,2,16">ScrollBarV_bar_focus.png</texturesliderbarfocus>
                <textureslidernib>ScrollBarNib.png</textureslidernib>
                <textureslidernibfocus>ScrollBarNib.png</textureslidernibfocus>
                <onleft>500</onleft>
                <onright>2</onright>
                <showonepage>false</showonepage>
                <orientation>vertical</orientation>
                <visible>Control.IsVisible(500)</visible>
            </control>
        </control>
    </include>
    <include name="WideIconView">
        <control type="group">
            <visible>Control.IsVisible(505)</visible>
            <include>VisibleFadeEffect</include>
            <control type="panel" id="505">
                <visible>Container.Content(TVShows) | Container.Content(Files)</visible>
                <left>142</left>
                <top>120</top>
                <width>1620</width>
                <height>825</height>
                <onleft>2</onleft>
                <onright>60</onright>
                <onup>505</onup>
                <ondown>505</ondown>
                <viewtype label="$LOCALIZE[539]">list</viewtype>
                <pagecontrol>60</pagecontrol>
                <scrolltime>200</scrolltime>
                <preloaditems>2</preloaditems>
                <itemlayout height="165" width="810">
                    <control type="image">
                        <left>1</left>
                        <top>0</top>
                        <width>807</width>
                        <height>158</height>
                        <bordertexture border="5">button-nofocus.png</bordertexture>
                        <bordersize>5</bordersize>
                        <texture background="true">$VAR[BannerThumb]</texture>
                        <aspectratio>keep</aspectratio>
                    </control>
                    <control type="image">
                        <left>750</left>
                        <top>105</top>
                        <width>52</width>
                        <height>52</height>
                        <aspectratio>keep</aspectratio>
                        <texture>$INFO[ListItem.Overlay]</texture>
                    </control>
                </itemlayout>
                <focusedlayout height="165" width="810">
                    <control type="image">
                        <left>1</left>
                        <top>0</top>
                        <width>807</width>
                        <height>158</height>
                        <bordertexture border="5">folder-focus.png</bordertexture>
                        <bordersize>5</bordersize>
                        <texture background="true">$VAR[BannerThumb]</texture>
                        <aspectratio>keep</aspectratio>
                    </control>
                    <control type="image">
                        <left>750</left>
                        <top>105</top>
                        <width>52</width>
                        <height>52</height>
                        <aspectratio>keep</aspectratio>
                        <texture>$INFO[ListItem.Overlay]</texture>
                    </control>
                </focusedlayout>
            </control>
            <control type="scrollbar" id="60">
                <left>1755</left>
                <top>120</top>
                <width>38</width>
                <height>825</height>
                <texturesliderbackground border="0,14,0,14">ScrollBarV.png</texturesliderbackground>
                <texturesliderbar border="2,16,2,16">ScrollBarV_bar.png</texturesliderbar>
                <texturesliderbarfocus border="2,16,2,16">ScrollBarV_bar_focus.png</texturesliderbarfocus>
                <textureslidernib>ScrollBarNib.png</textureslidernib>
                <textureslidernibfocus>ScrollBarNib.png</textureslidernibfocus>
                <onleft>505</onleft>
                <onright>2</onright>
                <showonepage>false</showonepage>
                <orientation>vertical</orientation>
                <visible>Control.IsVisible(505)</visible>
            </control>
        </control>
    </include>
    <include name="FullWidthList">
        <control type="group">
            <visible>Control.IsVisible(51)</visible>
            <include>VisibleFadeEffect</include>
            <control type="list" id="51">
                <left>142</left>
                <top>117</top>
                <width>1620</width>
                <height>842</height>
                <onleft>2</onleft>
                <onright>60</onright>
                <onup>51</onup>
                <ondown>51</ondown>
                <viewtype label="537">list</viewtype>
                <pagecontrol>60</pagecontrol>
                <scrolltime>200</scrolltime>
                <itemlayout height="60" width="1620">
                    <control type="image">
                        <left>0</left>
                        <top>0</top>
                        <width>1620</width>
                        <height>62</height>
                        <texture border="0,2,0,2">MenuItemNF.png</texture>
                    </control>
                    <control type="image">
                        <left>15</left>
                        <top>6</top>
                        <width>60</width>
                        <height>48</height>
                        <texture background="true">$INFO[ListItem.Icon]</texture>
                        <aspectratio>keep</aspectratio>
                    </control>
                    <control type="label">
                        <left>90</left>
                        <top>0</top>
                        <width>1425</width>
                        <height>60</height>
                        <font>font13</font>
                        <textcolor>grey2</textcolor>
                        <selectedcolor>selected</selectedcolor>
                        <align>left</align>
                        <aligny>center</aligny>
                        <label>$INFO[ListItem.Label]</label>
                    </control>
                    <control type="label">
                        <left>90</left>
                        <top>0</top>
                        <width>1500</width>
                        <height>60</height>
                        <font>font12</font>
                        <textcolor>grey2</textcolor>
                        <selectedcolor>selected</selectedcolor>
                        <align>right</align>
                        <aligny>center</aligny>
                        <label>$INFO[ListItem.Label2]</label>
                        <visible>!Window.IsVisible(Videos)</visible>
                    </control>
                    <control type="label">
                        <left>98</left>
                        <top>0</top>
                        <width>1410</width>
                        <height>60</height>
                        <font>font12</font>
                        <textcolor>grey2</textcolor>
                        <selectedcolor>selected</selectedcolor>
                        <align>right</align>
                        <aligny>center</aligny>
                        <label>$INFO[ListItem.Label2]</label>
                        <visible>Window.IsVisible(Videos)</visible>
                        <animation effect="slide" start="0,0" end="60,0" delay="0" time="0" condition="![Container.Content(Movies) | Container.Content(Episodes) | Container.Content(MusicVideos)]">conditional</animation>
                    </control>
                    <control type="image">
                        <left>1515</left>
                        <top>12</top>
                        <width>60</width>
                        <height>39</height>
                        <texture>$INFO[ListItem.VideoResolution,flagging/lists/,.png]</texture>
                        <aspectratio>keep</aspectratio>
                        <visible>Window.IsVisible(Videos) + [Container.Content(Movies) | Container.Content(Episodes) | Container.Content(MusicVideos)]</visible>
                        <visible>!ListItem.IsStereoscopic</visible>
                    </control>
                    <control type="image">
                        <left>1515</left>
                        <top>12</top>
                        <width>60</width>
                        <height>39</height>
                        <texture>flagging/lists/3D.png</texture>
                        <visible>Window.IsVisible(Videos) + [Container.Content(Movies) | Container.Content(Episodes) | Container.Content(MusicVideos)]</visible>
                        <visible>ListItem.IsStereoscopic</visible>
                    </control>
                    <control type="image">
                        <left>1575</left>
                        <top>21</top>
                        <width>30</width>
                        <height>24</height>
                        <texture>$INFO[ListItem.Overlay]</texture>
                        <aspectratio>keep</aspectratio>
                        <visible>Window.IsVisible(Videos) + !ListItem.IsResumable</visible>
                    </control>
                    <control type="image">
                        <left>1575</left>
                        <top>21</top>
                        <width>24</width>
                        <height>24</height>
                        <texture>OverlayWatching.png</texture>
                        <visible>Window.IsVisible(Videos) + ListItem.IsResumable</visible>
                    </control>
                </itemlayout>
                <focusedlayout height="60" width="1620">
                    <control type="image">
                        <left>0</left>
                        <top>0</top>
                        <width>1620</width>
                        <height>62</height>
                        <texture border="0,2,0,2">MenuItemNF.png</texture>
                        <visible>!Control.HasFocus(51)</visible>
                        <include>VisibleFadeEffect</include>
                    </control>
                    <control type="image">
                        <left>0</left>
                        <top>0</top>
                        <width>1620</width>
                        <height>62</height>
                        <texture border="0,2,0,2">MenuItemFO.png</texture>
                        <visible>Control.HasFocus(51)</visible>
                        <include>VisibleFadeEffect</include>
                    </control>
                    <control type="image">
                        <left>1312</left>
                        <top>6</top>
                        <width>300</width>
                        <height>50</height>
                        <texture border="0,0,14,0">MediaItemDetailBG.png</texture>
                        <visible>Control.HasFocus(51) + !IsEmpty(ListItem.Label2)</visible>
                    </control>
                    <control type="image">
                        <left>15</left>
                        <top>6</top>
                        <width>60</width>
                        <height>48</height>
                        <texture background="true">$INFO[ListItem.Icon]</texture>
                        <aspectratio>keep</aspectratio>
                    </control>
                    <control type="label">
                        <left>90</left>
                        <top>0</top>
                        <width>1425</width>
                        <height>60</height>
                        <font>font13</font>
                        <textcolor>white</textcolor>
                        <selectedcolor>selected</selectedcolor>
                        <align>left</align>
                        <aligny>center</aligny>
                        <label>$INFO[ListItem.Label]</label>
                    </control>
                    <control type="label">
                        <left>90</left>
                        <top>0</top>
                        <width>1500</width>
                        <height>60</height>
                        <font>font12</font>
                        <textcolor>grey2</textcolor>
                        <selectedcolor>selected</selectedcolor>
                        <align>right</align>
                        <aligny>center</aligny>
                        <label>$INFO[ListItem.Label2]</label>
                        <visible>!Window.IsVisible(Videos)</visible>
                    </control>
                    <control type="label">
                        <left>98</left>
                        <top>0</top>
                        <width>1410</width>
                        <height>60</height>
                        <font>font12</font>
                        <textcolor>grey2</textcolor>
                        <selectedcolor>selected</selectedcolor>
                        <align>right</align>
                        <aligny>center</aligny>
                        <label>$INFO[ListItem.Label2]</label>
                        <visible>Window.IsVisible(Videos)</visible>
                        <animation effect="slide" start="0,0" end="60,0" delay="0" time="0" condition="![Container.Content(Movies) | Container.Content(Episodes) | Container.Content(MusicVideos)]">conditional</animation>
                    </control>
                    <control type="image">
                        <left>1515</left>
                        <top>12</top>
                        <width>60</width>
                        <height>39</height>
                        <texture>$INFO[ListItem.VideoResolution,flagging/lists/,.png]</texture>
                        <aspectratio>keep</aspectratio>
                        <visible>Window.IsVisible(Videos) + [Container.Content(Movies) | Container.Content(Episodes) | Container.Content(MusicVideos)]</visible>
                        <visible>!ListItem.IsStereoscopic</visible>
                    </control>
                    <control type="image">
                        <left>1515</left>
                        <top>12</top>
                        <width>60</width>
                        <height>39</height>
                        <texture>flagging/lists/3D.png</texture>
                        <visible>Window.IsVisible(Videos) + [Container.Content(Movies) | Container.Content(Episodes) | Container.Content(MusicVideos)]</visible>
                        <visible>ListItem.IsStereoscopic</visible>
                    </control>
                    <control type="image">
                        <left>1575</left>
                        <top>21</top>
                        <width>30</width>
                        <height>24</height>
                        <texture>$INFO[ListItem.Overlay]</texture>
                        <aspectratio>keep</aspectratio>
                        <visible>Window.IsVisible(Videos) + !ListItem.IsResumable</visible>
                    </control>
                    <control type="image">
                        <left>1575</left>
                        <top>21</top>
                        <width>24</width>
                        <height>24</height>
                        <texture>OverlayWatching.png</texture>
                        <visible>Window.IsVisible(Videos) + ListItem.IsResumable</visible>
                    </control>
                </focusedlayout>
            </control>
            <control type="scrollbar" id="60">
                <left>1755</left>
                <top>120</top>
                <width>38</width>
                <height>825</height>
                <texturesliderbackground border="0,14,0,14">ScrollBarV.png</texturesliderbackground>
                <texturesliderbar border="0,14,0,14">ScrollBarV_bar.png</texturesliderbar>
                <texturesliderbarfocus border="0,14,0,14">ScrollBarV_bar_focus.png</texturesliderbarfocus>
                <textureslidernib>ScrollBarNib.png</textureslidernib>
                <textureslidernibfocus>ScrollBarNib.png</textureslidernibfocus>
                <onleft>50</onleft>
                <onright>2</onright>
                <showonepage>false</showonepage>
                <orientation>vertical</orientation>
                <visible>Control.IsVisible(51)</visible>
            </control>
        </control>
    </include>
</includes>
