<?xml version="1.0" encoding="UTF-8"?>
<window>
    <defaultcontrol always="true">8</defaultcontrol>
    <allowoverlay>no</allowoverlay>
    <onload condition="Skin.HasSetting(ActivateTvTunes) + System.HasAddon(script.tvtunes)">RunScript(script.tvtunes,backend=True)</onload>
    <controls>
        <control type="group">
            <visible>!Window.IsVisible(FileBrowser)</visible>
            <animation effect="slide" start="1650,0" end="0,0" time="400" tween="quadratic" easing="out">WindowOpen</animation>
            <animation effect="slide" start="0,0" end="1650,0" time="400" tween="quadratic" easing="out">WindowClose</animation>
            <control type="image">
                <left>270</left>
                <top>0</top>
                <width>1650</width>
                <height>1080</height>
                <texture border="15,0,0,0" flipx="true">MediaBladeSub.png</texture>
            </control>
            <control type="button">
                <description>Close Window button</description>
                <left>345</left>
                <top>0</top>
                <width>96</width>
                <height>48</height>
                <label>-</label>
                <font>-</font>
                <onclick>PreviousMenu</onclick>
                <texturefocus>DialogCloseButton-focus.png</texturefocus>
                <texturenofocus>DialogCloseButton.png</texturenofocus>
                <onleft>9000</onleft>
                <onright>9000</onright>
                <onup>9000</onup>
                <ondown>9000</ondown>
                <visible>system.getbool(input.enablemouse)</visible>
            </control>
            <control type="group">
                <animation effect="fade" delay="400" start="0" end="100" time="200">WindowOpen</animation>
                <animation effect="fade" start="100" end="0" time="200">WindowClose</animation>
                <control type="label">
                    <description>header label</description>
                    <left>315</left>
                    <top>60</top>
                    <width>1545</width>
                    <height>45</height>
                    <font>font24_title</font>
                    <label>$INFO[Listitem.Title]</label>
                    <align>center</align>
                    <aligny>center</aligny>
                    <textcolor>white</textcolor>
                    <shadowcolor>black</shadowcolor>
                </control>
                <control type="grouplist">
                    <description>Media Codec Flagging Images</description>
                    <left>300</left>
                    <top>720</top>
                    <width>900</width>
                    <align>left</align>
                    <itemgap>3</itemgap>
                    <orientation>horizontal</orientation>
                    <include>VisibleFadeEffect</include>
                    <visible>!Control.IsVisible(50) + [Container.Content(Movies) | Container.Content(Episodes) | Container.Content(MusicVideos)]</visible>
                    <include>VideoCodecFlaggingConditions</include>
                    <include>AudioCodecFlaggingConditions</include>
                    <include>AudioChannelsFlaggingConditions</include>
                    <include>AspectCodecFlaggingConditions</include>
                    <include>VideoStereoscopicsFlaggingConditions</include>
                    <include>VideoTypeHackFlaggingConditions</include>
                </control>
                <control type="group">
                    <visible>Control.HasFocus(12)</visible>
                    <top>135</top>
                    <left>580</left>
                    <include>VisibleFadeEffect</include>
                    <control type="image">
                        <description>Current Fanart image</description>
                        <left>0</left>
                        <top>0</top>
                        <width>1012</width>
                        <height>570</height>
                        <texture background="true">$INFO[ListItem.Art(fanart)]</texture>
                        <bordertexture border="5">button-nofocus.png</bordertexture>
                        <bordersize>4</bordersize>
                        <aspectratio>keep</aspectratio>
                        <visible>!IsEmpty(Listitem.Art(fanart))</visible>
                    </control>
                    <control type="group">
                        <visible>IsEmpty(Listitem.Art(fanart))</visible>
                        <control type="image">
                            <description>No Fanart Back</description>
                            <left>0</left>
                            <top>0</top>
                            <width>1012</width>
                            <height>570</height>
                            <texture>Fanart_Fallback_Small.jpg</texture>
                            <bordertexture border="5">button-nofocus.png</bordertexture>
                            <bordersize>4</bordersize>
                            <aspectratio>stretch</aspectratio>
                            <colordiffuse>99FFFFFF</colordiffuse>
                        </control>
                        <control type="label">
                            <left>0</left>
                            <top>0</top>
                            <width>1012</width>
                            <height>570</height>
                            <font>font30_title</font>
                            <textcolor>white</textcolor>
                            <shadowcolor>black</shadowcolor>
                            <align>center</align>
                            <aligny>center</aligny>
                            <label>31311</label>
                        </control>
                    </control>
                </control>
                <control type="group">
                    <top>135</top>
                    <left>580</left>
                    <visible>Control.HasFocus(15)</visible>
                    <include>VisibleFadeEffect</include>
                    <control type="image">
                        <description>Border</description>
                        <left>0</left>
                        <top>0</top>
                        <width>1012</width>
                        <height>570</height>
                        <texture border="5">button-nofocus.png</texture>
                    </control>
                    <control type="image">
                        <description>background</description>
                        <left>8</left>
                        <top>8</top>
                        <width>998</width>
                        <height>555</height>
                        <texture>black-back.png</texture>
                    </control>
                    <control type="label">
                        <left>0</left>
                        <top>0</top>
                        <width>1012</width>
                        <height>570</height>
                        <font>font30_title</font>
                        <textcolor>grey2</textcolor>
                        <shadowcolor>black</shadowcolor>
                        <align>center</align>
                        <aligny>center</aligny>
                        <label>31330</label>
                        <visible>!Player.HasVideo</visible>
                    </control>
                    <control type="videowindow">
                        <description>No Fanart Back</description>
                        <left>8</left>
                        <top>8</top>
                        <width>998</width>
                        <height>555</height>
                        <visible>Player.HasVideo</visible>
                    </control>
                </control>
                <control type="group">
                    <visible>[!container.content(tvshows) + !container.content(episodes) + !container.content(musicvideos)] + ![Control.HasFocus(12) | Control.HasFocus(15)]</visible>
                    <top>135</top>
                    <left>315</left>
                    <include>VisibleFadeEffect</include>
                    <control type="image">
                        <left>0</left>
                        <top>0</top>
                        <width>405</width>
                        <height>570</height>
                        <aspectratio>stretch</aspectratio>
                        <bordertexture border="5">button-nofocus.png</bordertexture>
                        <bordersize>4</bordersize>
                        <texture background="true">$VAR[PosterThumb]</texture>
                    </control>
                    <control type="image">
                        <left>6</left>
                        <top>6</top>
                        <width>300</width>
                        <height>345</height>
                        <aspectratio>stretch</aspectratio>
                        <texture>GlassOverlay.png</texture>
                        <colordiffuse>AAFFFFFF</colordiffuse>
                    </control>
                    <control type="list" id="49">
                        <left>435</left>
                        <top>30</top>
                        <width>1110</width>
                        <height>495</height>
                        <onleft>49</onleft>
                        <onright>49</onright>
                        <onup>9000</onup>
                        <ondown>61</ondown>
                        <pagecontrol>-</pagecontrol>
                        <scrolltime>200</scrolltime>
                        <itemlayout height="45">
                            <control type="label">
                                <left>8</left>
                                <top>0</top>
                                <width>240</width>
                                <height>45</height>
                                <font>font13</font>
                                <align>right</align>
                                <aligny>center</aligny>
                                <textcolor>blue</textcolor>
                                <selectedcolor>selected</selectedcolor>
                                <info>ListItem.Label</info>
                            </control>
                            <control type="label">
                                <left>262</left>
                                <top>0</top>
                                <width>848</width>
                                <height>45</height>
                                <font>font13</font>
                                <align>left</align>
                                <aligny>center</aligny>
                                <textcolor>white</textcolor>
                                <selectedcolor>white</selectedcolor>
                                <info>ListItem.Label2</info>
                            </control>
                        </itemlayout>
                        <focusedlayout height="45">
                            <control type="image">
                                <left>0</left>
                                <top>0</top>
                                <width>1110</width>
                                <height>45</height>
                                <visible>Control.HasFocus(49)</visible>
                                <texture>MenuItemFO.png</texture>
                                <include>VisibleFadeEffect</include>
                            </control>
                            <control type="label">
                                <left>8</left>
                                <top>0</top>
                                <width>240</width>
                                <height>45</height>
                                <font>font13</font>
                                <align>right</align>
                                <aligny>center</aligny>
                                <textcolor>blue</textcolor>
                                <selectedcolor>selected</selectedcolor>
                                <info>ListItem.Label</info>
                            </control>
                            <control type="label">
                                <left>262</left>
                                <top>0</top>
                                <width>848</width>
                                <height>45</height>
                                <font>font13</font>
                                <align>left</align>
                                <aligny>center</aligny>
                                <textcolor>white</textcolor>
                                <selectedcolor>white</selectedcolor>
                                <info>ListItem.Label2</info>
                            </control>
                        </focusedlayout>
                        <content>
                            <item>
                                <label>$LOCALIZE[20376]:</label>
                                <label2>$INFO[ListItem.OriginalTitle]</label2>
                                <onclick>noop</onclick>
                                <visible>!IsEmpty(ListItem.OriginalTitle) + !stringcompare(ListItem.OriginalTitle,Listitem.Title)</visible>
                            </item>
                            <item>
                                <label>$LOCALIZE[20339]:</label>
                                <label2>$INFO[ListItem.Director]</label2>
                                <onclick>SendClick(2003,13)</onclick>
                                <visible>!IsEmpty(ListItem.Director)</visible>
                            </item>
                            <item>
                                <label>$LOCALIZE[20417]:</label>
                                <label2>$INFO[ListItem.Writer]</label2>
                                <onclick>noop</onclick>
                                <visible>!IsEmpty(ListItem.Writer)</visible>
                            </item>
                            <item>
                                <label>$LOCALIZE[572]:</label>
                                <label2>$INFO[ListItem.Studio]</label2>
                                <onclick>noop</onclick>
                                <visible>!IsEmpty(ListItem.Studio)</visible>
                            </item>
                            <item>
                                <label>$LOCALIZE[515]:</label>
                                <label2>$INFO[ListItem.Genre]</label2>
                                <onclick>noop</onclick>
                                <visible>!IsEmpty(ListItem.Genre)</visible>
                            </item>
                            <item>
                                <label>$LOCALIZE[562]:</label>
                                <label2>$INFO[ListItem.Year]</label2>
                                <onclick>noop</onclick>
                                <visible>!IsEmpty(ListItem.Year)</visible>
                            </item>
                            <item>
                                <label>$LOCALIZE[2050]:</label>
                                <label2>$INFO[ListItem.Duration] $LOCALIZE[12391]</label2>
                                <onclick>noop</onclick>
                                <visible>!IsEmpty(ListItem.Duration)</visible>
                            </item>
                            <item>
                                <label>$LOCALIZE[563]:</label>
                                <label2>$INFO[ListItem.RatingAndVotes]</label2>
                                <onclick>noop</onclick>
                                <visible>!IsEmpty(ListItem.RatingAndVotes)</visible>
                            </item>
                            <item>
                                <label>$LOCALIZE[202]:</label>
                                <label2>$INFO[ListItem.TagLine]</label2>
                                <onclick>noop</onclick>
                                <visible>!IsEmpty(ListItem.TagLine)</visible>
                            </item>
                            <item>
                                <label>$LOCALIZE[203]:</label>
                                <label2>$INFO[ListItem.PlotOutline]</label2>
                                <onclick>noop</onclick>
                                <visible>!IsEmpty(ListItem.PlotOutline)</visible>
                            </item>
                            <item>
                                <label>$LOCALIZE[20074]:</label>
                                <label2>$INFO[ListItem.mpaa]</label2>
                                <onclick>noop</onclick>
                                <visible>!IsEmpty(ListItem.mpaa)</visible>
                            </item>
                            <item>
                                <label>$LOCALIZE[15311]</label>
                                <label2>$INFO[ListItem.FilenameAndPath]</label2>
                                <onclick>noop</onclick>
                                <visible>!IsEmpty(ListItem.FilenameAndPath)</visible>
                            </item>
                        </content>
                    </control>
                    <control type="image">
                        <left>435</left>
                        <top>555</top>
                        <width>1110</width>
                        <height>6</height>
                        <aspectratio>stretch</aspectratio>
                        <texture>separator.png</texture>
                    </control>
                </control>
                <control type="group">
                    <visible>Container.Content(TVShows) + !Control.HasFocus(12)</visible>
                    <top>135</top>
                    <left>315</left>
                    <include>VisibleFadeEffect</include>
                    <control type="image">
                        <left>0</left>
                        <top>0</top>
                        <width>405</width>
                        <height>570</height>
                        <aspectratio>stretch</aspectratio>
                        <bordertexture border="5">button-nofocus.png</bordertexture>
                        <bordersize>4</bordersize>
                        <texture background="true">$VAR[PosterThumb]</texture>
                    </control>
                    <control type="image">
                        <left>6</left>
                        <top>6</top>
                        <width>300</width>
                        <height>345</height>
                        <aspectratio>stretch</aspectratio>
                        <texture>GlassOverlay.png</texture>
                        <colordiffuse>AAFFFFFF</colordiffuse>
                    </control>
                    <control type="list" id="49">
                        <left>435</left>
                        <top>30</top>
                        <width>1110</width>
                        <height>495</height>
                        <onleft>49</onleft>
                        <onright>49</onright>
                        <onup>9000</onup>
                        <ondown>61</ondown>
                        <pagecontrol>-</pagecontrol>
                        <scrolltime>200</scrolltime>
                        <itemlayout height="45">
                            <control type="label">
                                <left>8</left>
                                <top>0</top>
                                <width>240</width>
                                <height>45</height>
                                <font>font13</font>
                                <align>right</align>
                                <aligny>center</aligny>
                                <textcolor>blue</textcolor>
                                <selectedcolor>selected</selectedcolor>
                                <info>ListItem.Label</info>
                            </control>
                            <control type="label">
                                <left>262</left>
                                <top>0</top>
                                <width>848</width>
                                <height>45</height>
                                <font>font13</font>
                                <align>left</align>
                                <aligny>center</aligny>
                                <textcolor>white</textcolor>
                                <selectedcolor>white</selectedcolor>
                                <info>ListItem.Label2</info>
                            </control>
                        </itemlayout>
                        <focusedlayout height="45">
                            <control type="image">
                                <left>0</left>
                                <top>0</top>
                                <width>1110</width>
                                <height>45</height>
                                <visible>Control.HasFocus(49)</visible>
                                <texture>MenuItemFO.png</texture>
                                <include>VisibleFadeEffect</include>
                            </control>
                            <control type="label">
                                <left>8</left>
                                <top>0</top>
                                <width>240</width>
                                <height>45</height>
                                <font>font13</font>
                                <align>right</align>
                                <aligny>center</aligny>
                                <textcolor>blue</textcolor>
                                <selectedcolor>selected</selectedcolor>
                                <info>ListItem.Label</info>
                            </control>
                            <control type="label">
                                <left>262</left>
                                <top>0</top>
                                <width>848</width>
                                <height>45</height>
                                <font>font13</font>
                                <align>left</align>
                                <aligny>center</aligny>
                                <textcolor>white</textcolor>
                                <selectedcolor>white</selectedcolor>
                                <info>ListItem.Label2</info>
                            </control>
                        </focusedlayout>
                        <content>
                            <item>
                                <label>$LOCALIZE[20360]:</label>
                                <label2>$INFO[listitem.episode] [COLOR=grey] ($INFO[ListItem.Property(WatchedEpisodes),, $LOCALIZE[16102]] - $INFO[ListItem.Property(UnWatchedEpisodes), , $LOCALIZE[16101]])[/COLOR]</label2>
                                <onclick>noop</onclick>
                                <visible>!IsEmpty(ListItem.Episode)</visible>
                            </item>
                            <item>
                                <label>$LOCALIZE[31322]:</label>
                                <label2>$INFO[ListItem.Premiered]</label2>
                                <onclick>noop</onclick>
                                <visible>!IsEmpty(ListItem.Premiered)</visible>
                            </item>
                            <item>
                                <label>$LOCALIZE[515]:</label>
                                <label2>$INFO[ListItem.Genre]</label2>
                                <onclick>noop</onclick>
                                <visible>!IsEmpty(ListItem.Genre)</visible>
                            </item>
                            <item>
                                <label>$LOCALIZE[562]:</label>
                                <label2>$INFO[ListItem.Year]</label2>
                                <onclick>noop</onclick>
                                <visible>!IsEmpty(ListItem.Year)</visible>
                            </item>
                            <item>
                                <label>$LOCALIZE[563]:</label>
                                <label2>$INFO[ListItem.RatingAndVotes]</label2>
                                <onclick>noop</onclick>
                                <visible>!IsEmpty(ListItem.RatingAndVotes)</visible>
                            </item>
                            <item>
                                <label>$LOCALIZE[15311]</label>
                                <label2>$INFO[ListItem.FilenameAndPath]</label2>
                                <onclick>noop</onclick>
                                <visible>!IsEmpty(ListItem.FilenameAndPath)</visible>
                            </item>
                        </content>
                    </control>
                    <control type="image">
                        <left>435</left>
                        <top>555</top>
                        <width>1110</width>
                        <height>6</height>
                        <aspectratio>stretch</aspectratio>
                        <texture>separator.png</texture>
                    </control>
                </control>
                <control type="group">
                    <visible>container.content(episodes) + !Control.HasFocus(12)</visible>
                    <top>135</top>
                    <left>315</left>
                    <include>VisibleFadeEffect</include>
                    <control type="image">
                        <left>0</left>
                        <top>0</top>
                        <width>570</width>
                        <height>375</height>
                        <aspectratio aligny="bottom">keep</aspectratio>
                        <bordertexture border="5">button-nofocus.png</bordertexture>
                        <bordersize>4</bordersize>
                        <texture background="true">$INFO[ListItem.Icon]</texture>
                    </control>
                    <control type="image">
                        <left>0</left>
                        <top>375</top>
                        <width>570</width>
                        <height>375</height>
                        <aspectratio aligny="top">keep</aspectratio>
                        <bordertexture border="5" flipy="true" diffuse="diffuse_mirror2.png">button-nofocus.png</bordertexture>
                        <bordersize>4</bordersize>
                        <texture background="true" flipy="true" diffuse="diffuse_mirror2.png">$INFO[ListItem.Icon]</texture>
                    </control>
                    <control type="list" id="49">
                        <left>585</left>
                        <top>30</top>
                        <width>960</width>
                        <height>495</height>
                        <onleft>49</onleft>
                        <onright>49</onright>
                        <onup>9000</onup>
                        <ondown>61</ondown>
                        <pagecontrol>-</pagecontrol>
                        <scrolltime>200</scrolltime>
                        <itemlayout height="45">
                            <control type="label">
                                <left>8</left>
                                <top>0</top>
                                <width>240</width>
                                <height>45</height>
                                <font>font13</font>
                                <align>right</align>
                                <aligny>center</aligny>
                                <textcolor>blue</textcolor>
                                <selectedcolor>selected</selectedcolor>
                                <info>ListItem.Label</info>
                            </control>
                            <control type="label">
                                <left>262</left>
                                <top>0</top>
                                <width>698</width>
                                <height>45</height>
                                <font>font13</font>
                                <align>left</align>
                                <aligny>center</aligny>
                                <textcolor>white</textcolor>
                                <selectedcolor>white</selectedcolor>
                                <info>ListItem.Label2</info>
                            </control>
                        </itemlayout>
                        <focusedlayout height="45">
                            <control type="image">
                                <left>0</left>
                                <top>0</top>
                                <width>960</width>
                                <height>45</height>
                                <visible>Control.HasFocus(49)</visible>
                                <texture>MenuItemFO.png</texture>
                                <include>VisibleFadeEffect</include>
                            </control>
                            <control type="label">
                                <left>8</left>
                                <top>0</top>
                                <width>240</width>
                                <height>45</height>
                                <font>font13</font>
                                <align>right</align>
                                <aligny>center</aligny>
                                <textcolor>blue</textcolor>
                                <selectedcolor>selected</selectedcolor>
                                <info>ListItem.Label</info>
                            </control>
                            <control type="label">
                                <left>262</left>
                                <top>0</top>
                                <width>698</width>
                                <height>45</height>
                                <font>font13</font>
                                <align>left</align>
                                <aligny>center</aligny>
                                <textcolor>white</textcolor>
                                <selectedcolor>white</selectedcolor>
                                <info>ListItem.Label2</info>
                            </control>
                        </focusedlayout>
                        <content>
                            <item>
                                <label>$LOCALIZE[20364]:</label>
                                <label2>$INFO[ListItem.TVShowTitle]</label2>
                                <onclick>noop</onclick>
                                <visible>!IsEmpty(ListItem.TVShowTitle)</visible>
                            </item>
                            <item>
                                <label>$LOCALIZE[20373]:</label>
                                <label2>$INFO[ListItem.Season]</label2>
                                <onclick>noop</onclick>
                                <visible>!IsEmpty(ListItem.Season)</visible>
                            </item>
                            <item>
                                <label>$LOCALIZE[20359]:</label>
                                <label2>$INFO[ListItem.Episode]</label2>
                                <onclick>noop</onclick>
                                <visible>!IsEmpty(ListItem.Episode)</visible>
                            </item>
                            <item>
                                <label>$LOCALIZE[31322]:</label>
                                <label2>$INFO[ListItem.Premiered]</label2>
                                <onclick>noop</onclick>
                                <visible>!IsEmpty(ListItem.Premiered)</visible>
                            </item>
                            <item>
                                <label>$LOCALIZE[515]:</label>
                                <label2>$INFO[ListItem.Genre]</label2>
                                <onclick>noop</onclick>
                                <visible>!IsEmpty(ListItem.Genre)</visible>
                            </item>
                            <item>
                                <label>$LOCALIZE[20339]:</label>
                                <label2>$INFO[ListItem.Director]</label2>
                                <onclick>SendClick(2003,13)</onclick>
                                <visible>!IsEmpty(ListItem.Director)</visible>
                            </item>
                            <item>
                                <label>$LOCALIZE[20417]:</label>
                                <label2>$INFO[ListItem.Writer]</label2>
                                <onclick>noop</onclick>
                                <visible>!IsEmpty(ListItem.Writer)</visible>
                            </item>
                            <item>
                                <label>$LOCALIZE[562]:</label>
                                <label2>$INFO[ListItem.Year]</label2>
                                <onclick>noop</onclick>
                                <visible>!IsEmpty(ListItem.Year)</visible>
                            </item>
                            <item>
                                <label>$LOCALIZE[2050]:</label>
                                <label2>$INFO[ListItem.Duration] $LOCALIZE[12391]</label2>
                                <onclick>noop</onclick>
                                <visible>!IsEmpty(ListItem.Duration)</visible>
                            </item>
                            <item>
                                <label>$LOCALIZE[563]:</label>
                                <label2>$INFO[ListItem.RatingAndVotes]</label2>
                                <onclick>noop</onclick>
                                <visible>!IsEmpty(ListItem.RatingAndVotes)</visible>
                            </item>
                            <item>
                                <label>$LOCALIZE[15311]</label>
                                <label2>$INFO[ListItem.FilenameAndPath]</label2>
                                <onclick>noop</onclick>
                                <visible>!IsEmpty(ListItem.FilenameAndPath)</visible>
                            </item>
                        </content>
                    </control>
                    <control type="image">
                        <left>435</left>
                        <top>555</top>
                        <width>1110</width>
                        <height>6</height>
                        <aspectratio>stretch</aspectratio>
                        <texture>separator.png</texture>
                    </control>
                </control>
                <control type="group">
                    <visible>container.content(musicvideos) + !Control.HasFocus(12)</visible>
                    <top>135</top>
                    <left>315</left>
                    <include>VisibleFadeEffect</include>
                    <control type="image">
                        <left>0</left>
                        <top>0</top>
                        <width>570</width>
                        <height>540</height>
                        <aspectratio>keep</aspectratio>
                        <bordertexture border="5">button-nofocus.png</bordertexture>
                        <bordersize>4</bordersize>
                        <texture background="true">$INFO[ListItem.Icon]</texture>
                    </control>
                    <control type="list" id="49">
                        <left>585</left>
                        <top>30</top>
                        <width>960</width>
                        <height>495</height>
                        <onleft>49</onleft>
                        <onright>49</onright>
                        <onup>9000</onup>
                        <ondown>61</ondown>
                        <pagecontrol>-</pagecontrol>
                        <scrolltime>200</scrolltime>
                        <itemlayout height="45">
                            <control type="label">
                                <left>8</left>
                                <top>0</top>
                                <width>240</width>
                                <height>45</height>
                                <font>font13</font>
                                <align>right</align>
                                <aligny>center</aligny>
                                <textcolor>blue</textcolor>
                                <selectedcolor>selected</selectedcolor>
                                <info>ListItem.Label</info>
                            </control>
                            <control type="label">
                                <left>262</left>
                                <top>0</top>
                                <width>698</width>
                                <height>45</height>
                                <font>font13</font>
                                <align>left</align>
                                <aligny>center</aligny>
                                <textcolor>white</textcolor>
                                <selectedcolor>white</selectedcolor>
                                <info>ListItem.Label2</info>
                            </control>
                        </itemlayout>
                        <focusedlayout height="45">
                            <control type="image">
                                <left>0</left>
                                <top>0</top>
                                <width>960</width>
                                <height>45</height>
                                <visible>Control.HasFocus(49)</visible>
                                <texture>MenuItemFO.png</texture>
                                <include>VisibleFadeEffect</include>
                            </control>
                            <control type="label">
                                <left>8</left>
                                <top>0</top>
                                <width>240</width>
                                <height>45</height>
                                <font>font13</font>
                                <align>right</align>
                                <aligny>center</aligny>
                                <textcolor>blue</textcolor>
                                <selectedcolor>selected</selectedcolor>
                                <info>ListItem.Label</info>
                            </control>
                            <control type="label">
                                <left>262</left>
                                <top>0</top>
                                <width>698</width>
                                <height>45</height>
                                <font>font13</font>
                                <align>left</align>
                                <aligny>center</aligny>
                                <textcolor>white</textcolor>
                                <selectedcolor>white</selectedcolor>
                                <info>ListItem.Label2</info>
                            </control>
                        </focusedlayout>
                        <content>
                            <item>
                                <label>$LOCALIZE[557]:</label>
                                <label2>$INFO[ListItem.Artist]</label2>
                                <onclick>noop</onclick>
                                <visible>!IsEmpty(ListItem.Artist)</visible>
                            </item>
                            <item>
                                <label>$LOCALIZE[558]:</label>
                                <label2>$INFO[ListItem.Album]</label2>
                                <onclick>noop</onclick>
                                <visible>!IsEmpty(ListItem.Album)</visible>
                            </item>
                            <item>
                                <label>$LOCALIZE[515]:</label>
                                <label2>$INFO[ListItem.Genre]</label2>
                                <onclick>noop</onclick>
                                <visible>!IsEmpty(ListItem.Genre)</visible>
                            </item>
                            <item>
                                <label>$LOCALIZE[572]:</label>
                                <label2>$INFO[ListItem.Studio]</label2>
                                <onclick>noop</onclick>
                                <visible>!IsEmpty(ListItem.Studio)</visible>
                            </item>
                            <item>
                                <label>$LOCALIZE[20417]:</label>
                                <label2>$INFO[ListItem.Writer]</label2>
                                <onclick>noop</onclick>
                                <visible>!IsEmpty(ListItem.Writer)</visible>
                            </item>
                            <item>
                                <label>$LOCALIZE[20339]:</label>
                                <label2>$INFO[ListItem.Director]</label2>
                                <onclick>noop</onclick>
                                <visible>!IsEmpty(ListItem.Director)</visible>
                            </item>
                            <item>
                                <label>$LOCALIZE[562]:</label>
                                <label2>$INFO[ListItem.Year]</label2>
                                <onclick>noop</onclick>
                                <visible>!IsEmpty(ListItem.Year)</visible>
                            </item>
                            <item>
                                <label>$LOCALIZE[2050]:</label>
                                <label2>$INFO[ListItem.Duration] $LOCALIZE[12391]</label2>
                                <onclick>noop</onclick>
                                <visible>!IsEmpty(ListItem.Duration)</visible>
                            </item>
                            <item>
                                <label>$LOCALIZE[15311]</label>
                                <label2>$INFO[ListItem.FilenameAndPath]</label2>
                                <onclick>noop</onclick>
                                <visible>!IsEmpty(ListItem.FilenameAndPath)</visible>
                            </item>
                        </content>
                    </control>
                    <control type="image">
                        <left>585</left>
                        <top>555</top>
                        <width>960</width>
                        <height>6</height>
                        <aspectratio>stretch</aspectratio>
                        <texture>separator.png</texture>
                    </control>
                </control>
                <control type="label">
                    <right>195</right>
                    <top>720</top>
                    <width>600</width>
                    <height>45</height>
                    <font>font13_title</font>
                    <textcolor>grey2</textcolor>
                    <shadowcolor>black</shadowcolor>
                    <scroll>true</scroll>
                    <align>right</align>
                    <aligny>center</aligny>
                    <label>[COLOR=blue]$LOCALIZE[207][/COLOR]$INFO[Container(400).CurrentPage, ( $LOCALIZE[31024] ]$INFO[Container(400).NumPages,/, )]</label>
                    <visible>Control.IsVisible(400)</visible>
                </control>
                <control type="label">
                    <right>195</right>
                    <top>720</top>
                    <width>600</width>
                    <height>45</height>
                    <font>font13_title</font>
                    <textcolor>grey2</textcolor>
                    <shadowcolor>black</shadowcolor>
                    <scroll>true</scroll>
                    <align>right</align>
                    <aligny>center</aligny>
                    <label>[COLOR=blue]$LOCALIZE[206][/COLOR]$INFO[Container(50).CurrentPage, ( $LOCALIZE[31024] ]$INFO[Container(50).NumPages,/, )]</label>
                    <visible>Control.IsVisible(50)</visible>
                </control>
                <control type="spincontrol" id="61">
                    <description>Next page button</description>
                    <left>180r</left>
                    <top>728</top>
                    <subtype>page</subtype>
                    <font>-</font>
                    <onleft>61</onleft>
                    <onright>61</onright>
                    <ondown>9000</ondown>
                    <onup>49</onup>
                    <textcolor>-</textcolor>
                    <showonepage>true</showonepage>
                </control>
                <control type="textbox" id="400">
                    <description>Description Value for Movies</description>
                    <left>315</left>
                    <top>788</top>
                    <width>1545</width>
                    <height>180</height>
                    <font>font13</font>
                    <align>justify</align>
                    <textcolor>white</textcolor>
                    <pagecontrol>61</pagecontrol>
                    <label>$INFO[ListItem.Plot]</label>
                    <autoscroll time="3000" delay="4000" repeat="5000">!Control.HasFocus(61) + Skin.HasSetting(AutoScroll)</autoscroll>
                    <visible>!Control.IsVisible(50)</visible>
                </control>
                <control type="image">
                    <description>Actor image</description>
                    <left>315</left>
                    <top>720</top>
                    <width>240</width>
                    <height>240</height>
                    <texture>$INFO[Container(50).Listitem.Icon]</texture>
                    <aspectratio>keep</aspectratio>
                    <visible>Control.IsVisible(50)</visible>
                </control>
                <control type="panel" id="50">
                    <left>570</left>
                    <top>780</top>
                    <width>1290</width>
                    <height>180</height>
                    <onleft>9000</onleft>
                    <onright>61</onright>
                    <onup>61</onup>
                    <ondown>9000</ondown>
                    <viewtype label="">list</viewtype>
                    <pagecontrol>61</pagecontrol>
                    <scrolltime>200</scrolltime>
                    <orientation>vertical</orientation>
                    <itemlayout height="60" width="645">
                        <control type="image">
                            <left>0</left>
                            <top>0</top>
                            <width>645</width>
                            <height>60</height>
                            <texture border="5">button-nofocus.png</texture>
                        </control>
                        <control type="label">
                            <left>15</left>
                            <top>0</top>
                            <width>615</width>
                            <height>60</height>
                            <font>font12</font>
                            <align>left</align>
                            <aligny>center</aligny>
                            <selectedcolor>white</selectedcolor>
                            <info>ListItem.Label</info>
                        </control>
                    </itemlayout>
                    <focusedlayout height="60" width="645">
                        <control type="image">
                            <left>0</left>
                            <top>0</top>
                            <width>645</width>
                            <height>60</height>
                            <visible>!Control.HasFocus(50)</visible>
                            <texture border="5">button-nofocus.png</texture>
                        </control>
                        <control type="image">
                            <left>0</left>
                            <top>0</top>
                            <width>645</width>
                            <height>60</height>
                            <visible>Control.HasFocus(50)</visible>
                            <texture border="5">button-focus2.png</texture>
                        </control>
                        <control type="label">
                            <left>15</left>
                            <top>0</top>
                            <width>615</width>
                            <height>60</height>
                            <font>font12</font>
                            <align>left</align>
                            <aligny>center</aligny>
                            <selectedcolor>white</selectedcolor>
                            <info>ListItem.Label</info>
                        </control>
                    </focusedlayout>
                </control>
                <control type="grouplist" id="9000">
                    <left>315</left>
                    <top>990</top>
                    <width>1545</width>
                    <height>60</height>
                    <itemgap>3</itemgap>
                    <align>center</align>
                    <orientation>horizontal</orientation>
                    <onleft>9000</onleft>
                    <onright>9000</onright>
                    <onup>50</onup>
                    <ondown>49</ondown>
                    <control type="togglebutton" id="8">
                        <description>Play/browse to Show</description>
                        <include>ButtonInfoDialogsCommonValues</include>
                        <label>208</label>
                        <alttexturefocus border="2">button-focus.png</alttexturefocus>
                        <alttexturenofocus border="2">button-nofocus.png</alttexturenofocus>
                        <altlabel>1024</altlabel>
                        <usealttexture>Container.Content(TVShows)</usealttexture>
                    </control>
                    <control type="button" id="5">
                        <description>Cast/Review</description>
                        <include>ButtonInfoDialogsCommonValues</include>
                        <label>206</label>
                    </control>
                    <control type="button" id="6">
                        <description>Refresh</description>
                        <include>ButtonInfoDialogsCommonValues</include>
                        <label>184</label>
                    </control>
                    <control type="button" id="10">
                        <description>Get Thumb</description>
                        <include>ButtonInfoDialogsCommonValues</include>
                        <label>13511</label>
                    </control>
                    <control type="button" id="11">
                        <description>Play Trailer</description>
                        <include>ButtonInfoDialogsCommonValues</include>
                        <label>20410</label>
                        <visible>!IsEmpty(ListItem.Trailer) + !Skin.HasSetting(WindowedTrailer)</visible>
                    </control>
                    <control type="button" id="15">
                        <description>Play Trailer Windowed</description>
                        <include>ButtonInfoDialogsCommonValues</include>
                        <label>20410</label>
                        <onclick>PlayMedia($INFO[ListItem.Trailer],1)</onclick>
                        <visible>!IsEmpty(ListItem.Trailer) + Skin.HasSetting(WindowedTrailer)</visible>
                    </control>
                    <control type="button" id="100">
                        <description>Fetch TvTunes stuff</description>
                        <include>ButtonInfoDialogsCommonValues</include>
                        <label>31127</label>
                        <onclick>RunScript(script.tvtunes,mode=solo)</onclick>
                        <visible>Skin.HasSetting(ActivateTvTunes) + System.HasAddon(script.tvtunes) + [Container.Content(TVShows) | Container.Content(movies) | Container.Content(musicvideos)] + IsEmpty(Window(movieinformation).Property("TvTunes_HideVideoInfoButton"))</visible>
                    </control>
                </control>
            </control>
        </control>
        <include>Clock</include>
    </controls>
</window>
