<?xml version="1.0" encoding="UTF-8"?>
<includes>
    <include name="HomeSubMenuGenesis">
        <control type="image" id="190950">
            <width>52</width>
            <height>52</height>
            <texture border="0,0,0,3" flipx="true">HomeSubEnd.png</texture>
        </control>
        <control type="button" id="190951">
            <include>ButtonHomeSubCommonValues</include>
            <label>Movies</label>
            <onclick>ActivateWindow(videofiles,plugin://plugin.video.genesis/?action=movieNavigator,return)</onclick>
        </control>
        <control type="button" id="190953">
            <include>ButtonHomeSubCommonValues</include>
            <label>Channels</label>
            <onclick>ActivateWindow(videofiles,plugin://plugin.video.genesis/?action=channels,return)</onclick>
        </control>
        <control type="button" id="190954">
            <include>ButtonHomeSubCommonValues</include>
            <label>My Genesis</label>
            <onclick>ActivateWindow(videofiles,plugin://plugin.video.genesis/?action=myNavigator,return)</onclick>
        </control>
        <control type="button" id="190955">
            <include>ButtonHomeSubCommonValues</include>
            <label>Latest Movies</label>
            <onclick>ActivateWindow(videofiles,plugin://plugin.video.genesis/?action=movies&url=added)</onclick>
        </control>
        <control type="button" id="190957">
            <include>ButtonHomeSubCommonValues</include>
            <label>Tools</label>
            <onclick>ActivateWindow(videofiles,plugin://plugin.video.genesis/?action=toolNavigator,return)</onclick>
        </control>
        <control type="button" id="190958">
            <include>ButtonHomeSubCommonValues</include>
            <label>Search</label>
            <onclick>ActivateWindow(videofiles,plugin://plugin.video.genesis/?action=movieSearch,return)</onclick>
        </control>
        <control type="image" id="190959">
            <width>52</width>
            <height>52</height>
            <texture border="0,0,0,3">HomeSubEnd.png</texture>
        </control>
    </include>
    <include name="HomeSubMenuGenesistv">
        <control type="image" id="190960">
            <width>52</width>
            <height>52</height>
            <texture border="0,0,0,3" flipx="true">HomeSubEnd.png</texture>
        </control>
        <control type="button" id="190962">
            <include>ButtonHomeSubCommonValues</include>
            <label>TV Shows</label>
            <onclick>ActivateWindow(videofiles,plugin://plugin.video.genesis/?action=tvNavigator,return)</onclick>
        </control>
        <control type="button" id="190963">
            <include>ButtonHomeSubCommonValues</include>
            <label>Channels</label>
            <onclick>ActivateWindow(videofiles,plugin://plugin.video.genesis/?action=channels,return)</onclick>
        </control>
        <control type="button" id="190964">
            <include>ButtonHomeSubCommonValues</include>
            <label>My Genesis</label>
            <onclick>ActivateWindow(videofiles,plugin://plugin.video.genesis/?action=myNavigator,return)</onclick>
        </control>
        <control type="button" id="190966">
            <include>ButtonHomeSubCommonValues</include>
            <label>Latest Episodes</label>
            <onclick>ActivateWindow(videofiles,plugin://plugin.video.genesis/?action=calendar&url=added,return)</onclick>
        </control>
        <control type="button" id="190967">
            <include>ButtonHomeSubCommonValues</include>
            <label>Tools</label>
            <onclick>ActivateWindow(videofiles,plugin://plugin.video.genesis/?action=toolNavigator,return)</onclick>
        </control>
        <control type="button" id="190968">
            <include>ButtonHomeSubCommonValues</include>
            <label>Search</label>
            <onclick>ActivateWindow(videofiles,plugin://plugin.video.genesis/?action=tvSearch,return)</onclick>
        </control>
        <control type="image" id="190969">
            <width>52</width>
            <height>52</height>
            <texture border="0,0,0,3">HomeSubEnd.png</texture>
        </control>
    </include>
    <include name="HomeSubMenuVideos">
        <control type="image" id="90101">
            <width>52</width>
            <height>52</height>
            <texture border="0,0,0,3" flipx="true">HomeSubEnd.png</texture>
        </control>
        <control type="button" id="90102">
            <include>ButtonHomeSubCommonValues</include>
            <label>342</label>
            <onclick>ActivateWindow(Videos,MovieTitles,return)</onclick>
            <visible>Library.HasContent(Movies) + Skin.HasSetting(HomeMenuNoMovieButton)</visible>
        </control>
        <control type="button" id="90103">
            <include>ButtonHomeSubCommonValues</include>
            <label>20343</label>
            <onclick>ActivateWindow(Videos,TvShowTitles,return)</onclick>
            <visible>Library.HasContent(TVShows) + Skin.HasSetting(HomeMenuNoTVShowButton)</visible>
        </control>
        <control type="button" id="90104">
            <include>ButtonHomeSubCommonValues</include>
            <label>20389</label>
            <onclick>ActivateWindow(Videos,MusicVideoTitles,return)</onclick>
            <visible>Library.HasContent(MusicVideos)</visible>
        </control>
        <control type="button" id="90105">
            <include>ButtonHomeSubCommonValues</include>
            <label>744</label>
            <onclick>ActivateWindow(Videos,Files,return)</onclick>
        </control>
        <control type="button" id="90106">
            <include>ButtonHomeSubCommonValues</include>
            <label>14022</label>
            <onclick>ActivateWindow(Videos,Root)</onclick>
            <visible>Library.HasContent(Video)</visible>
        </control>
        <control type="button" id="90107">
            <include>ButtonHomeSubCommonValues</include>
            <label>24001</label>
            <onclick>ActivateWindow(Videos,Addons,return)</onclick>
        </control>
        <control type="image" id="90108">
            <width>52</width>
            <height>52</height>
            <texture border="0,0,0,3">HomeSubEnd.png</texture>
        </control>
    </include>
    <include name="HomeSubMenuMovies">
        <control type="image" id="90161">
            <width>52</width>
            <height>52</height>
            <texture border="0,0,0,3" flipx="true">HomeSubEnd.png</texture>
        </control>
        <control type="button" id="90162">
            <include>ButtonHomeSubCommonValues</include>
            <label>31328</label>
            <onclick>ActivateWindow(Videos,RecentlyAddedMovies,return)</onclick>
        </control>
        <control type="button" id="90163">
            <include>ButtonHomeSubCommonValues</include>
            <label>20434</label>
            <onclick>ActivateWindow(Videos,MovieSets,return)</onclick>
            <visible>Library.HasContent(MovieSets)</visible>
        </control>
        <control type="button" id="90164">
            <include>ButtonHomeSubCommonValues</include>
            <label>369</label>
            <onclick>ActivateWindow(Videos,MovieTitles,return)</onclick>
        </control>
        <control type="button" id="90165">
            <include>ButtonHomeSubCommonValues</include>
            <label>135</label>
            <onclick>ActivateWindow(Videos,MovieGenres,return)</onclick>
        </control>
        <control type="button" id="90166">
            <include>ButtonHomeSubCommonValues</include>
            <label>652</label>
            <onclick>ActivateWindow(Videos,MovieYears,return)</onclick>
        </control>
        <control type="button" id="90167">
            <include>ButtonHomeSubCommonValues</include>
            <label>344</label>
            <onclick>ActivateWindow(Videos,MovieActors,return)</onclick>
        </control>
        <control type="image" id="90168">
            <width>52</width>
            <height>52</height>
            <texture border="0,0,0,3">HomeSubEnd.png</texture>
        </control>
    </include>
    <include name="HomeSubMenuTVShows">
        <control type="image" id="90171">
            <width>52</width>
            <height>52</height>
            <texture border="0,0,0,3" flipx="true">HomeSubEnd.png</texture>
        </control>
        <control type="button" id="90172">
            <include>ButtonHomeSubCommonValues</include>
            <label>31328</label>
            <onclick>ActivateWindow(Videos,RecentlyAddedEpisodes,return)</onclick>
        </control>
        <control type="button" id="100777">
            <include>ButtonHomeSubCommonValues</include>
            <label>Air Date</label>
            <onclick>ActivateWindow(videofiles,special://skin/backgrounds/airdate.xsp)</onclick>
        </control>
        <control type="button" id="90173">
            <include>ButtonHomeSubCommonValues</include>
            <label>369</label>
            <onclick>ActivateWindow(Videos,TVShowTitles,return)</onclick>
        </control>
        <control type="button" id="90174">
            <include>ButtonHomeSubCommonValues</include>
            <label>135</label>
            <onclick>ActivateWindow(Videos,TVShowGenres,return)</onclick>
        </control>
        <control type="button" id="90175">
            <include>ButtonHomeSubCommonValues</include>
            <label>652</label>
            <onclick>ActivateWindow(Videos,TVShowYears,return)</onclick>
        </control>
        <control type="button" id="90176">
            <include>ButtonHomeSubCommonValues</include>
            <label>344</label>
            <onclick>ActivateWindow(Videos,TVShowActors,return)</onclick>
        </control>
        <control type="image" id="90177">
            <width>52</width>
            <height>52</height>
            <texture border="0,0,0,3">HomeSubEnd.png</texture>
        </control>
    </include>
    <include name="HomeSubMenuSimply">
        <control type="image" id="90621">
            <width>52</width>
            <height>52</height>
            <texture border="0,0,0,3" flipx="true">HomeSubEnd.png</texture>
        </control>
		<control type="button" id="90622">
			<include>ButtonHomeSubCommonValues</include>
			<label>[COLOR blue]M[/COLOR]ovies</label>
			<onclick>ActivateWindow(videofiles,plugin://script.icechannel/?indexer=movies&section=main&title=Movies&mode=indexer,return)</onclick>
			<onclick>Container.Update(plugin://script.icechannel/?indexer=movies&mode=indexer&section=main&title=Movies)</onclick>
			<visible>!Skin.HasSetting(SimplyMain_bttn)</visible>
		</control>
		<control type="button" id="90623">
			<include>ButtonHomeSubCommonValues</include>
			<label>[COLOR blue]M[/COLOR]ovies Search</label>
			<onclick>ActivateWindow(videofiles,plugin://script.icechannel/?indexer=movies&mode=search,return)</onclick>
			<onclick condition="!Skin.HasSetting(xunityM_search)">Container.Update(plugin://script.icechannel/?indexer=movies&mode=search,replace)</onclick>
			<onclick>Skin.ToggleSetting(xunityM_search)</onclick>
			<visible>!Skin.HasSetting(SimplySearchMovie_bttn)</visible>
		</control>
		<control type="button" id="90624">
			<include>ButtonHomeSubCommonValues</include>
			<label>[COLOR blue]T[/COLOR]V Shows</label>
			<onclick>ActivateWindow(videofiles,plugin://script.icechannel/?indexer=tv_shows&section=main&title=TV%20Shows&mode=indexer,return)</onclick>
			<visible>!Skin.HasSetting(SimplyMoviesGenre_bttn)</visible>
		</control>
		<control type="button" id="90625">
			<include>ButtonHomeSubCommonValues</include>
			<label>[COLOR blue]T[/COLOR]V Show Search</label>
			<onclick>ActivateWindow(videofiles,plugin://script.icechannel/?indexer=tv_shows&mode=search,return)</onclick>
			<onclick condition="!Skin.HasSetting(xunityT_search)">Container.Update(plugin://script.icechannel/?indexer=tv_shows&mode=search,replace)</onclick>
			<onclick>Skin.ToggleSetting(xunityT_search)</onclick>
			<visible>!Skin.HasSetting(SimplySearchTV_bttn)</visible>
		</control>
		<control type="button" id="90626">
			<include>ButtonHomeSubCommonValues</include>
			<label>[COLOR blue]L[/COLOR]ists & [COLOR blue]F[/COLOR]avs</label>
			<onclick>ActivateWindow(videofiles,plugin://script.icechannel?section=main&mode=indexer&indexer=lists&title=iView,return)</onclick>
			<visible>!Skin.HasSetting(SimplyFavs_bttn)</visible>
		</control>
		<control type="button" id="90627">
			<include>ButtonHomeSubCommonValues</include>
			<label>[COLOR blue]B[/COLOR]ookmarks</label>
			<onclick>ActivateWindow(videofiles,plugin://script.icechannel?indexer_id=Bookmarks&section=main&mode=section&indexer=lists&title=Bookmarks,return)</onclick>
			<visible>!Skin.HasSetting(xunity.book)</visible>
		</control>
		
		<control type="button" id="90630">
			<include>ButtonHomeSubCommonValues</include>
			<label>[COLOR blue]L[/COLOR]ive TV</label>
			<onclick>ActivateWindow(videofiles,plugin://script.icechannel/?indexer=live_tv&mode=indexer&section=main&title=Live%20TV,return)</onclick>
			<visible>!Skin.HasSetting(xunity.livetv)</visible>
		</control>
		
		<control type="button" id="90631">
			<include>ButtonHomeSubCommonValues</include>
			<label>[COLOR blue]i[/COLOR]Watch</label>
			<onclick>ActivateWindow(videofiles,plugin://script.icechannel?section=main&mode=indexer&indexer=lists&title=iWatch,return)</onclick>
			<visible>!Skin.HasSetting(xunity.iwatch)</visible>
		</control>
		
		<control type="button" id="90632">
			<include>ButtonHomeSubCommonValues</include>
			<label>[COLOR blue]T[/COLOR]ools</label>
			<onclick>ActivateWindow(videofiles,plugin://script.icechannel/?indexer=tools&mode=tools&section=tools&title=Tools,return)</onclick>
			<visible>!Skin.HasSetting(xunity.tools)</visible>
		</control>		
		
		<control type="button" id="90628">
			<include>ButtonHomeSubCommonValues</include>
			<label>41916</label>
			<onclick>ActivateWindow(videofiles,plugin://script.icechannel/?mode=settings,return)</onclick>
			<visible>!Skin.HasSetting(SimplyTvGenre_bttn)</visible>
		</control>
        <control type="image" id="90629">
            <width>52</width>
            <height>52</height>
            <texture border="0,0,0,3">HomeSubEnd.png</texture>
        </control>
    </include>
    <include name="HomeSubMenuProgramaspps">
        <control type="image" id="190940">
            <width>52</width>
            <height>52</height>
            <texture border="0,0,0,3" flipx="true">HomeSubEnd.png</texture>
        </control>
		<control type="button" id="190941">
			<include>ButtonHomeSubCommonValues</include>
			<label>[COLOR blue]X[/COLOR]unity Backup/Rest</label>
			<onclick>ActivateWindow(videofiles,plugin://script.xunitybackup/,return)</onclick>
		</control>
		<control type="button" id="190942">
			<include>ButtonHomeSubCommonValues</include>
			<label>[COLOR blue]X[/COLOR]unity Maintenance</label>
			<onclick>ActivateWindow(videofiles,plugin://plugin.video.hubmaintenance/,return)</onclick>
		</control>
		<control type="button" id="190943">
			<include>ButtonHomeSubCommonValues</include>
			<label>[COLOR blue]I[/COLOR]STREAM Installer</label>
			<onclick>ActivateWindow(videofiles,plugin://plugin.video.xunity/,return)</onclick>
		</control>
        <control type="image" id="190944">
            <width>52</width>
            <height>52</height>
            <texture border="0,0,0,3">HomeSubEnd.png</texture>
        </control>
    </include>
    <include name="HomeSubMenuAndroid">
        <control type="image" id="90721">
            <width>52</width>
            <height>52</height>
            <texture border="0,0,0,3" flipx="true">HomeSubEnd.png</texture>
        </control>
        <control type="button" id="90722">
            <include>ButtonHomeSubCommonValues</include>
            <label>Google Play</label>
            <onclick>StartAndroidActivity(com.android.vending)</onclick>
            <visible>true</visible>
        </control>
        <control type="button" id="90724">
            <include>ButtonHomeSubCommonValues</include>
            <label>Netflix</label>
            <onclick>StartAndroidActivity(com.netflix.mediaclient)</onclick>
            <visible>true</visible>
        </control>
        <control type="button" id="90725">
            <include>ButtonHomeSubCommonValues</include>
            <label>Show Box</label>
            <onclick>StartAndroidActivity(com.tdo.showbox)</onclick>
            <visible>true</visible>
        </control>
        <control type="button" id="90726">
            <include>ButtonHomeSubCommonValues</include>
            <label>Skype</label>
            <onclick>StartAndroidActivity(com.skype.raider)</onclick>
            <visible>true</visible>
        </control>
        <control type="button" id="90732">
            <include>ButtonHomeSubCommonValues</include>
            <label>Hulu</label>
            <onclick>StartAndroidActivity(com.hulu.plus)</onclick>
            <visible>true</visible>
        </control>
        <control type="button" id="90730">
            <include>ButtonHomeSubCommonValues</include>
            <label>Settings</label>
            <onclick>StartAndroidActivity(com.mbx.settingsmbox)</onclick>
            <visible>true</visible>
        </control>
        <control type="image" id="90729">
            <width>52</width>
            <height>52</height>
            <texture border="0,0,0,3">HomeSubEnd.png</texture>
        </control>
    </include>
    <include name="HomeSubMenuMusic">
        <control type="image" id="90111">
            <width>52</width>
            <height>52</height>
            <texture border="0,0,0,3" flipx="true">HomeSubEnd.png</texture>
        </control>
        <control type="button" id="90112">
            <include>ButtonHomeSubCommonValues</include>
            <label>133</label>
            <onclick>ActivateWindow(MusicLibrary,Artists,return)</onclick>
            <visible>Library.HasContent(Music)</visible>
        </control>
        <control type="button" id="90113">
            <include>ButtonHomeSubCommonValues</include>
            <label>132</label>
            <onclick>ActivateWindow(MusicLibrary,Albums,return)</onclick>
            <visible>Library.HasContent(Music)</visible>
        </control>
        <control type="button" id="90114">
            <include>ButtonHomeSubCommonValues</include>
            <label>134</label>
            <onclick>ActivateWindow(MusicLibrary,Songs,return)</onclick>
            <visible>Library.HasContent(Music)</visible>
        </control>
        <control type="button" id="90115">
            <include>ButtonHomeSubCommonValues</include>
            <label>744</label>
            <onclick>ActivateWindow(MusicFiles)</onclick>
        </control>
        <control type="button" id="90116">
            <include>ButtonHomeSubCommonValues</include>
            <label>14022</label>
            <onclick>ActivateWindow(MusicLibrary,root)</onclick>
            <visible>Library.HasContent(Music)</visible>
        </control>
        <control type="button" id="90117">
            <include>ButtonHomeSubCommonValues</include>
            <label>24001</label>
            <onclick>ActivateWindow(MusicLibrary,Addons,return)</onclick>
            <visible>Library.HasContent(Music)</visible>
        </control>
        <control type="button" id="90118">
            <include>ButtonHomeSubCommonValues</include>
            <label>24001</label>
            <onclick>ActivateWindow(MusicFiles,Addons,return)</onclick>
            <visible>!Library.HasContent(Music)</visible>
        </control>
        <control type="image" id="90119">
            <width>52</width>
            <height>52</height>
            <texture border="0,0,0,3">HomeSubEnd.png</texture>
        </control>
    </include>
    <include name="HomeSubMenuSystem">
        <control type="image" id="90121">
            <width>52</width>
            <height>52</height>
            <texture border="0,0,0,3" flipx="true">HomeSubEnd.png</texture>
        </control>
        <control type="button" id="90122">
            <include>ButtonHomeSubCommonValues</include>
            <label>5</label>
            <onclick>ActivateWindow(Settings)</onclick>
        </control>
        <control type="button" id="90123">
            <include>ButtonHomeSubCommonValues</include>
            <label>7</label>
            <onclick>ActivateWindow(FileManager)</onclick>
        </control>
        <control type="button" id="90124">
            <include>ButtonHomeSubCommonValues</include>
            <label>13200</label>
            <onclick>ActivateWindow(Profiles)</onclick>
        </control>
        <control type="button" id="90125">
            <include>ButtonHomeSubCommonValues</include>
            <label>130</label>
            <onclick>ActivateWindow(SystemInfo)</onclick>
        </control>
        <control type="image" id="90126">
            <width>52</width>
            <height>52</height>
            <texture border="0,0,0,3">HomeSubEnd.png</texture>
        </control>
    </include>
    <include name="HomeSubMenuPlayDisc">
        <control type="image" id="90131">
            <width>52</width>
            <height>52</height>
            <texture border="0,0,0,3" flipx="true">HomeSubEnd.png</texture>
        </control>
        <control type="button" id="90132">
            <include>ButtonHomeSubCommonValues</include>
            <label>13391</label>
            <onclick>SetFocus(9000)</onclick>
            <onclick>EjectTray()</onclick>
        </control>
        <control type="image" id="90126">
            <width>52</width>
            <height>52</height>
            <texture border="0,0,0,3">HomeSubEnd.png</texture>
        </control>
    </include>
    <include name="HomeSubMenuPictures">
        <control type="image" id="90147">
            <width>52</width>
            <height>52</height>
            <texture border="0,0,0,3" flipx="true">HomeSubEnd.png</texture>
        </control>
        <control type="button" id="90148">
            <include>ButtonHomeSubCommonValues</include>
            <label>24001</label>
            <onclick>ActivateWindow(Pictures,Addons,return)</onclick>
        </control>
        <control type="image" id="90149">
            <width>52</width>
            <height>52</height>
            <texture border="0,0,0,3">HomeSubEnd.png</texture>
        </control>
    </include>
    <include name="HomeSubMenuTV">
        <control type="image" id="90141">
            <width>52</width>
            <height>52</height>
            <texture border="0,0,0,3" flipx="true">HomeSubEnd.png</texture>
        </control>
        <control type="button" id="90143">
            <include>ButtonHomeSubCommonValues</include>
            <label>19019</label>
            <onclick>ActivateWindow(TVChannels)</onclick>
        </control>
        <control type="button" id="90144">
            <include>ButtonHomeSubCommonValues</include>
            <label>19069</label>
            <onclick>ActivateWindow(TVGuide)</onclick>
        </control>
        <control type="button" id="90145">
            <include>ButtonHomeSubCommonValues</include>
            <label>19163</label>
            <onclick>ActivateWindow(TVRecordings)</onclick>
        </control>
        <control type="button" id="90146">
            <include>ButtonHomeSubCommonValues</include>
            <label>19040</label>
            <onclick>ActivateWindow(TVTimers)</onclick>
        </control>
        <control type="button" id="90147">
            <include>ButtonHomeSubCommonValues</include>
            <label>137</label>
            <onclick>ActivateWindow(TVSearch)</onclick>
        </control>
        <control type="image" id="90148">
            <width>52</width>
            <height>52</height>
            <texture border="0,0,0,3">HomeSubEnd.png</texture>
        </control>
    </include>
    <include name="HomeSubMenuRadio">
        <control type="image" id="90141">
            <width>52</width>
            <height>52</height>
            <texture border="0,0,0,3" flipx="true">HomeSubEnd.png</texture>
        </control>
        <control type="button" id="90243">
            <include>ButtonHomeSubCommonValues</include>
            <label>19019</label>
            <onclick>ActivateWindow(RadioChannels)</onclick>
        </control>
        <control type="button" id="90244">
            <include>ButtonHomeSubCommonValues</include>
            <label>19069</label>
            <onclick>ActivateWindow(RadioGuide)</onclick>
        </control>
        <control type="button" id="90245">
            <include>ButtonHomeSubCommonValues</include>
            <label>19163</label>
            <onclick>ActivateWindow(RadioRecordings)</onclick>
        </control>
        <control type="button" id="90246">
            <include>ButtonHomeSubCommonValues</include>
            <label>19040</label>
            <onclick>ActivateWindow(RadioTimers)</onclick>
        </control>
        <control type="button" id="90247">
            <include>ButtonHomeSubCommonValues</include>
            <label>137</label>
            <onclick>ActivateWindow(RadioSearch)</onclick>
        </control>
        <control type="image" id="90248">
            <width>52</width>
            <height>52</height>
            <texture border="0,0,0,3">HomeSubEnd.png</texture>
        </control>
    </include>
    <include name="HomeAddonItemsVideos">
        <item>
            <label>$INFO[system.addontitle(Skin.String(HomeVideosButton1))]</label>
            <onclick>RunAddon($INFO[Skin.String(HomeVideosButton1)])</onclick>
            <icon>$INFO[system.addonicon(Skin.String(HomeVideosButton1))]</icon>
            <thumb>-</thumb>
            <visible>!IsEmpty(Skin.String(HomeVideosButton1))</visible>
        </item>
        <item>
            <label>$INFO[system.addontitle(Skin.String(HomeVideosButton2))]</label>
            <onclick>RunAddon($INFO[Skin.String(HomeVideosButton2)])</onclick>
            <icon>$INFO[system.addonicon(Skin.String(HomeVideosButton2))]</icon>
            <thumb>-</thumb>
            <visible>!IsEmpty(Skin.String(HomeVideosButton2))</visible>
        </item>
        <item>
            <label>$INFO[system.addontitle(Skin.String(HomeVideosButton3))]</label>
            <onclick>RunAddon($INFO[Skin.String(HomeVideosButton3)])</onclick>
            <icon>$INFO[system.addonicon(Skin.String(HomeVideosButton3))]</icon>
            <thumb>-</thumb>
            <visible>!IsEmpty(Skin.String(HomeVideosButton3))</visible>
        </item>
        <item>
            <label>$INFO[system.addontitle(Skin.String(HomeVideosButton4))]</label>
            <onclick>RunAddon($INFO[Skin.String(HomeVideosButton4)])</onclick>
            <icon>$INFO[system.addonicon(Skin.String(HomeVideosButton4))]</icon>
            <thumb>-</thumb>
            <visible>!IsEmpty(Skin.String(HomeVideosButton4))</visible>
        </item>
        <item>
            <label>$INFO[system.addontitle(Skin.String(HomeVideosButton5))]</label>
            <onclick>RunAddon($INFO[Skin.String(HomeVideosButton5)])</onclick>
            <icon>$INFO[system.addonicon(Skin.String(HomeVideosButton5))]</icon>
            <thumb>-</thumb>
            <visible>!IsEmpty(Skin.String(HomeVideosButton5))</visible>
        </item>
        <item>
            <label>$INFO[system.addontitle(Skin.String(HomeVideosButton6))]</label>
            <onclick>RunAddon($INFO[Skin.String(HomeVideosButton6)])</onclick>
            <icon>$INFO[system.addonicon(Skin.String(HomeVideosButton6))]</icon>
            <thumb>-</thumb>
            <visible>!IsEmpty(Skin.String(HomeVideosButton6))</visible>
        </item>
        <item>
            <label>$INFO[system.addontitle(Skin.String(HomeVideosButton7))]</label>
            <onclick>RunAddon($INFO[Skin.String(HomeVideosButton7)])</onclick>
            <icon>$INFO[system.addonicon(Skin.String(HomeVideosButton7))]</icon>
            <thumb>-</thumb>
            <visible>!IsEmpty(Skin.String(HomeVideosButton7))</visible>
        </item>
    </include>
    <include name="HomeAddonItemsMusic">
        <item>
            <label>$INFO[system.addontitle(Skin.String(HomeMusicButton1))]</label>
            <onclick>RunAddon($INFO[Skin.String(HomeMusicButton1)])</onclick>
            <icon>$INFO[system.addonicon(Skin.String(HomeMusicButton1))]</icon>
            <thumb>-</thumb>
            <visible>!IsEmpty(Skin.String(HomeMusicButton1))</visible>
        </item>
        <item>
            <label>$INFO[system.addontitle(Skin.String(HomeMusicButton2))]</label>
            <onclick>RunAddon($INFO[Skin.String(HomeMusicButton2)])</onclick>
            <icon>$INFO[system.addonicon(Skin.String(HomeMusicButton2))]</icon>
            <thumb>-</thumb>
            <visible>!IsEmpty(Skin.String(HomeMusicButton2))</visible>
        </item>
        <item>
            <label>$INFO[system.addontitle(Skin.String(HomeMusicButton3))]</label>
            <onclick>RunAddon($INFO[Skin.String(HomeMusicButton3)])</onclick>
            <icon>$INFO[system.addonicon(Skin.String(HomeMusicButton3))]</icon>
            <thumb>-</thumb>
            <visible>!IsEmpty(Skin.String(HomeMusicButton3))</visible>
        </item>
        <item>
            <label>$INFO[system.addontitle(Skin.String(HomeMusicButton4))]</label>
            <onclick>RunAddon($INFO[Skin.String(HomeMusicButton4)])</onclick>
            <icon>$INFO[system.addonicon(Skin.String(HomeMusicButton4))]</icon>
            <thumb>-</thumb>
            <visible>!IsEmpty(Skin.String(HomeMusicButton4))</visible>
        </item>
        <item>
            <label>$INFO[system.addontitle(Skin.String(HomeMusicButton5))]</label>
            <onclick>RunAddon($INFO[Skin.String(HomeMusicButton5)])</onclick>
            <icon>$INFO[system.addonicon(Skin.String(HomeMusicButton5))]</icon>
            <thumb>-</thumb>
            <visible>!IsEmpty(Skin.String(HomeMusicButton5))</visible>
        </item>
        <item>
            <label>$INFO[system.addontitle(Skin.String(HomeMusicButton6))]</label>
            <onclick>RunAddon($INFO[Skin.String(HomeMusicButton6)])</onclick>
            <icon>$INFO[system.addonicon(Skin.String(HomeMusicButton6))]</icon>
            <thumb>-</thumb>
            <visible>!IsEmpty(Skin.String(HomeMusicButton6))</visible>
        </item>
        <item>
            <label>$INFO[system.addontitle(Skin.String(HomeMusicButton7))]</label>
            <onclick>RunAddon($INFO[Skin.String(HomeMusicButton7)])</onclick>
            <icon>$INFO[system.addonicon(Skin.String(HomeMusicButton7))]</icon>
            <thumb>-</thumb>
            <visible>!IsEmpty(Skin.String(HomeMusicButton7))</visible>
        </item>
    </include>
    <include name="HomeAddonItemsPictures">
        <item>
            <label>$INFO[system.addontitle(Skin.String(HomePictureButton1))]</label>
            <onclick>RunAddon($INFO[Skin.String(HomePictureButton1)])</onclick>
            <icon>$INFO[system.addonicon(Skin.String(HomePictureButton1))]</icon>
            <thumb>-</thumb>
            <visible>!IsEmpty(Skin.String(HomePictureButton1))</visible>
        </item>
        <item>
            <label>$INFO[system.addontitle(Skin.String(HomePictureButton2))]</label>
            <onclick>RunAddon($INFO[Skin.String(HomePictureButton2)])</onclick>
            <icon>$INFO[system.addonicon(Skin.String(HomePictureButton2))]</icon>
            <thumb>-</thumb>
            <visible>!IsEmpty(Skin.String(HomePictureButton2))</visible>
        </item>
        <item>
            <label>$INFO[system.addontitle(Skin.String(HomePictureButton3))]</label>
            <onclick>RunAddon($INFO[Skin.String(HomePictureButton3)])</onclick>
            <icon>$INFO[system.addonicon(Skin.String(HomePictureButton3))]</icon>
            <thumb>-</thumb>
            <visible>!IsEmpty(Skin.String(HomePictureButton3))</visible>
        </item>
        <item>
            <label>$INFO[system.addontitle(Skin.String(HomePictureButton4))]</label>
            <onclick>RunAddon($INFO[Skin.String(HomePictureButton4)])</onclick>
            <icon>$INFO[system.addonicon(Skin.String(HomePictureButton4))]</icon>
            <thumb>-</thumb>
            <visible>!IsEmpty(Skin.String(HomePictureButton4))</visible>
        </item>
        <item>
            <label>$INFO[system.addontitle(Skin.String(HomePictureButton5))]</label>
            <onclick>RunAddon($INFO[Skin.String(HomePictureButton5)])</onclick>
            <icon>$INFO[system.addonicon(Skin.String(HomePictureButton5))]</icon>
            <thumb>-</thumb>
            <visible>!IsEmpty(Skin.String(HomePictureButton5))</visible>
        </item>
        <item>
            <label>$INFO[system.addontitle(Skin.String(HomePictureButton6))]</label>
            <onclick>RunAddon($INFO[Skin.String(HomePictureButton6)])</onclick>
            <icon>$INFO[system.addonicon(Skin.String(HomePictureButton6))]</icon>
            <thumb>-</thumb>
            <visible>!IsEmpty(Skin.String(HomePictureButton6))</visible>
        </item>
        <item>
            <label>$INFO[system.addontitle(Skin.String(HomePictureButton7))]</label>
            <onclick>RunAddon($INFO[Skin.String(HomePictureButton7)])</onclick>
            <icon>$INFO[system.addonicon(Skin.String(HomePictureButton7))]</icon>
            <thumb>-</thumb>
            <visible>!IsEmpty(Skin.String(HomePictureButton7))</visible>
        </item>
    </include>
    <include name="HomeAddonItemsPrograms">
        <item>
            <label>$INFO[system.addontitle(Skin.String(HomeProgramButton1))]</label>
            <onclick>RunAddon($INFO[Skin.String(HomeProgramButton1)])</onclick>
            <icon>$INFO[system.addonicon(Skin.String(HomeProgramButton1))]</icon>
            <thumb>-</thumb>
            <visible>!IsEmpty(Skin.String(HomeProgramButton1))</visible>
        </item>
        <item>
            <label>$INFO[system.addontitle(Skin.String(HomeProgramButton2))]</label>
            <onclick>RunAddon($INFO[Skin.String(HomeProgramButton2)])</onclick>
            <icon>$INFO[system.addonicon(Skin.String(HomeProgramButton2))]</icon>
            <thumb>-</thumb>
            <visible>!IsEmpty(Skin.String(HomeProgramButton2))</visible>
        </item>
        <item>
            <label>$INFO[system.addontitle(Skin.String(HomeProgramButton3))]</label>
            <onclick>RunAddon($INFO[Skin.String(HomeProgramButton3)])</onclick>
            <icon>$INFO[system.addonicon(Skin.String(HomeProgramButton3))]</icon>
            <thumb>-</thumb>
            <visible>!IsEmpty(Skin.String(HomeProgramButton3))</visible>
        </item>
        <item>
            <label>$INFO[system.addontitle(Skin.String(HomeProgramButton4))]</label>
            <onclick>RunAddon($INFO[Skin.String(HomeProgramButton4)])</onclick>
            <icon>$INFO[system.addonicon(Skin.String(HomeProgramButton4))]</icon>
            <thumb>-</thumb>
            <visible>!IsEmpty(Skin.String(HomeProgramButton4))</visible>
        </item>
        <item>
            <label>$INFO[system.addontitle(Skin.String(HomeProgramButton5))]</label>
            <onclick>RunAddon($INFO[Skin.String(HomeProgramButton5)])</onclick>
            <icon>$INFO[system.addonicon(Skin.String(HomeProgramButton5))]</icon>
            <thumb>-</thumb>
            <visible>!IsEmpty(Skin.String(HomeProgramButton5))</visible>
        </item>
        <item>
            <label>$INFO[system.addontitle(Skin.String(HomeProgramButton6))]</label>
            <onclick>RunAddon($INFO[Skin.String(HomeProgramButton6)])</onclick>
            <icon>$INFO[system.addonicon(Skin.String(HomeProgramButton6))]</icon>
            <thumb>-</thumb>
            <visible>!IsEmpty(Skin.String(HomeProgramButton6))</visible>
        </item>
        <item>
            <label>$INFO[system.addontitle(Skin.String(HomeProgramButton7))]</label>
            <onclick>RunAddon($INFO[Skin.String(HomeProgramButton7)])</onclick>
            <icon>$INFO[system.addonicon(Skin.String(HomeProgramButton7))]</icon>
            <thumb>-</thumb>
            <visible>!IsEmpty(Skin.String(HomeProgramButton7))</visible>
        </item>
    </include>
</includes>
