<?xml version="1.0" encoding="UTF-8"?>
<window>
    <defaultcontrol always="true">52</defaultcontrol>
    <allowoverlay>no</allowoverlay>
    <coordinates>
        <system>1</system>
        <left>0</left>
        <top>0</top>
    </coordinates>
    <controls>
        <include>CommonBackground</include>
        <control type="group">
            <include>Window_OpenClose_Animation</include>
            <control type="image">
                <left>0</left>
                <top>150r</top>
                <width>1920</width>
                <height>150</height>
                <texture>floor.png</texture>
                <animation effect="slide" start="0,15" end="0,0" time="200" condition="Window.Previous(Home)">WindowOpen</animation>
                <animation effect="slide" start="0,0" end="0,15" time="200" condition="Window.Next(Home)">WindowClose</animation>
            </control>
            <control type="image">
                <description>LOGO</description>
                <left>15</left>
                <top>15</top>
                <width>150</width>
                <height>75</height>
                <aspectratio aligny="top" align="left">keep</aspectratio>
                <texture>kodi-logo.png</texture>
                <include>Window_OpenClose_Animation</include>
            </control>
            <control type="image">
                <left>398</left>
                <top>90</top>
                <width>1125</width>
                <height>900</height>
                <texture border="10">ContentPanel.png</texture>
            </control>
            <control type="image">
                <left>398</left>
                <top>978</top>
                <width>1125</width>
                <height>96</height>
                <texture border="10">ContentPanelMirror.png</texture>
            </control>
            <control type="label">
                <left>442</left>
                <top>150</top>
                <width>1035</width>
                <height>60</height>
                <font>font13</font>
                <textcolor>grey2</textcolor>
                <align>center</align>
                <aligny>center</aligny>
                <label>$LOCALIZE[31421]</label>
            </control>
            <control type="list" id="52">
                <left>442</left>
                <top>255</top>
                <width>1035</width>
                <height>602</height>
                <onleft>20</onleft>
                <onright>20</onright>
                <onup>52</onup>
                <ondown>52</ondown>
                <viewtype label="535">list</viewtype>
                <pagecontrol>60</pagecontrol>
                <scrolltime>200</scrolltime>
                <itemlayout height="150" width="1035">
                    <control type="image">
                        <left>0</left>
                        <top>0</top>
                        <width>1035</width>
                        <height>142</height>
                        <texture border="5">button-nofocus.png</texture>
                    </control>
                    <control type="image">
                        <left>15</left>
                        <top>15</top>
                        <width>120</width>
                        <height>112</height>
                        <texture>$INFO[ListItem.Icon]</texture>
                        <aspectratio>keep</aspectratio>
                    </control>
                    <control type="label">
                        <left>165</left>
                        <top>15</top>
                        <width>870</width>
                        <height>60</height>
                        <font>font24_title</font>
                        <textcolor>grey2</textcolor>
                        <selectedcolor>selected</selectedcolor>
                        <align>left</align>
                        <aligny>center</aligny>
                        <label>$INFO[ListItem.Label]</label>
                    </control>
                    <control type="label">
                        <left>165</left>
                        <top>75</top>
                        <width>870</width>
                        <height>38</height>
                        <font>font13</font>
                        <textcolor>grey2</textcolor>
                        <selectedcolor>selected</selectedcolor>
                        <align>left</align>
                        <aligny>center</aligny>
                        <label>$INFO[ListItem.Label2]</label>
                    </control>
                </itemlayout>
                <focusedlayout height="150" width="870">
                    <control type="image">
                        <left>0</left>
                        <top>0</top>
                        <width>1035</width>
                        <height>142</height>
                        <texture border="5">button-nofocus.png</texture>
                        <visible>!Control.HasFocus(52)</visible>
                        <include>VisibleFadeEffect</include>
                    </control>
                    <control type="image">
                        <left>0</left>
                        <top>0</top>
                        <width>1035</width>
                        <height>142</height>
                        <texture border="5">button-focus2.png</texture>
                        <visible>Control.HasFocus(52)</visible>
                        <include>VisibleFadeEffect</include>
                    </control>
                    <control type="image">
                        <left>15</left>
                        <top>15</top>
                        <width>120</width>
                        <height>112</height>
                        <texture>$INFO[ListItem.Icon]</texture>
                        <aspectratio>keep</aspectratio>
                    </control>
                    <control type="label">
                        <left>165</left>
                        <top>15</top>
                        <width>870</width>
                        <height>60</height>
                        <font>font24_title</font>
                        <textcolor>white</textcolor>
                        <selectedcolor>selected</selectedcolor>
                        <align>left</align>
                        <aligny>center</aligny>
                        <label>$INFO[ListItem.Label]</label>
                    </control>
                    <control type="label">
                        <left>165</left>
                        <top>75</top>
                        <width>870</width>
                        <height>38</height>
                        <font>font13</font>
                        <textcolor>grey2</textcolor>
                        <selectedcolor>selected</selectedcolor>
                        <align>left</align>
                        <aligny>center</aligny>
                        <label>$INFO[ListItem.Label2]</label>
                    </control>
                </focusedlayout>
            </control>
            <control type="image">
                <description>LOGO</description>
                <left>398</left>
                <top>870</top>
                <width>330</width>
                <height>120</height>
                <aspectratio>keep</aspectratio>
                <texture>Confluence_Logo.png</texture>
            </control>
            <control type="group">
                <left>1410</left>
                <top>900</top>
                <control type="label">
                    <left>-870</left>
                    <top>0</top>
                    <width>870</width>
                    <height>68</height>
                    <font>font12</font>
                    <textcolor>grey2</textcolor>
                    <align>right</align>
                    <aligny>center</aligny>
                    <label>$LOCALIZE[31003]</label>
                </control>
                <control type="button" id="20">
                    <description>Power push button</description>
                    <left>15</left>
                    <top>0</top>
                    <width>68</width>
                    <height>68</height>
                    <label>-</label>
                    <font>-</font>
                    <onclick>ActivateWindow(ShutdownMenu)</onclick>
                    <texturefocus border="5">floor_buttonFO.png</texturefocus>
                    <texturenofocus border="5">floor_button.png</texturenofocus>
                    <onleft>52</onleft>
                    <onright>52</onright>
                    <onup>52</onup>
                    <ondown>52</ondown>
                    <colordiffuse>CCFFFFFF</colordiffuse>
                </control>
                <control type="image">
                    <description>Power Icon</description>
                    <left>22</left>
                    <top>8</top>
                    <width>52</width>
                    <height>52</height>
                    <aspectratio>keep</aspectratio>
                    <texture>icon_power.png</texture>
                </control>
            </control>
        </control>
        <include>Clock</include>
        <control type="label">
            <description>Date label</description>
            <right>30</right>
            <top>52</top>
            <width>300</width>
            <height>22</height>
            <align>right</align>
            <aligny>center</aligny>
            <font>font10</font>
            <textcolor>white</textcolor>
            <shadowcolor>black</shadowcolor>
            <label>$INFO[System.Date]</label>
            <include>Window_OpenClose_Animation</include>
            <animation effect="slide" start="0,0" end="-60,0" time="100" condition="Window.IsVisible(Mutebug)">conditional</animation>
        </control>
    </controls>
</window>
