<?xml version="1.0" encoding="UTF-8"?>
<window>
    <defaultcontrol always="true">1</defaultcontrol>
    <coordinates>
        <system>1</system>
        <left>502</left>
        <top>352</top>
    </coordinates>
    <include>dialogeffect</include>
    <controls>
        <control type="image">
            <left>0</left>
            <top>0</top>
            <width>915</width>
            <height>345</height>
            <texture border="40">DialogBack.png</texture>
        </control>
        <control type="image">
            <description>Dialog Header image</description>
            <left>60</left>
            <top>24</top>
            <width>795</width>
            <height>60</height>
            <texture>dialogheader.png</texture>
        </control>
        <control type="label" id="1">
            <description>header label</description>
            <left>60</left>
            <top>30</top>
            <width>795</width>
            <height>45</height>
            <font>font13_title</font>
            <label>$LOCALIZE[13406]</label>
            <align>center</align>
            <aligny>center</aligny>
            <textcolor>selected</textcolor>
            <shadowcolor>black</shadowcolor>
        </control>
        <control type="button">
            <description>Close Window button</description>
            <left>780</left>
            <top>22</top>
            <width>96</width>
            <height>48</height>
            <label>-</label>
            <font>-</font>
            <onclick>PreviousMenu</onclick>
            <texturefocus>DialogCloseButton-focus.png</texturefocus>
            <texturenofocus>DialogCloseButton.png</texturenofocus>
            <onleft>10</onleft>
            <onright>10</onright>
            <onup>10</onup>
            <ondown>10</ondown>
            <visible>system.getbool(input.enablemouse)</visible>
        </control>
        <control type="label" id="2">
            <description>dialog line 1</description>
            <left>45</left>
            <top>105</top>
            <width>825</width>
            <height>45</height>
            <align>left</align>
            <aligny>center</aligny>
            <label>-</label>
            <font>font13</font>
        </control>
        <control type="label" id="3">
            <description>dialog line 2</description>
            <left>45</left>
            <top>142</top>
            <width>825</width>
            <height>45</height>
            <align>left</align>
            <aligny>center</aligny>
            <label>-</label>
            <font>font13</font>
        </control>
        <control type="label" id="4">
            <description>dialog line 3</description>
            <left>45</left>
            <top>195</top>
            <width>825</width>
            <height>45</height>
            <align>left</align>
            <aligny>center</aligny>
            <label>-</label>
            <font>font35_title</font>
        </control>
    </controls>
</window>
