<?xml version="1.0" encoding="UTF-8"?>
<window>
    <defaultcontrol always="true">50</defaultcontrol>
    <allowoverlay>no</allowoverlay>
    <onload condition="!Skin.HasSetting(FirstTimeRun)">ActivateWindow(1112)</onload>
    <views>50,51,550,551,500,514,510</views>
    <controls>
        <include>CommonBackground</include>
        <control type="image">
            <left>0</left>
            <top>0</top>
            <width>1920</width>
            <height>938</height>
            <texture background="true">$INFO[ListItem.FilenameAndPath]</texture>
            <fadetime>1000</fadetime>
            <aspectratio>keep</aspectratio>
            <include>VisibleFadeEffect</include>
            <visible>Control.IsVisible(510)</visible>
            <include>Window_OpenClose_Animation</include>
        </control>
        <include>ContentPanelBackgrounds</include>
        <control type="group">
            <include>Window_OpenClose_Animation</include>
            <include>CommonRootView</include>
            <!-- view id = 50 -->
            <include>FullWidthList</include>
            <!-- view id = 51 -->
            <include>ThumbnailView</include>
            <!-- view id = 500 -->
            <include>PictureWrapView</include>
            <!-- view id = 510 -->
            <include>PictureThumbView</include>
            <!-- view id = 514 -->
            <include>AddonInfoListView1</include>
            <!-- view id = 550 -->
            <include>AddonInfoThumbView1</include>
            <!-- view id = 551 -->
        </control>
        <include>CommonPageCount</include>
        <include>CommonNowPlaying</include>
        <include>MainWindowMouseButtons</include>
        <include>BehindDialogFadeOut</include>
        <include>ScrollOffsetLabel</include>
        <control type="image">
            <description>Section header image</description>
            <left>30</left>
            <top>4</top>
            <width>52</width>
            <height>52</height>
            <aspectratio>keep</aspectratio>
            <texture>icon_pictures.png</texture>
        </control>
        <control type="grouplist">
            <left>98</left>
            <top>8</top>
            <width>1500</width>
            <height>45</height>
            <orientation>horizontal</orientation>
            <align>left</align>
            <itemgap>8</itemgap>
            <control type="label">
                <include>WindowTitleCommons</include>
                <label>$LOCALIZE[1]</label>
            </control>
            <control type="label">
                <include>WindowTitleCommons</include>
                <label>[COLOR=blue] - [/COLOR]$INFO[Container.FolderName]</label>
                <visible>!IsEmpty(Container.FolderName)</visible>
            </control>
        </control>
        <control type="group">
            <left>-375</left>
            <include>SideBladeLeft</include>
            <control type="grouplist" id="9000">
                <left>0</left>
                <top>165</top>
                <width>375</width>
                <height>900</height>
                <onleft>9000</onleft>
                <onright>50</onright>
                <onup>9000</onup>
                <ondown>9000</ondown>
                <onback>50</onback>
                <itemgap>0</itemgap>
                <control type="label" id="200">
                    <width>375</width>
                    <height>52</height>
                    <font>font12</font>
                    <label>31006</label>
                    <textcolor>blue</textcolor>
                    <align>center</align>
                    <aligny>center</aligny>
                </control>
                <control type="button" id="2">
                    <description>View As button</description>
                    <textwidth>352</textwidth>
                    <include>ButtonCommonValues</include>
                    <label>-</label>
                </control>
                <control type="button" id="3">
                    <description>Sort by button</description>
                    <include>ButtonCommonValues</include>
                    <label>103</label>
                </control>
                <control type="togglebutton" id="4">
                    <description>Sort asc</description>
                    <include>ButtonCommonValues</include>
                    <alttexturefocus border="5">button-focus.png</alttexturefocus>
                    <alttexturenofocus>-</alttexturenofocus>
                    <label>31051</label>
                    <altlabel>31050</altlabel>
                    <usealttexture>Container.SortDirection(Ascending)</usealttexture>
                </control>
                <control type="edit" id="19">
                    <visible>Container.CanFilter + !Container.CanFilterAdvanced</visible>
                    <description>Filter</description>
                    <textwidth>345</textwidth>
                    <include>ButtonCommonValues</include>
                    <label>587</label>
                </control>
                <control type="radiobutton" id="20">
                    <visible>Container.CanFilterAdvanced</visible>
                    <description>Filter</description>
                    <include>ButtonCommonValues</include>
                    <label>587</label>
                    <onclick>right</onclick>
                    <onclick>Filter</onclick>
                </control>
                <control type="label" id="201">
                    <width>375</width>
                    <height>52</height>
                    <font>font12</font>
                    <label>31026</label>
                    <textcolor>blue</textcolor>
                    <align>center</align>
                    <aligny>center</aligny>
                </control>
                <control type="button" id="6">
                    <description>Slideshow</description>
                    <textwidth>352</textwidth>
                    <include>ButtonCommonValues</include>
                    <label>108</label>
                </control>
                <control type="button" id="7">
                    <description>Recersive Slideshow</description>
                    <textwidth>352</textwidth>
                    <include>ButtonCommonValues</include>
                    <label>361</label>
                </control>
                <control type="radiobutton" id="9">
                    <description>Randomize Toggle</description>
                    <include>ButtonCommonValues</include>
                    <label>13319</label>
                </control>
                <include>CommonNowPlaying_Controls</include>
            </control>
        </control>
        <include>Clock</include>
    </controls>
</window>
