<?xml version="1.0" encoding="UTF-8"?>
<window>
    <defaultcontrol always="true">50</defaultcontrol>
    <allowoverlay>no</allowoverlay>
    <views>50,51,500,550,551,560,501,508,504,503,515,505,511</views>
    <onload condition="!Skin.HasSetting(FirstTimeRun)">ActivateWindow(1112)</onload>
    <onload condition="Skin.HasSetting(ActivateTvTunes) + System.HasAddon(script.tvtunes)">RunScript(script.tvtunes,backend=True)</onload>
    <controls>
        <include>CommonBackground</include>
        <include>ContentPanelBackgrounds</include>
        <control type="group">
            <include>Window_OpenClose_Animation</include>
            <include>CommonRootView</include>
            <!-- view id = 50 -->
            <include>FullWidthList</include>
            <!-- view id = 51 -->
            <include>ThumbnailView</include>
            <!-- view id = 500 -->
            <include>PosterWrapView</include>
            <!-- view id = 501 -->
            <include>PosterWrapView2_Fanart</include>
            <!-- view id = 508 -->
            <include>MediaListView3</include>
            <!-- view id = 503 -->
            <include>MediaListView2</include>
            <!-- view id = 504 -->
            <include>MediaListView4</include>
            <!-- view id = 515 -->
            <include>WideIconView</include>
            <!-- view id = 505 -->
            <include>MusicVideoInfoListView</include>
            <!-- view id = 511 -->
            <include>AddonInfoListView1</include>
            <!-- view id = 550 -->
            <include>AddonInfoThumbView1</include>
            <!-- view id = 551 -->
            <include>LiveTVView1</include>
            <!-- view id = 560 -->
        </control>
        <include>CommonPageCount</include>
        <include>CommonNowPlaying</include>
        <include>MainWindowMouseButtons</include>
        <include>BehindDialogFadeOut</include>
        <include>ScrollOffsetLabel</include>
        <control type="image">
            <description>Section header image</description>
            <left>30</left>
            <top>4</top>
            <width>52</width>
            <height>52</height>
            <aspectratio>keep</aspectratio>
            <texture>icon_video.png</texture>
        </control>
        <control type="grouplist">
            <left>98</left>
            <top>8</top>
            <width>1500</width>
            <height>45</height>
            <orientation>horizontal</orientation>
            <align>left</align>
            <itemgap>8</itemgap>
            <control type="label">
                <include>WindowTitleCommons</include>
                <label>$LOCALIZE[3]</label>
            </control>
            <control type="label">
                <include>WindowTitleCommons</include>
                <label>[COLOR=blue] - [/COLOR]$INFO[Container.FolderName]</label>
                <visible>!IsEmpty(Container.FolderName)</visible>
            </control>
        </control>
        <control type="group">
            <left>-375</left>
            <include>SideBladeLeft</include>
            <control type="grouplist" id="9000">
                <left>0</left>
                <top>90</top>
                <width>375</width>
                <height>975</height>
                <onleft>9000</onleft>
                <onright>50</onright>
                <onup>9000</onup>
                <ondown>9000</ondown>
                <onback>50</onback>
                <itemgap>0</itemgap>
                <control type="label" id="200">
                    <width>375</width>
                    <height>52</height>
                    <font>font12</font>
                    <label>31006</label>
                    <textcolor>blue</textcolor>
                    <align>center</align>
                    <aligny>center</aligny>
                </control>
                <control type="button" id="2">
                    <description>View As button</description>
                    <textwidth>352</textwidth>
                    <include>ButtonCommonValues</include>
                    <label>-</label>
                </control>
                <control type="button" id="3">
                    <description>Sort by button</description>
                    <include>ButtonCommonValues</include>
                    <label>103</label>
                </control>
                <control type="togglebutton" id="4">
                    <description>Sort asc</description>
                    <include>ButtonCommonValues</include>
                    <alttexturefocus border="5">button-focus.png</alttexturefocus>
                    <alttexturenofocus>-</alttexturenofocus>
                    <label>31051</label>
                    <altlabel>31050</altlabel>
                    <usealttexture>Container.SortDirection(Ascending)</usealttexture>
                </control>
                <control type="edit" id="19">
                    <visible>Container.CanFilter + !Container.CanFilterAdvanced</visible>
                    <description>Filter</description>
                    <textwidth>345</textwidth>
                    <include>ButtonCommonValues</include>
                    <label>587</label>
                </control>
                <control type="radiobutton" id="98">
                    <visible>Container.CanFilterAdvanced</visible>
                    <description>Filter</description>
                    <include>ButtonCommonValues</include>
                    <label>587</label>
                    <selected>Container.Filtered</selected>
                    <onclick>right</onclick>
                    <onclick>Filter</onclick>
                </control>
                <control type="radiobutton" id="99">
                    <description>Show Info Toggle</description>
                    <textwidth>255</textwidth>
                    <include>ButtonCommonValues</include>
                    <label>31005</label>
                    <onclick>Skin.ToggleSetting(View508HideInfo)</onclick>
                    <selected>Skin.HasSetting(View508HideInfo)</selected>
                    <visible>Control.IsVisible(508)</visible>
                </control>
                <control type="label" id="201">
                    <width>375</width>
                    <height>52</height>
                    <font>font12</font>
                    <label>31026</label>
                    <textcolor>blue</textcolor>
                    <align>center</align>
                    <aligny>center</aligny>
                </control>
                <control type="radiobutton" id="14">
                    <description>Watched Toggle</description>
                    <textwidth>255</textwidth>
                    <include>ButtonCommonValues</include>
                    <label>20367</label>
                </control>
                <control type="button" id="8">
                    <description>Search</description>
                    <include>ButtonCommonValues</include>
                    <label>137</label>
                </control>
                <control type="radiobutton" id="16">
                    <description>PartyMode</description>
                    <label>589</label>
                    <include>ButtonCommonValues</include>
                    <visible>Container.Content(MusicVideos)</visible>
                </control>
                <control type="radiobutton" id="11">
                    <description>Unlock Shares</description>
                    <textwidth>255</textwidth>
                    <include>ButtonCommonValues</include>
                    <label>20336</label>
                    <onclick>mastermode</onclick>
                    <selected>system.ismaster</selected>
                    <visible>system.haslocks</visible>
                </control>
                <control type="label" id="203">
                    <width>375</width>
                    <height>52</height>
                    <font>font12</font>
                    <label>31039</label>
                    <textcolor>blue</textcolor>
                    <align>center</align>
                    <aligny>center</aligny>
                </control>
                <control type="togglebutton" id="20">
                    <description>Update library</description>
                    <textwidth>352</textwidth>
                    <include>ButtonCommonValues</include>
                    <label>653</label>
                    <altlabel>13353</altlabel>
                    <alttexturefocus border="5">button-focus.png</alttexturefocus>
                    <alttexturenofocus>-</alttexturenofocus>
                    <usealttexture>library.isscanningvideo</usealttexture>
                </control>
                <include>CommonNowPlaying_Controls</include>
            </control>
        </control>
        <include>Clock</include>
    </controls>
</window>
