<?xml version="1.0" encoding="UTF-8"?>
<window>
    <defaultcontrol>-</defaultcontrol>
    <controls>
        <!-- media infos -->
        <control type="group" id="1">
            <visible>[Player.ShowInfo | Window.IsActive(VideoOSD)] + ![Window.IsVisible(OSDVideoSettings) | Window.IsVisible(OSDAudioSettings) | Window.IsVisible(VideoBookmarks) | Window.IsVisible(PVROSDChannels) | Window.IsVisible(PVROSDGuide) | Window.IsVisible(SliderDialog)]</visible>
            <animation effect="fade" time="200">VisibleChange</animation>
            <control type="image" id="1">
                <left>0</left>
                <top>-225</top>
                <width>1920</width>
                <height>384</height>
                <texture flipy="true" border="1">HomeNowPlayingBack.png</texture>
            </control>
            <control type="label" id="1">
                <description>Chapter Count Header label</description>
                <left>45</left>
                <top>8</top>
                <width>1500</width>
                <height>38</height>
                <align>left</align>
                <aligny>center</aligny>
                <font>font13</font>
                <textcolor>white</textcolor>
                <shadowcolor>black</shadowcolor>
                <label>$INFO[Player.Chapter,$LOCALIZE[21396]: ]$INFO[Player.ChapterCount, / ]$INFO[Player.ChapterName,[COLOR=grey] - (,)[/COLOR]]</label>
                <visible>Player.ChapterCount + !VideoPlayer.Content(LiveTV)</visible>
            </control>
            <control type="label" id="1">
                <description>Channel Group label</description>
                <left>45</left>
                <top>8</top>
                <width>1500</width>
                <height>38</height>
                <align>left</align>
                <aligny>center</aligny>
                <font>font13</font>
                <textcolor>white</textcolor>
                <shadowcolor>black</shadowcolor>
                <label>$INFO[VideoPlayer.ChannelGroup,$LOCALIZE[31509]: ]</label>
                <visible>VideoPlayer.Content(LiveTV)</visible>
            </control>
            <control type="label" id="1">
                <description>Clock label</description>
                <left>675</left>
                <top>8</top>
                <width>1200</width>
                <height>38</height>
                <align>right</align>
                <aligny>center</aligny>
                <font>font13</font>
                <textcolor>white</textcolor>
                <shadowcolor>black</shadowcolor>
                <label>$INFO[System.Time]</label>
                <animation effect="slide" start="0,0" end="-105,0" time="0" condition="Window.IsVisible(VideoOSD)">conditional</animation>
            </control>
            <control type="image" id="1">
                <left>0</left>
                <top>345r</top>
                <width>1920</width>
                <height>345</height>
                <texture border="1">HomeNowPlayingBack.png</texture>
            </control>
            <control type="image" id="1">
                <description>cover image</description>
                <left>30</left>
                <top>390r</top>
                <width>450</width>
                <height>345</height>
                <texture fallback="DefaultVideoCover.png">$INFO[Player.Art(thumb)]</texture>
                <aspectratio aligny="bottom">keep</aspectratio>
                <bordertexture border="8">ThumbShadow.png</bordertexture>
                <bordersize>8</bordersize>
                <visible>!VideoPlayer.Content(Movies)</visible>
            </control>
            <control type="image" id="1">
                <description>Movie cover image</description>
                <left>30</left>
                <top>525r</top>
                <width>450</width>
                <height>495</height>
                <texture fallback="DefaultVideoCover.png">$INFO[Player.Art(thumb)]</texture>
                <aspectratio aligny="bottom">keep</aspectratio>
                <bordertexture border="8">ThumbShadow.png</bordertexture>
                <bordersize>8</bordersize>
                <visible>VideoPlayer.Content(Movies)</visible>
            </control>
            <control type="group" id="1">
                <left>495</left>
                <top>278r</top>
                <control type="label" id="1">
                    <description>Heading label</description>
                    <left>0</left>
                    <top>0</top>
                    <width>1365</width>
                    <height>38</height>
                    <align>left</align>
                    <aligny>center</aligny>
                    <font>font13</font>
                    <label>$LOCALIZE[31040]</label>
                    <textcolor>white</textcolor>
                    <shadowcolor>black</shadowcolor>
                    <visible>![VideoPlayer.Content(LiveTV) + Player.Recording]</visible>
                    <animation effect="slide" start="0,0" end="0,38" time="0" condition="!VideoPlayer.Content(Movies) + !VideoPlayer.Content(Episodes) + !VideoPlayer.Content(MusicVideos) + !VideoPlayer.Content(LiveTV)">conditional</animation>
                </control>
                <control type="image" id="1">
                    <top>0</top>
                    <width>75</width>
                    <height>38</height>
                    <aspectratio align="center" aligny="center">keep</aspectratio>
                    <texture>PVR-IsRecording.png</texture>
                    <visible>VideoPlayer.Content(LiveTV) + Player.Recording</visible>
                </control>
                <control type="label" id="1">
                    <description>Heading label</description>
                    <left>75</left>
                    <top>0</top>
                    <width>1290</width>
                    <height>38</height>
                    <align>left</align>
                    <aligny>center</aligny>
                    <font>font13</font>
                    <label>$LOCALIZE[19158]</label>
                    <textcolor>white</textcolor>
                    <shadowcolor>black</shadowcolor>
                    <visible>VideoPlayer.Content(LiveTV) + Player.Recording</visible>
                </control>
                <control type="label" id="1">
                    <description>Studio label</description>
                    <left>30</left>
                    <top>45</top>
                    <width>1365</width>
                    <height>38</height>
                    <align>left</align>
                    <font>font12</font>
                    <label>$INFO[VideoPlayer.Studio]</label>
                    <textcolor>grey2</textcolor>
                    <shadowcolor>black</shadowcolor>
                    <visible>VideoPlayer.Content(Movies)</visible>
                </control>
                <control type="label" id="1">
                    <description>TV Show label</description>
                    <left>30</left>
                    <top>45</top>
                    <width>1365</width>
                    <height>38</height>
                    <align>left</align>
                    <font>font12</font>
                    <label>$INFO[VideoPlayer.TVShowTitle] ($INFO[VideoPlayer.Season,,x]$INFO[VideoPlayer.Episode])</label>
                    <textcolor>grey2</textcolor>
                    <shadowcolor>black</shadowcolor>
                    <visible>VideoPlayer.Content(Episodes)</visible>
                </control>
                <control type="label" id="1">
                    <description>Music Info label</description>
                    <left>30</left>
                    <top>45</top>
                    <width>1365</width>
                    <height>38</height>
                    <align>left</align>
                    <font>font12</font>
                    <label>$INFO[VideoPlayer.Artist] $INFO[VideoPlayer.Album, - ]</label>
                    <textcolor>grey2</textcolor>
                    <shadowcolor>black</shadowcolor>
                    <visible>VideoPlayer.Content(MusicVideos)</visible>
                </control>
                <control type="label" id="1">
                    <description>LiveTV Info label</description>
                    <left>30</left>
                    <top>45</top>
                    <width>1365</width>
                    <height>38</height>
                    <align>left</align>
                    <font>font12</font>
                    <label>$INFO[VideoPlayer.ChannelName]$INFO[VideoPlayer.ChannelNumberLabel, - ([COLOR=blue],[/COLOR])]</label>
                    <textcolor>grey2</textcolor>
                    <shadowcolor>black</shadowcolor>
                    <visible>VideoPlayer.Content(LiveTV)</visible>
                </control>
                <control type="grouplist" id="1">
                    <left>30</left>
                    <top>90</top>
                    <width>1365</width>
                    <height>52</height>
                    <itemgap>8</itemgap>
                    <orientation>horizontal</orientation>
                    <control type="label" id="1">
                        <width min="15" max="780">auto</width>
                        <height>45</height>
                        <font>font30</font>
                        <align>left</align>
                        <aligny>center</aligny>
                        <label>$INFO[Player.Title]</label>
                        <textcolor>orange</textcolor>
                        <scroll>true</scroll>
                    </control>
                    <control type="image" id="1">
                        <description>Video Resolution Image</description>
                        <width>75</width>
                        <height>52</height>
                        <aspectratio align="center">keep</aspectratio>
                        <texture>$INFO[VideoPlayer.VideoResolution,flagging/video/,.png]</texture>
                    </control>
                    <control type="image" id="1">
                        <description>Audio Codec Image</description>
                        <width>128</width>
                        <height>52</height>
                        <aspectratio align="center">keep</aspectratio>
                        <texture>$INFO[VideoPlayer.AudioCodec,flagging/audio/,.png]</texture>
                    </control>
                    <control type="image" id="1">
                        <description>Audio Channels Image</description>
                        <width>75</width>
                        <height>52</height>
                        <aspectratio align="center">keep</aspectratio>
                        <texture>$INFO[VideoPlayer.AudioChannels,flagging/audio/,.png]</texture>
                    </control>
                    <control type="group" id="1">
                        <width>128</width>
                        <height>52</height>
                        <visible>!IsEmpty(VideoPlayer.AudioLanguage)</visible>
                        <control type="image" id="1">
                            <left>8</left>
                            <top>0</top>
                            <description>Audio Language Image</description>
                            <width>120</width>
                            <height>52</height>
                            <texture>flagging/AudioLang.png</texture>
                        </control>
                        <control type="label" id="1">
                            <left>57</left>
                            <top>3</top>
                            <width>70</width>
                            <height>52</height>
                            <font>font13</font>
                            <align>left</align>
                            <label>$INFO[VideoPlayer.AudioLanguage]</label>
                            <textcolor>grey</textcolor>
                        </control>
                    </control>
                    <control type="group" id="1">
                        <width>128</width>
                        <height>52</height>
                        <visible>!IsEmpty(VideoPlayer.SubtitlesLanguage)</visible>
                        <control type="image" id="1">
                            <left>8</left>
                            <top>0</top>
                            <width>120</width>
                            <height>52</height>
                            <texture>flagging/SubLang.png</texture>
                        </control>
                        <control type="label" id="1">
                            <left>57</left>
                            <top>3</top>
                            <width>70</width>
                            <height>52</height>
                            <font>font13</font>
                            <align>left</align>
                            <label>$INFO[VideoPlayer.SubtitlesLanguage]</label>
                            <textcolor>grey</textcolor>
                        </control>
                    </control>
                </control>
                <control type="label" id="1">
                    <left>0</left>
                    <top>180</top>
                    <width>1365</width>
                    <height>38</height>
                    <label>$LOCALIZE[31049] $INFO[Player.FinishTime]</label>
                    <align>center</align>
                    <aligny>center</aligny>
                    <font>font12</font>
                    <textcolor>grey</textcolor>
                    <scroll>true</scroll>
                    <visible>!Window.IsVisible(VideoOSD) + !VideoPlayer.Content(LiveTV)</visible>
                    <animation effect="fade" time="200">VisibleChange</animation>
                </control>
                <control type="label" id="1">
                    <left>0</left>
                    <top>180</top>
                    <width>1365</width>
                    <height>38</height>
                    <label>$INFO[VideoPlayer.NextTitle,$LOCALIZE[19031]: ]</label>
                    <align>center</align>
                    <aligny>center</aligny>
                    <font>font12</font>
                    <textcolor>grey</textcolor>
                    <scroll>true</scroll>
                    <visible>!Window.IsVisible(VideoOSD) + VideoPlayer.Content(LiveTV)</visible>
                    <animation effect="fade" time="200">VisibleChange</animation>
                </control>
            </control>
            <control type="group" id="1">
                <left>495</left>
                <top>142r</top>
                <visible>!VideoPlayer.Content(LiveTV) | [VideoPlayer.Content(LiveTV) + VideoPlayer.HasEpg]</visible>
                <control type="label" id="1">
                    <visible>!VideoPlayer.Content(LiveTV)</visible>
                    <left>0</left>
                    <top>0</top>
                    <width>150</width>
                    <height>60</height>
                    <font>font13</font>
                    <align>left</align>
                    <aligny>center</aligny>
                    <label>$INFO[Player.Time(hh:mm:ss)]</label>
                </control>
                <control type="label" id="1">
                    <visible>VideoPlayer.Content(LiveTV)</visible>
                    <left>0</left>
                    <top>0</top>
                    <width>150</width>
                    <height>60</height>
                    <font>font13</font>
                    <align>left</align>
                    <aligny>center</aligny>
                    <label>$INFO[Player.StartTime(hh:mm)]</label>
                </control>
                <control type="progress" id="1">
                    <description>ProgressbarCache</description>
                    <left>150</left>
                    <top>22</top>
                    <width>1080</width>
                    <height>24</height>
                    <info>Player.ProgressCache</info>
                    <midtexture border="6,0,6,0">OSDProgressMidLight.png</midtexture>
                </control>
                <control type="progress" id="1">
                    <description>Progressbar</description>
                    <left>150</left>
                    <top>22</top>
                    <width>1080</width>
                    <height>24</height>
                    <info>Player.Progress</info>
                </control>
                <control type="label" id="1">
                    <visible>!VideoPlayer.Content(LiveTV)</visible>
                    <left>1230</left>
                    <top>0</top>
                    <width>150</width>
                    <height>60</height>
                    <font>font13</font>
                    <align>right</align>
                    <aligny>center</aligny>
                    <label>$INFO[Player.Duration(hh:mm:ss)]</label>
                </control>
                <control type="label" id="1">
                    <visible>VideoPlayer.Content(LiveTV)</visible>
                    <left>1230</left>
                    <top>0</top>
                    <width>150</width>
                    <height>60</height>
                    <font>font13</font>
                    <align>right</align>
                    <aligny>center</aligny>
                    <label>$INFO[Player.FinishTime(hh:mm)]</label>
                </control>
            </control>
        </control>
        <!-- codec info -->
        <control type="group" id="0">
            <left>0</left>
            <top>30</top>
            <animation effect="fade" time="200">VisibleChange</animation>
            <control type="image">
                <description>media info background image</description>
                <left>0</left>
                <top>0</top>
                <width>1920</width>
                <height>240</height>
                <texture>black-back.png</texture>
            </control>
            <control type="label" id="10">
                <description>row 1 label</description>
                <left>75</left>
                <top>15</top>
                <width>1770</width>
                <height>45</height>
                <align>left</align>
                <aligny>center</aligny>
                <font>font12</font>
                <label>-</label>
            </control>
            <control type="label" id="11">
                <description>row 2 label</description>
                <left>75</left>
                <top>82</top>
                <width>1770</width>
                <height>45</height>
                <align>left</align>
                <aligny>center</aligny>
                <font>font12</font>
                <label>-</label>
            </control>
            <control type="label" id="12">
                <description>row 3 label</description>
                <left>75</left>
                <top>150</top>
                <width>1770</width>
                <height>68</height>
                <align>left</align>
                <aligny>center</aligny>
                <font>font12</font>
                <label>-</label>
            </control>
        </control>
        <control type="selectbutton" id="503">
            <left>660</left>
            <top>150</top>
            <width>600</width>
            <height>150</height>
            <font>font13caps</font>
            <description>TV Channel Group Select Button</description>
            <texturebg border="20">OverlayDialogBackground.png</texturebg>
            <onleft>503</onleft>
            <onright>503</onright>
            <onup>500</onup>
            <ondown>500</ondown>
            <include>VisibleFadeEffect</include>
        </control>
        <control type="group">
            <visible>Player.ShowCodec + VideoPlayer.Content(LiveTV) + system.getbool(pvrplayback.signalquality)</visible>
            <top>278</top>
            <control type="image">
                <description>media info background image</description>
                <left>0</left>
                <top>0</top>
                <width>1920</width>
                <height>330</height>
                <texture>black-back.png</texture>
            </control>
            <control type="label">
                <description>Header</description>
                <left>75</left>
                <top>8</top>
                <width>1800</width>
                <height>38</height>
                <label>$LOCALIZE[19005]</label>
                <align>left</align>
                <aligny>center</aligny>
                <font>font13_title</font>
                <textcolor>blue</textcolor>
            </control>
            <control type="label">
                <description>Backend</description>
                <left>75</left>
                <top>60</top>
                <width>248</width>
                <height>38</height>
                <label>$LOCALIZE[19012]:</label>
                <align>left</align>
                <aligny>center</aligny>
                <font>font12</font>
                <textcolor>grey2</textcolor>
            </control>
            <control type="label">
                <description>Backend value</description>
                <left>330</left>
                <top>60</top>
                <width>1500</width>
                <height>38</height>
                <label>$INFO[PVR.ActStreamClient]</label>
                <align>left</align>
                <aligny>center</aligny>
                <font>font12</font>
                <textcolor>white</textcolor>
            </control>
            <control type="label">
                <description>Device</description>
                <left>75</left>
                <top>98</top>
                <width>248</width>
                <height>38</height>
                <label>$LOCALIZE[19006]:</label>
                <align>left</align>
                <aligny>center</aligny>
                <font>font12</font>
                <textcolor>grey2</textcolor>
            </control>
            <control type="label">
                <description>Device value</description>
                <left>330</left>
                <top>98</top>
                <width>1500</width>
                <height>38</height>
                <label>$INFO[PVR.ActStreamDevice]</label>
                <align>left</align>
                <aligny>center</aligny>
                <font>font12</font>
                <textcolor>white</textcolor>
            </control>
            <control type="label">
                <description>Status</description>
                <left>75</left>
                <top>135</top>
                <width>248</width>
                <height>38</height>
                <label>$LOCALIZE[19007]:</label>
                <align>left</align>
                <aligny>center</aligny>
                <font>font12</font>
                <textcolor>grey2</textcolor>
            </control>
            <control type="label">
                <description>Status value</description>
                <left>330</left>
                <top>135</top>
                <width>1500</width>
                <height>38</height>
                <label>$INFO[PVR.ActStreamStatus]</label>
                <align>left</align>
                <aligny>center</aligny>
                <font>font12</font>
                <textcolor>white</textcolor>
            </control>
            <control type="label">
                <description>Signal</description>
                <left>75</left>
                <top>172</top>
                <width>248</width>
                <height>38</height>
                <label>$LOCALIZE[19008]:</label>
                <align>left</align>
                <aligny>center</aligny>
                <font>font12</font>
                <textcolor>grey2</textcolor>
            </control>
            <control type="progress">
                <description>Progressbar</description>
                <left>330</left>
                <top>183</top>
                <width>1365</width>
                <height>21</height>
                <info>PVR.ActStreamProgrSignal</info>
            </control>
            <control type="label">
                <description>Signal value</description>
                <left>1800</left>
                <top>172</top>
                <width>270</width>
                <height>38</height>
                <label>$INFO[PVR.ActStreamSignal]</label>
                <align>left</align>
                <aligny>center</aligny>
                <font>font12</font>
                <textcolor>white</textcolor>
            </control>
            <control type="label">
                <description>SNR</description>
                <left>75</left>
                <top>210</top>
                <width>248</width>
                <height>38</height>
                <label>$LOCALIZE[19009]:</label>
                <align>left</align>
                <aligny>center</aligny>
                <font>font12</font>
                <textcolor>grey2</textcolor>
            </control>
            <control type="progress">
                <description>Progressbar</description>
                <left>330</left>
                <top>220</top>
                <width>1365</width>
                <height>21</height>
                <overlaytexture>-</overlaytexture>
                <info>PVR.ActStreamProgrSNR</info>
            </control>
            <control type="label">
                <description>SNR value</description>
                <left>1800</left>
                <top>210</top>
                <width>270</width>
                <height>38</height>
                <label>$INFO[PVR.ActStreamSNR]</label>
                <align>left</align>
                <aligny>center</aligny>
                <font>font12</font>
                <textcolor>white</textcolor>
            </control>
            <control type="label">
                <description>BER</description>
                <left>75</left>
                <top>248</top>
                <width>248</width>
                <height>38</height>
                <label>$LOCALIZE[19010]:</label>
                <align>left</align>
                <aligny>center</aligny>
                <font>font12</font>
                <textcolor>grey2</textcolor>
            </control>
            <control type="label">
                <description>BER value</description>
                <left>330</left>
                <top>248</top>
                <width>248</width>
                <height>38</height>
                <label>$INFO[PVR.ActStreamBER]</label>
                <align>left</align>
                <aligny>center</aligny>
                <font>font12</font>
                <textcolor>white</textcolor>
            </control>
            <control type="label">
                <description>UNC</description>
                <left>585</left>
                <top>248</top>
                <width>248</width>
                <height>38</height>
                <label>$LOCALIZE[19011]:</label>
                <align>left</align>
                <aligny>center</aligny>
                <font>font12</font>
                <textcolor>grey2</textcolor>
            </control>
            <control type="label">
                <description>UNC value</description>
                <left>840</left>
                <top>248</top>
                <width>248</width>
                <height>38</height>
                <label>$INFO[PVR.ActStreamUNC]</label>
                <align>left</align>
                <aligny>center</aligny>
                <font>font12</font>
                <textcolor>white</textcolor>
            </control>
            <control type="label">
                <description>Service</description>
                <left>1095</left>
                <top>248</top>
                <width>248</width>
                <height>38</height>
                <label>$LOCALIZE[19099]:</label>
                <align>left</align>
                <aligny>center</aligny>
                <font>font12</font>
                <textcolor>grey2</textcolor>
            </control>
            <control type="label">
                <description>Service value</description>
                <left>1350</left>
                <top>248</top>
                <width>495</width>
                <height>38</height>
                <label>$INFO[PVR.ActStreamServiceName]</label>
                <align>left</align>
                <aligny>center</aligny>
                <font>font12</font>
                <textcolor>white</textcolor>
            </control>
            <control type="label">
                <description>Encryption</description>
                <left>75</left>
                <top>285</top>
                <width>248</width>
                <height>38</height>
                <label>$LOCALIZE[19015]:</label>
                <align>left</align>
                <aligny>center</aligny>
                <font>font12</font>
                <textcolor>grey2</textcolor>
            </control>
            <control type="label">
                <description>Encryption value</description>
                <left>330</left>
                <top>285</top>
                <width>248</width>
                <height>38</height>
                <label>$INFO[PVR.ActStreamEncryptionName]</label>
                <align>left</align>
                <aligny>center</aligny>
                <font>font12</font>
                <textcolor>white</textcolor>
            </control>
            <control type="label">
                <description>Provider</description>
                <left>585</left>
                <top>285</top>
                <width>248</width>
                <height>38</height>
                <label>$LOCALIZE[19101]:</label>
                <align>left</align>
                <aligny>center</aligny>
                <font>font12</font>
                <textcolor>grey2</textcolor>
            </control>
            <control type="label">
                <description>Provider value</description>
                <left>840</left>
                <top>285</top>
                <width>248</width>
                <height>38</height>
                <label>$INFO[PVR.ActStreamProviderName]</label>
                <align>left</align>
                <aligny>center</aligny>
                <font>font12</font>
                <textcolor>white</textcolor>
            </control>
            <control type="label">
                <description>Mux</description>
                <left>1095</left>
                <top>285</top>
                <width>248</width>
                <height>38</height>
                <label>$LOCALIZE[19100]:</label>
                <align>left</align>
                <aligny>center</aligny>
                <font>font12</font>
                <textcolor>grey2</textcolor>
            </control>
            <control type="label">
                <description>Mux value</description>
                <left>1350</left>
                <top>285</top>
                <width>495</width>
                <height>38</height>
                <label>$INFO[PVR.ActStreamMux]</label>
                <align>left</align>
                <aligny>center</aligny>
                <font>font12</font>
                <textcolor>white</textcolor>
            </control>
        </control>
    </controls>
</window>
