<advancedsettings>
	<lookandfeel>
		<enablerssfeeds default="true">true</enablerssfeeds>
		<font default="true">Default</font>
		<rssedit default="true"></rssedit>
		<skin>skin.confluence.helix.collective.mod</skin>
		<skincolors default="true">SKINDEFAULT</skincolors>
		<skintheme default="true">SKINDEFAULT</skintheme>
		<skinzoom default="true">0</skinzoom>
		<soundskin default="true">resource.uisounds.confluence</soundskin>
		<startupwindow default="true">10000</startupwindow>
	</lookandfeel>
	<skinsettings>
		<setting type="bool" name="skin.confluence.Use_Startup_Playlist">false</setting>
		<setting type="bool" name="skin.confluence.UseCustomBackground">false</setting>
		<setting type="bool" name="skin.confluence.HideBackGroundFanart">false</setting>
		<setting type="bool" name="skin.confluence.ShowBackgroundVideo">false</setting>
		<setting type="bool" name="skin.confluence.ShowBackgroundVis">false</setting>
		<setting type="bool" name="skin.confluence.HomepageHideRecentlyAddedVideo">false</setting>
		<setting type="bool" name="skin.confluence.HomepageHideRecentlyAddedAlbums">false</setting>
		<setting type="bool" name="skin.confluence.homepageWeatherinfo">false</setting>
		<setting type="bool" name="skin.confluence.homepageMusicinfo">false</setting>
		<setting type="bool" name="skin.confluence.homepageVideoinfo">false</setting>
		<setting type="bool" name="skin.confluence.HomeMenuNoMovieButton">false</setting>
		<setting type="bool" name="skin.confluence.HomeMenuNoTVShowButton">false</setting>
		<setting type="bool" name="skin.confluence.HomeMenuNoWeatherButton">false</setting>
		<setting type="bool" name="skin.confluence.HomeMenuNoPicturesButton">false</setting>
		<setting type="bool" name="skin.confluence.HomeMenuNoVideosButton">false</setting>
		<setting type="bool" name="skin.confluence.HomeMenuNoMusicButton">false</setting>
		<setting type="bool" name="skin.confluence.HomeMenuNoProgramsButton">false</setting>
		<setting type="bool" name="skin.confluence.AutoScroll">false</setting>
		<setting type="bool" name="skin.confluence.FirstTimeRun">true</setting>
		<setting type="bool" name="skin.confluence.helix.collective.mod.UseCustomBackground">false</setting>
		<setting type="bool" name="skin.confluence.helix.collective.mod.HideBackGroundFanart">false</setting>
		<setting type="bool" name="skin.confluence.helix.collective.mod.ShowBackgroundVideo">false</setting>
		<setting type="bool" name="skin.confluence.helix.collective.mod.ShowBackgroundVis">false</setting>
		<setting type="bool" name="skin.confluence.helix.collective.mod.HomepageHideRecentlyAddedVideo">false</setting>
		<setting type="bool" name="skin.confluence.helix.collective.mod.HomepageHideRecentlyAddedAlbums">false</setting>
		<setting type="bool" name="skin.confluence.helix.collective.mod.homepageMusicinfo">false</setting>
		<setting type="bool" name="skin.confluence.helix.collective.mod.homepageVideoinfo">false</setting>
		<setting type="bool" name="skin.confluence.helix.collective.mod.HomeMenuNoMovieButton">false</setting>
		<setting type="bool" name="skin.confluence.helix.collective.mod.HomeMenuNoTVShowButton">false</setting>
		<setting type="bool" name="skin.confluence.helix.collective.mod.SimplyMain_bttn">false</setting>
		<setting type="bool" name="skin.confluence.helix.collective.mod.SimplySearchMovie_bttn">false</setting>
		<setting type="bool" name="skin.confluence.helix.collective.mod.SimplyMoviesGenre_bttn">false</setting>
		<setting type="bool" name="skin.confluence.helix.collective.mod.SimplySearchTV_bttn">false</setting>
		<setting type="bool" name="skin.confluence.helix.collective.mod.SimplyFavs_bttn">false</setting>
		<setting type="bool" name="skin.confluence.helix.collective.mod.xunity.book">false</setting>
		<setting type="bool" name="skin.confluence.helix.collective.mod.xunity.livetv">false</setting>
		<setting type="bool" name="skin.confluence.helix.collective.mod.xunity.iwatch">false</setting>
		<setting type="bool" name="skin.confluence.helix.collective.mod.xunity.tools">false</setting>
		<setting type="bool" name="skin.confluence.helix.collective.mod.SimplyTvGenre_bttn">false</setting>
		<setting type="bool" name="skin.confluence.helix.collective.mod.HomeMenuNoWeatherButton">false</setting>
		<setting type="bool" name="skin.confluence.helix.collective.mod.HomeMenuNoPicturesButton">false</setting>
		<setting type="bool" name="skin.confluence.helix.collective.mod.HomeMenuNoVideosButton">false</setting>
		<setting type="bool" name="skin.confluence.helix.collective.mod.HomeMenuNoMusicButton">false</setting>
		<setting type="bool" name="skin.confluence.helix.collective.mod.HomeMenuNoProgramsButton">false</setting>
		<setting type="bool" name="skin.confluence.helix.collective.mod.homepageWeatherinfo">false</setting>
		<setting type="bool" name="skin.confluence.helix.collective.mod.Use_Startup_Playlist">false</setting>
		<setting type="string" name="skin.confluence.CustomBackgroundPath"></setting>
		<setting type="string" name="skin.confluence.HomeVideosButton1"></setting>
		<setting type="string" name="skin.confluence.HomeVideosButton2"></setting>
		<setting type="string" name="skin.confluence.HomeVideosButton3"></setting>
		<setting type="string" name="skin.confluence.HomeVideosButton4"></setting>
		<setting type="string" name="skin.confluence.HomeVideosButton5"></setting>
		<setting type="string" name="skin.confluence.HomeMusicButton1"></setting>
		<setting type="string" name="skin.confluence.HomeMusicButton2"></setting>
		<setting type="string" name="skin.confluence.HomeMusicButton3"></setting>
		<setting type="string" name="skin.confluence.HomeMusicButton4"></setting>
		<setting type="string" name="skin.confluence.HomeMusicButton5"></setting>
		<setting type="string" name="skin.confluence.HomePictureButton1"></setting>
		<setting type="string" name="skin.confluence.HomePictureButton2"></setting>
		<setting type="string" name="skin.confluence.HomePictureButton3"></setting>
		<setting type="string" name="skin.confluence.HomePictureButton4"></setting>
		<setting type="string" name="skin.confluence.HomePictureButton5"></setting>
		<setting type="string" name="skin.confluence.HomeProgramButton1"></setting>
		<setting type="string" name="skin.confluence.HomeProgramButton2"></setting>
		<setting type="string" name="skin.confluence.HomeProgramButton3"></setting>
		<setting type="string" name="skin.confluence.HomeProgramButton4"></setting>
		<setting type="string" name="skin.confluence.HomeProgramButton5"></setting>
		<setting type="string" name="skin.confluence.helix.collective.mod.CustomBackgroundPath"></setting>
		<setting type="string" name="skin.confluence.helix.collective.mod.HomeVideosButton1"></setting>
		<setting type="string" name="skin.confluence.helix.collective.mod.HomeVideosButton2"></setting>
		<setting type="string" name="skin.confluence.helix.collective.mod.HomeVideosButton3"></setting>
		<setting type="string" name="skin.confluence.helix.collective.mod.HomeVideosButton4"></setting>
		<setting type="string" name="skin.confluence.helix.collective.mod.HomeVideosButton5"></setting>
		<setting type="string" name="skin.confluence.helix.collective.mod.HomeVideosButton6"></setting>
		<setting type="string" name="skin.confluence.helix.collective.mod.HomeVideosButton7"></setting>
		<setting type="string" name="skin.confluence.helix.collective.mod.HomeMusicButton1"></setting>
		<setting type="string" name="skin.confluence.helix.collective.mod.HomeMusicButton2"></setting>
		<setting type="string" name="skin.confluence.helix.collective.mod.HomeMusicButton3"></setting>
		<setting type="string" name="skin.confluence.helix.collective.mod.HomeMusicButton4"></setting>
		<setting type="string" name="skin.confluence.helix.collective.mod.HomeMusicButton5"></setting>
		<setting type="string" name="skin.confluence.helix.collective.mod.HomeMusicButton6"></setting>
		<setting type="string" name="skin.confluence.helix.collective.mod.HomeMusicButton7"></setting>
		<setting type="string" name="skin.confluence.helix.collective.mod.HomePictureButton1"></setting>
		<setting type="string" name="skin.confluence.helix.collective.mod.HomePictureButton2"></setting>
		<setting type="string" name="skin.confluence.helix.collective.mod.HomePictureButton3"></setting>
		<setting type="string" name="skin.confluence.helix.collective.mod.HomePictureButton4"></setting>
		<setting type="string" name="skin.confluence.helix.collective.mod.HomePictureButton5"></setting>
		<setting type="string" name="skin.confluence.helix.collective.mod.HomePictureButton6"></setting>
		<setting type="string" name="skin.confluence.helix.collective.mod.HomePictureButton7"></setting>
		<setting type="string" name="skin.confluence.helix.collective.mod.HomeProgramButton1"></setting>
		<setting type="string" name="skin.confluence.helix.collective.mod.HomeProgramButton2"></setting>
		<setting type="string" name="skin.confluence.helix.collective.mod.HomeProgramButton3"></setting>
		<setting type="string" name="skin.confluence.helix.collective.mod.HomeProgramButton4"></setting>
		<setting type="string" name="skin.confluence.helix.collective.mod.HomeProgramButton5"></setting>
		<setting type="string" name="skin.confluence.helix.collective.mod.HomeProgramButton6"></setting>
		<setting type="string" name="skin.confluence.helix.collective.mod.HomeProgramButton7"></setting>
	</skinsettings>
</advancedsettings>
