<settings>
    <accessibility>
        <audiohearing default="true">false</audiohearing>
        <audiovisual default="true">false</audiovisual>
        <subhearing default="true">false</subhearing>
    </accessibility>
    <audiocds>
        <autoaction default="true">0</autoaction>
        <ejectonrip default="true">true</ejectonrip>
        <encoder default="true">audioencoder.xbmc.builtin.wav</encoder>
        <recordingpath default="true"></recordingpath>
        <trackpathformat default="true">%A/%A - %B/[%N. ][%A - ]%T</trackpathformat>
        <usecddb default="true">true</usecddb>
    </audiocds>
    <audiooutput>
        <ac3passthrough default="true">true</ac3passthrough>
        <ac3transcode default="true">false</ac3transcode>
        <audiodevice default="true">DIRECTSOUND:default</audiodevice>
        <channels default="true">1</channels>
        <config default="true">2</config>
        <dtshdpassthrough default="true">false</dtshdpassthrough>
        <dtspassthrough default="true">false</dtspassthrough>
        <eac3passthrough default="true">false</eac3passthrough>
        <guisoundmode default="true">1</guisoundmode>
        <maintainoriginalvolume default="true">true</maintainoriginalvolume>
        <passthrough default="true">false</passthrough>
        <passthroughdevice default="true">DIRECTSOUND:default</passthroughdevice>
        <processquality default="true">30</processquality>
        <samplerate default="true">48000</samplerate>
        <stereoupmix default="true">false</stereoupmix>
        <streamsilence default="true">1</streamsilence>
        <truehdpassthrough default="true">false</truehdpassthrough>
    </audiooutput>
    <cache>
        <harddisk default="true">256</harddisk>
    </cache>
    <cacheaudio>
        <dvdrom default="true">256</dvdrom>
        <internet default="true">256</internet>
        <lan default="true">256</lan>
    </cacheaudio>
    <cachedvd>
        <dvdrom default="true">2048</dvdrom>
        <lan default="true">2048</lan>
    </cachedvd>
    <cacheunknown>
        <internet default="true">4096</internet>
    </cacheunknown>
    <cachevideo>
        <dvdrom default="true">2048</dvdrom>
        <internet default="true">4096</internet>
        <lan default="true">2048</lan>
    </cachevideo>
    <debug>
        <extralogging default="true">true</extralogging>
        <screenshotpath default="true"></screenshotpath>
        <setextraloglevel default="true">32768</setextraloglevel>
        <showloginfo default="true">false</showloginfo>
    </debug>
    <disc>
        <playback default="true">0</playback>
    </disc>
    <dvds>
        <automenu default="true">false</automenu>
        <autorun default="true">false</autorun>
        <playerregion default="true">0</playerregion>
    </dvds>
    <epg>
        <daystodisplay default="true">3</daystodisplay>
        <epgupdate default="true">120</epgupdate>
        <hidenoinfoavailable default="true">true</hidenoinfoavailable>
        <ignoredbforclient default="true">false</ignoredbforclient>
        <preventupdateswhileplayingtv default="true">false</preventupdateswhileplayingtv>
        <selectaction default="true">2</selectaction>
    </epg>
    <filelists>
        <allowfiledeletion default="true">false</allowfiledeletion>
        <ignorethewhensorting default="true">true</ignorethewhensorting>
        <showaddsourcebuttons default="true">true</showaddsourcebuttons>
        <showextensions default="true">true</showextensions>
        <showhidden default="true">false</showhidden>
        <showparentdiritems default="true">true</showparentdiritems>
    </filelists>
    <general>
        <addonbrokenfilter default="true">true</addonbrokenfilter>
        <addonforeignfilter default="true">false</addonforeignfilter>
        <addonnotifications default="true">true</addonnotifications>
        <addonupdates default="true">0</addonupdates>
        <systemtotaluptime>1023</systemtotaluptime>
        <settinglevel>1</settinglevel>
    </general>
    <input>
        <enablejoystick default="true">true</enablejoystick>
        <enablemouse default="true">true</enablemouse>
    </input>
    <karaoke>
        <autopopupselector default="true">false</autopopupselector>
        <charset default="true">DEFAULT</charset>
        <enabled default="true">false</enabled>
        <font default="true">arial.ttf</font>
        <fontcolors default="true">0</fontcolors>
        <fontheight default="true">36</fontheight>
    </karaoke>
    <locale>
        <audiolanguage default="true">original</audiolanguage>
        <charset default="true">DEFAULT</charset>
        <country default="true">USA (12h)</country>
        <keyboardlayouts default="true">English QWERTY</keyboardlayouts>
        <language default="true">resource.language.en_gb</language>
        <longdateformat default="true">regional</longdateformat>
        <shortdateformat default="true">regional</shortdateformat>
        <speedunit default="true">regional</speedunit>
        <subtitlelanguage default="true">original</subtitlelanguage>
        <temperatureunit default="true">regional</temperatureunit>
        <timeformat default="true">regional</timeformat>
        <timezone default="true">default</timezone>
        <timezonecountry default="true">default</timezonecountry>
        <use24hourclock default="true">regional</use24hourclock>
    </locale>
    <lookandfeel>
        <enablerssfeeds default="true">true</enablerssfeeds>
        <font default="true">Default</font>
        <rssedit default="true"></rssedit>
        <skin>skin.confluence.helix.collective.mod</skin>
        <skincolors default="true">SKINDEFAULT</skincolors>
        <skintheme default="true">SKINDEFAULT</skintheme>
        <skinzoom default="true">0</skinzoom>
        <soundskin default="true">resource.uisounds.confluence</soundskin>
        <startupwindow default="true">10000</startupwindow>
    </lookandfeel>
    <masterlock>
        <maxretries default="true">3</maxretries>
        <startuplock default="true">false</startuplock>
    </masterlock>
    <musicfiles>
        <findremotethumbs default="true">true</findremotethumbs>
        <librarytrackformat default="true"></librarytrackformat>
        <librarytrackformatright default="true"></librarytrackformatright>
        <nowplayingtrackformat default="true"></nowplayingtrackformat>
        <nowplayingtrackformatright default="true"></nowplayingtrackformatright>
        <trackformat default="true">[%N. ]%A - %T</trackformat>
        <trackformatright default="true">%D</trackformatright>
        <usetags default="true">true</usetags>
    </musicfiles>
    <musiclibrary>
        <albumsscraper default="true">metadata.album.universal</albumsscraper>
        <artistsscraper default="true">metadata.artists.universal</artistsscraper>
        <backgroundupdate default="true">false</backgroundupdate>
        <downloadinfo default="true">false</downloadinfo>
        <overridetags default="true">false</overridetags>
        <showallitems default="true">true</showallitems>
        <showcompilationartists default="true">true</showcompilationartists>
        <updateonstartup default="true">false</updateonstartup>
    </musiclibrary>
    <musicplayer>
        <autoplaynextitem default="true">true</autoplaynextitem>
        <crossfade default="true">0</crossfade>
        <crossfadealbumtracks default="true">true</crossfadealbumtracks>
        <queuebydefault default="true">false</queuebydefault>
        <replaygainavoidclipping default="true">false</replaygainavoidclipping>
        <replaygainnogainpreamp default="true">89</replaygainnogainpreamp>
        <replaygainpreamp default="true">89</replaygainpreamp>
        <replaygaintype default="true">1</replaygaintype>
        <seekdelay default="true">750</seekdelay>
        <seeksteps default="true">-60,-30,-10,10,30,60</seeksteps>
        <visualisation default="true">visualization.milkdrop</visualisation>
    </musicplayer>
    <mymusic>
        <defaultlibview default="true"></defaultlibview>
        <songthumbinvis default="true">false</songthumbinvis>
        <startwindow default="true">10501</startwindow>
        <playlist>
            <repeat>false</repeat>
            <shuffle>false</shuffle>
        </playlist>
        <needsupdate>0</needsupdate>
    </mymusic>
    <myvideos>
        <extractchapterthumbs default="true">true</extractchapterthumbs>
        <extractflags default="true">true</extractflags>
        <extractthumb default="true">true</extractthumb>
        <flatten default="true">false</flatten>
        <replacelabels default="true">true</replacelabels>
        <selectaction default="true">1</selectaction>
        <stackvideos default="true">false</stackvideos>
        <watchmodemovies>0</watchmodemovies>
        <watchmodetvshows>0</watchmodetvshows>
        <watchmodemusicvideos>0</watchmodemusicvideos>
        <playlist>
            <repeat>false</repeat>
            <shuffle>false</shuffle>
        </playlist>
        <needsupdate>0</needsupdate>
    </myvideos>
    <network>
        <bandwidth default="true">0</bandwidth>
        <httpproxypassword default="true"></httpproxypassword>
        <httpproxyport default="true">8080</httpproxyport>
        <httpproxyserver default="true"></httpproxyserver>
        <httpproxytype default="true">0</httpproxytype>
        <httpproxyusername default="true"></httpproxyusername>
        <usehttpproxy default="true">false</usehttpproxy>
    </network>
    <pictures>
        <displayresolution default="true">14</displayresolution>
        <generatethumbs default="true">true</generatethumbs>
        <showvideos default="true">true</showvideos>
        <useexifrotation default="true">true</useexifrotation>
        <usetags default="true">true</usetags>
    </pictures>
    <powermanagement>
        <displaysoff default="true">0</displaysoff>
        <shutdownstate default="true">0</shutdownstate>
        <shutdowntime default="true">0</shutdowntime>
        <wakeonaccess default="true">false</wakeonaccess>
    </powermanagement>
    <pvrmanager>
        <backendchannelorder default="true">true</backendchannelorder>
        <enabled default="true">false</enabled>
        <hideconnectionlostwarning default="true">false</hideconnectionlostwarning>
        <syncchannelgroups default="true">true</syncchannelgroups>
        <usebackendchannelnumbers default="true">false</usebackendchannelnumbers>
    </pvrmanager>
    <pvrmenu>
        <closechannelosdonswitch default="true">true</closechannelosdonswitch>
        <displaychannelinfo default="true">5</displaychannelinfo>
        <iconpath default="true"></iconpath>
    </pvrmenu>
    <pvrparental>
        <duration default="true">300</duration>
        <enabled default="true">false</enabled>
        <pin default="true"></pin>
    </pvrparental>
    <pvrplayback>
        <channelentrytimeout default="true">0</channelentrytimeout>
        <confirmchannelswitch default="true">false</confirmchannelswitch>
        <fps default="true">0</fps>
        <playminimized default="true">true</playminimized>
        <scantime default="true">10</scantime>
        <signalquality default="true">true</signalquality>
        <startlast default="true">0</startlast>
    </pvrplayback>
    <pvrpowermanagement>
        <backendidletime default="true">15</backendidletime>
        <dailywakeup default="true">false</dailywakeup>
        <dailywakeuptime default="true">00:00:00</dailywakeuptime>
        <enabled default="true">false</enabled>
        <prewakeup default="true">15</prewakeup>
        <setwakeupcmd default="true"></setwakeupcmd>
    </pvrpowermanagement>
    <pvrrecord>
        <defaultlifetime default="true">99</defaultlifetime>
        <defaultpriority default="true">50</defaultpriority>
        <instantrecordtime default="true">120</instantrecordtime>
        <marginend default="true">0</marginend>
        <marginstart default="true">0</marginstart>
        <timernotifications default="true">true</timernotifications>
    </pvrrecord>
    <scrapers>
        <moviesdefault default="true">metadata.themoviedb.org</moviesdefault>
        <musicvideosdefault default="true">metadata.musicvideos.theaudiodb.com</musicvideosdefault>
        <tvshowsdefault default="true">metadata.tvdb.com</tvshowsdefault>
    </scrapers>
    <screensaver>
        <mode default="true">screensaver.xbmc.builtin.dim</mode>
        <time default="true">3</time>
        <usedimonpause default="true">true</usedimonpause>
        <usemusicvisinstead default="true">true</usemusicvisinstead>
    </screensaver>
    <services>
        <airplay default="true">false</airplay>
        <airplayios8compat default="true">true</airplayios8compat>
        <airplaypassword default="true"></airplaypassword>
        <airplayvolumecontrol default="true">true</airplayvolumecontrol>
        <devicename default="true">Kodi</devicename>
        <esallinterfaces default="true">false</esallinterfaces>
        <escontinuousdelay default="true">25</escontinuousdelay>
        <esenabled default="true">true</esenabled>
        <esinitialdelay default="true">750</esinitialdelay>
        <esmaxclients default="true">20</esmaxclients>
        <esport default="true">9777</esport>
        <esportrange default="true">10</esportrange>
        <upnpannounce default="true">true</upnpannounce>
        <upnpcontroller default="true">false</upnpcontroller>
        <upnplookforexternalsubtitles default="true">false</upnplookforexternalsubtitles>
        <upnprenderer default="true">false</upnprenderer>
        <upnpserver default="true">false</upnpserver>
        <useairplaypassword default="true">false</useairplaypassword>
        <webserver default="true">false</webserver>
        <webserverpassword default="true"></webserverpassword>
        <webserverport default="true">80</webserverport>
        <webserverusername default="true">kodi</webserverusername>
        <webskin default="true">webinterface.default</webskin>
        <zeroconf default="true">false</zeroconf>
    </services>
    <slideshow>
        <displayeffects default="true">true</displayeffects>
        <shuffle default="true">false</shuffle>
        <staytime default="true">5</staytime>
    </slideshow>
    <smb>
        <winsserver default="true">0.0.0.0</winsserver>
        <workgroup default="true">WORKGROUP</workgroup>
    </smb>
    <subtitles>
        <align default="true">0</align>
        <charset default="true">DEFAULT</charset>
        <color default="true">1</color>
        <custompath default="true"></custompath>
        <downloadfirst default="true">false</downloadfirst>
        <font default="true">arial.ttf</font>
        <height default="true">28</height>
        <languages default="true">English</languages>
        <movie default="true"></movie>
        <overrideassfonts default="true">false</overrideassfonts>
        <parsecaptions default="true">false</parsecaptions>
        <pauseonsearch default="true">true</pauseonsearch>
        <stereoscopicdepth default="true">0</stereoscopicdepth>
        <storagemode default="true">0</storagemode>
        <style default="true">1</style>
        <tv default="true"></tv>
    </subtitles>
    <system>
        <playlistspath>special://profile/playlists/</playlistspath>
    </system>
    <videolibrary>
        <actorthumbs default="true">true</actorthumbs>
        <backgroundupdate default="true">false</backgroundupdate>
        <flattentvshows default="true">1</flattentvshows>
        <groupmoviesets default="true">false</groupmoviesets>
        <showallitems default="true">true</showallitems>
        <showunwatchedplots default="true">true</showunwatchedplots>
        <tvshowsincludeallseasonsandspecials default="true">0</tvshowsincludeallseasonsandspecials>
        <tvshowsselectfirstunwatcheditem default="true">0</tvshowsselectfirstunwatcheditem>
        <updateonstartup default="true">false</updateonstartup>
    </videolibrary>
    <videoplayer>
        <adjustrefreshrate default="true">0</adjustrefreshrate>
        <autoplaynextitem default="true">false</autoplaynextitem>
        <errorinaspect default="true">0</errorinaspect>
        <hqscalers default="true">0</hqscalers>
        <pauseafterrefreshchange default="true">0</pauseafterrefreshchange>
        <preferdefaultflag default="true">true</preferdefaultflag>
        <prefervaapirender default="true">true</prefervaapirender>
        <quitstereomodeonstop default="true">true</quitstereomodeonstop>
        <rendermethod default="true">0</rendermethod>
        <seekdelay default="true">750</seekdelay>
        <seeksteps default="true">-600,-300,-180,-60,-30,-10,10,30,60,180,300,600</seeksteps>
        <stereoscopicplaybackmode default="true">0</stereoscopicplaybackmode>
        <stretch43 default="true">0</stretch43>
        <teletextenabled default="true">true</teletextenabled>
        <teletextscale default="true">true</teletextscale>
        <useamcodec default="true">true</useamcodec>
        <usedisplayasclock default="true">false</usedisplayasclock>
        <usedxva2 default="true">true</usedxva2>
        <useomx default="true">true</useomx>
        <useomxplayer default="true">true</useomxplayer>
        <usevaapi default="true">true</usevaapi>
        <usevaapimpeg2 default="true">true</usevaapimpeg2>
        <usevaapimpeg4 default="true">true</usevaapimpeg4>
        <usevaapivc1 default="true">true</usevaapivc1>
        <usevda default="true">true</usevda>
        <usevdpau default="true">true</usevdpau>
        <usevdpaumixer default="true">true</usevdpaumixer>
        <usevdpaumpeg2 default="true">true</usevdpaumpeg2>
        <usevdpaumpeg4 default="true">false</usevdpaumpeg4>
        <usevdpauvc1 default="true">true</usevdpauvc1>
        <usevideotoolbox default="true">true</usevideotoolbox>
    </videoplayer>
    <videoscreen>
        <blankdisplays default="true">false</blankdisplays>
        <fakefullscreen default="true">true</fakefullscreen>
        <limitedrange default="true">false</limitedrange>
        <monitor default="true">Default</monitor>
        <preferedstereoscopicmode default="true">100</preferedstereoscopicmode>
        <resolution>15</resolution>
        <screen>-1</screen>
        <screenmode>WINDOW</screenmode>
        <stereoscopicmode default="true">0</stereoscopicmode>
        <vsync default="true">2</vsync>
    </videoscreen>
    <weather>
        <addon default="true"></addon>
        <currentlocation default="true">1</currentlocation>
    </weather>
    <window>
        <height>1003</height>
        <width>1914</width>
    </window>
    <audio>
        <mute>false</mute>
        <fvolumelevel>0.833333</fvolumelevel>
    </audio>
    <resolutions />
    <defaultvideosettings>
        <deinterlacemode>1</deinterlacemode>
        <interlacemethod>1</interlacemethod>
        <scalingmethod>1</scalingmethod>
        <noisereduction>0.000000</noisereduction>
        <postprocess>false</postprocess>
        <sharpness>0.000000</sharpness>
        <viewmode>0</viewmode>
        <zoomamount>1.000000</zoomamount>
        <pixelratio>1.000000</pixelratio>
        <verticalshift>0.000000</verticalshift>
        <volumeamplification>0.000000</volumeamplification>
        <outputtoallspeakers>false</outputtoallspeakers>
        <showsubtitles>true</showsubtitles>
        <brightness>50.000000</brightness>
        <contrast>50.000000</contrast>
        <gamma>20.000000</gamma>
        <audiodelay>0.000000</audiodelay>
        <subtitledelay>0.000000</subtitledelay>
        <nonlinstretch>false</nonlinstretch>
        <stereomode>0</stereomode>
    </defaultvideosettings>
    <skinsettings>
        <setting type="bool" name="skin.confluence.Use_Startup_Playlist">false</setting>
        <setting type="bool" name="skin.confluence.UseCustomBackground">true</setting>
        <setting type="bool" name="skin.confluence.HideBackGroundFanart">true</setting>
        <setting type="bool" name="skin.confluence.ShowBackgroundVideo">false</setting>
        <setting type="bool" name="skin.confluence.ShowBackgroundVis">false</setting>
        <setting type="bool" name="skin.confluence.HomepageHideRecentlyAddedVideo">false</setting>
        <setting type="bool" name="skin.confluence.HomepageHideRecentlyAddedAlbums">false</setting>
        <setting type="bool" name="skin.confluence.homepageWeatherinfo">false</setting>
        <setting type="bool" name="skin.confluence.homepageMusicinfo">false</setting>
        <setting type="bool" name="skin.confluence.homepageVideoinfo">false</setting>
        <setting type="bool" name="skin.confluence.HomeMenuNoMovieButton">false</setting>
        <setting type="bool" name="skin.confluence.HomeMenuNoTVShowButton">false</setting>
        <setting type="bool" name="skin.confluence.HomeMenuNoWeatherButton">false</setting>
        <setting type="bool" name="skin.confluence.HomeMenuNoPicturesButton">false</setting>
        <setting type="bool" name="skin.confluence.HomeMenuNoVideosButton">false</setting>
        <setting type="bool" name="skin.confluence.HomeMenuNoMusicButton">false</setting>
        <setting type="bool" name="skin.confluence.HomeMenuNoProgramsButton">false</setting>
        <setting type="bool" name="skin.confluence.AutoScroll">true</setting>
        <setting type="bool" name="skin.confluence.FirstTimeRun">true</setting>
        <setting type="bool" name="skin.confluence.HideVisualizationFanart">true</setting>
        <setting type="bool" name="skin.confluence.HideFilenameFlagging">false</setting>
        <setting type="bool" name="skin.confluence.View508HideInfo">false</setting>
        <setting type="bool" name="skin.confluence.ActivateTvTunes">false</setting>
        <setting type="bool" name="skin.confluence.helix.collective.mod.UseCustomBackground">false</setting>
        <setting type="bool" name="skin.confluence.helix.collective.mod.HideBackGroundFanart">false</setting>
        <setting type="bool" name="skin.confluence.helix.collective.mod.ShowBackgroundVideo">false</setting>
        <setting type="bool" name="skin.confluence.helix.collective.mod.ShowBackgroundVis">false</setting>
        <setting type="bool" name="skin.confluence.helix.collective.mod.AutoScroll">false</setting>
        <setting type="bool" name="skin.confluence.helix.collective.mod.FirstTimeRun">true</setting>
        <setting type="bool" name="skin.confluence.helix.collective.mod.HomepageHideRecentlyAddedVideo">false</setting>
        <setting type="bool" name="skin.confluence.helix.collective.mod.HomepageHideRecentlyAddedAlbums">false</setting>
        <setting type="bool" name="skin.confluence.helix.collective.mod.homepageMusicinfo">false</setting>
        <setting type="bool" name="skin.confluence.helix.collective.mod.homepageVideoinfo">false</setting>
        <setting type="bool" name="skin.confluence.helix.collective.mod.HomeMenuNoMovieButton">false</setting>
        <setting type="bool" name="skin.confluence.helix.collective.mod.HomeMenuNoTVShowButton">false</setting>
        <setting type="bool" name="skin.confluence.helix.collective.mod.SimplyMain_bttn">false</setting>
        <setting type="bool" name="skin.confluence.helix.collective.mod.SimplySearchMovie_bttn">false</setting>
        <setting type="bool" name="skin.confluence.helix.collective.mod.SimplyMoviesGenre_bttn">false</setting>
        <setting type="bool" name="skin.confluence.helix.collective.mod.SimplySearchTV_bttn">false</setting>
        <setting type="bool" name="skin.confluence.helix.collective.mod.SimplyFavs_bttn">false</setting>
        <setting type="bool" name="skin.confluence.helix.collective.mod.xunity.book">false</setting>
        <setting type="bool" name="skin.confluence.helix.collective.mod.xunity.livetv">false</setting>
        <setting type="bool" name="skin.confluence.helix.collective.mod.xunity.iwatch">false</setting>
        <setting type="bool" name="skin.confluence.helix.collective.mod.xunity.tools">false</setting>
        <setting type="bool" name="skin.confluence.helix.collective.mod.SimplyTvGenre_bttn">false</setting>
        <setting type="bool" name="skin.confluence.helix.collective.mod.HomeMenuNoWeatherButton">false</setting>
        <setting type="bool" name="skin.confluence.helix.collective.mod.HomeMenuNoPicturesButton">false</setting>
        <setting type="bool" name="skin.confluence.helix.collective.mod.HomeMenuNoVideosButton">false</setting>
        <setting type="bool" name="skin.confluence.helix.collective.mod.HomeMenuNoMusicButton">false</setting>
        <setting type="bool" name="skin.confluence.helix.collective.mod.HomeMenuNoProgramsButton">false</setting>
        <setting type="bool" name="skin.confluence.helix.collective.mod.homepageWeatherinfo">false</setting>
        <setting type="bool" name="skin.confluence.helix.collective.mod.Use_Startup_Playlist">false</setting>
        <setting type="bool" name="skin.confluence.helix.collective.mod.HideFilenameFlagging">false</setting>
        <setting type="bool" name="skin.confluence.helix.collective.mod.View508HideInfo">false</setting>
        <setting type="bool" name="skin.confluence.helix.collective.mod.ActivateTvTunes">false</setting>
        <setting type="bool" name="skin.confluence.helix.collective.mod.Show_SlideShow_Paused">false</setting>
        <setting type="bool" name="skin.confluence.helix.collective.mod.WindowedTrailer">false</setting>
        <setting type="bool" name="skin.confluence.helix.collective.mod.HideVisualizationFanart">false</setting>
        <setting type="bool" name="skin.confluence.helix.collective.mod.xunityT_search">true</setting>
        <setting type="bool" name="skin.android_tv.text-autoscroll">false</setting>
        <setting type="bool" name="skin.android_tv.media-overlay">false</setting>
        <setting type="bool" name="skin.android_tv.background-playingmedia">false</setting>
        <setting type="bool" name="skin.android_tv.debug-grid">false</setting>
        <setting type="bool" name="skin.android_tv.debug-info">false</setting>
        <setting type="bool" name="skin.android_tv.home-time">false</setting>
        <setting type="bool" name="skin.android_tv.home-weather">false</setting>
        <setting type="bool" name="skin.android_tv.home-currentweather">false</setting>
        <setting type="bool" name="skin.android_tv.home-video">false</setting>
        <setting type="bool" name="skin.android_tv.home-movie">false</setting>
        <setting type="bool" name="skin.android_tv.home-tvshows">false</setting>
        <setting type="bool" name="skin.android_tv.home-music">false</setting>
        <setting type="bool" name="skin.android_tv.home-programs">false</setting>
        <setting type="bool" name="skin.android_tv.home-tv">false</setting>
        <setting type="bool" name="skin.android_tv.home-radio">false</setting>
        <setting type="bool" name="skin.android_tv.home-photos">false</setting>
        <setting type="bool" name="skin.android_tv.home-favorites">false</setting>
        <setting type="bool" name="skin.android_tv.home-search">false</setting>
        <setting type="bool" name="skin.android_tv.home-profile">false</setting>
        <setting type="bool" name="skin.android_tv.HomeMenuNoMovieButton">false</setting>
        <setting type="bool" name="skin.android_tv.HomeMenuNoTVShowButton">false</setting>
        <setting type="bool" name="skin.android_tv.SimplyMain_bttn">false</setting>
        <setting type="bool" name="skin.android_tv.SimplySearchMovie_bttn">false</setting>
        <setting type="bool" name="skin.android_tv.SimplyMoviesGenre_bttn">false</setting>
        <setting type="bool" name="skin.android_tv.SimplySearchTV_bttn">false</setting>
        <setting type="bool" name="skin.android_tv.SimplyFavs_bttn">false</setting>
        <setting type="bool" name="skin.android_tv.xunity.book">false</setting>
        <setting type="bool" name="skin.android_tv.xunity.livetv">false</setting>
        <setting type="bool" name="skin.android_tv.xunity.iwatch">false</setting>
        <setting type="bool" name="skin.android_tv.xunity.tools">false</setting>
        <setting type="bool" name="skin.android_tv.SimplyTvGenre_bttn">false</setting>
        <setting type="bool" name="skin.android_tv.background-fanart">false</setting>
        <setting type="bool" name="skin.android_tv.background-extrafanart">false</setting>
        <setting type="bool" name="skin.android_tv.background-slideshow">false</setting>
        <setting type="bool" name="skin.android_tv.background-visibiltyhigh">false</setting>
        <setting type="bool" name="skin.android_tv.background-visibiltymed">false</setting>
        <setting type="bool" name="skin.android_tv.watched-overlay">false</setting>
        <setting type="bool" name="skin.android_tv.tiltvideolisticon">false</setting>
        <setting type="bool" name="skin.android_tv.tiltvideowallicon">false</setting>
        <setting type="bool" name="skin.android_tv.lock-screensettings">false</setting>
        <setting type="bool" name="skin.android_tv.watched_filtering_toggle">false</setting>
        <setting type="bool" name="skin.android_tv.media-themetune">false</setting>
        <setting type="string" name="skin.confluence.CustomBackgroundPath">special://home/media/SKINDEFAULT.jpg</setting>
        <setting type="string" name="skin.confluence.HomeVideosButton1">plugin.video.genesis</setting>
        <setting type="string" name="skin.confluence.HomeVideosButton2">plugin.video.1channel</setting>
        <setting type="string" name="skin.confluence.HomeVideosButton3">plugin.video.projectfreetv</setting>
        <setting type="string" name="skin.confluence.HomeVideosButton4">plugin.video.salts</setting>
        <setting type="string" name="skin.confluence.HomeVideosButton5">plugin.video.phstreams</setting>
        <setting type="string" name="skin.confluence.HomeMusicButton1">plugin.audio.radio_de</setting>
        <setting type="string" name="skin.confluence.HomeMusicButton2">plugin.video.itunes_podcasts</setting>
        <setting type="string" name="skin.confluence.HomeMusicButton3">plugin.video.XBMCKaraoke</setting>
        <setting type="string" name="skin.confluence.HomeMusicButton4">plugin.audio.radioreference</setting>
        <setting type="string" name="skin.confluence.HomeMusicButton5">plugin.audio.soundcloud</setting>
        <setting type="string" name="skin.confluence.HomePictureButton1"></setting>
        <setting type="string" name="skin.confluence.HomePictureButton2"></setting>
        <setting type="string" name="skin.confluence.HomePictureButton3"></setting>
        <setting type="string" name="skin.confluence.HomePictureButton4"></setting>
        <setting type="string" name="skin.confluence.HomePictureButton5"></setting>
        <setting type="string" name="skin.confluence.HomeProgramButton1">script.navi-x</setting>
        <setting type="string" name="skin.confluence.HomeProgramButton2">plugin.program.addoninstaller</setting>
        <setting type="string" name="skin.confluence.HomeProgramButton3">plugin.video.xbmchubmaintenance</setting>
        <setting type="string" name="skin.confluence.HomeProgramButton4"></setting>
        <setting type="string" name="skin.confluence.HomeProgramButton5"></setting>
        <setting type="string" name="skin.confluence.helix.collective.mod.HomeVideosButton1">plugin.video.genesis</setting>
        <setting type="string" name="skin.confluence.helix.collective.mod.HomeVideosButton2">script.icechannel</setting>
        <setting type="string" name="skin.confluence.helix.collective.mod.HomeVideosButton3">plugin.video.offside</setting>
        <setting type="string" name="skin.confluence.helix.collective.mod.HomeVideosButton4">plugin.video.phstreams</setting>
        <setting type="string" name="skin.confluence.helix.collective.mod.CustomBackgroundPath"></setting>
        <setting type="string" name="skin.confluence.helix.collective.mod.HomeVideosButton5"></setting>
        <setting type="string" name="skin.confluence.helix.collective.mod.HomeVideosButton6"></setting>
        <setting type="string" name="skin.confluence.helix.collective.mod.HomeVideosButton7"></setting>
        <setting type="string" name="skin.confluence.helix.collective.mod.HomeMusicButton1"></setting>
        <setting type="string" name="skin.confluence.helix.collective.mod.HomeMusicButton2"></setting>
        <setting type="string" name="skin.confluence.helix.collective.mod.HomeMusicButton3"></setting>
        <setting type="string" name="skin.confluence.helix.collective.mod.HomeMusicButton4"></setting>
        <setting type="string" name="skin.confluence.helix.collective.mod.HomeMusicButton5"></setting>
        <setting type="string" name="skin.confluence.helix.collective.mod.HomeMusicButton6"></setting>
        <setting type="string" name="skin.confluence.helix.collective.mod.HomeMusicButton7"></setting>
        <setting type="string" name="skin.confluence.helix.collective.mod.HomePictureButton1"></setting>
        <setting type="string" name="skin.confluence.helix.collective.mod.HomePictureButton2"></setting>
        <setting type="string" name="skin.confluence.helix.collective.mod.HomePictureButton3"></setting>
        <setting type="string" name="skin.confluence.helix.collective.mod.HomePictureButton4"></setting>
        <setting type="string" name="skin.confluence.helix.collective.mod.HomePictureButton5"></setting>
        <setting type="string" name="skin.confluence.helix.collective.mod.HomePictureButton6"></setting>
        <setting type="string" name="skin.confluence.helix.collective.mod.HomePictureButton7"></setting>
        <setting type="string" name="skin.confluence.helix.collective.mod.HomeProgramButton1"></setting>
        <setting type="string" name="skin.confluence.helix.collective.mod.HomeProgramButton2"></setting>
        <setting type="string" name="skin.confluence.helix.collective.mod.HomeProgramButton3"></setting>
        <setting type="string" name="skin.confluence.helix.collective.mod.HomeProgramButton4"></setting>
        <setting type="string" name="skin.confluence.helix.collective.mod.HomeProgramButton5"></setting>
        <setting type="string" name="skin.confluence.helix.collective.mod.HomeProgramButton6"></setting>
        <setting type="string" name="skin.confluence.helix.collective.mod.HomeProgramButton7"></setting>
        <setting type="string" name="skin.android_tv.show-scrollbar"></setting>
        <setting type="string" name="skin.android_tv.shelf-musicimages"></setting>
        <setting type="string" name="skin.android_tv.CustomMovies.1.Label"></setting>
        <setting type="string" name="skin.android_tv.CustomMovies.1.Icon"></setting>
        <setting type="string" name="skin.android_tv.CustomMovies.1.Path"></setting>
        <setting type="string" name="skin.android_tv.CustomMovies.2.Label"></setting>
        <setting type="string" name="skin.android_tv.CustomMovies.2.Icon"></setting>
        <setting type="string" name="skin.android_tv.CustomMovies.2.Path"></setting>
        <setting type="string" name="skin.android_tv.CustomMovies.3.Label"></setting>
        <setting type="string" name="skin.android_tv.CustomMovies.3.Icon"></setting>
        <setting type="string" name="skin.android_tv.CustomMovies.3.Path"></setting>
        <setting type="string" name="skin.android_tv.CustomMovies.4.Label"></setting>
        <setting type="string" name="skin.android_tv.CustomMovies.4.Icon"></setting>
        <setting type="string" name="skin.android_tv.CustomMovies.4.Path"></setting>
        <setting type="string" name="skin.android_tv.CustomMovies.5.Label"></setting>
        <setting type="string" name="skin.android_tv.CustomMovies.5.Icon"></setting>
        <setting type="string" name="skin.android_tv.CustomMovies.5.Path"></setting>
        <setting type="string" name="skin.android_tv.CustomTVShow.1.Label"></setting>
        <setting type="string" name="skin.android_tv.CustomTVShow.1.Icon"></setting>
        <setting type="string" name="skin.android_tv.CustomTVShow.1.Path"></setting>
        <setting type="string" name="skin.android_tv.CustomTVShow.2.Label"></setting>
        <setting type="string" name="skin.android_tv.CustomTVShow.2.Icon"></setting>
        <setting type="string" name="skin.android_tv.CustomTVShow.2.Path"></setting>
        <setting type="string" name="skin.android_tv.CustomTVShow.3.Label"></setting>
        <setting type="string" name="skin.android_tv.CustomTVShow.3.Icon"></setting>
        <setting type="string" name="skin.android_tv.CustomTVShow.3.Path"></setting>
        <setting type="string" name="skin.android_tv.CustomTVShow.4.Label"></setting>
        <setting type="string" name="skin.android_tv.CustomTVShow.4.Icon"></setting>
        <setting type="string" name="skin.android_tv.CustomTVShow.4.Path"></setting>
        <setting type="string" name="skin.android_tv.CustomTVShow.5.Label"></setting>
        <setting type="string" name="skin.android_tv.CustomTVShow.5.Icon"></setting>
        <setting type="string" name="skin.android_tv.CustomTVShow.5.Path"></setting>
        <setting type="string" name="skin.android_tv.CustomMusic.1.Label"></setting>
        <setting type="string" name="skin.android_tv.CustomMusic.1.Icon"></setting>
        <setting type="string" name="skin.android_tv.CustomMusic.1.Path"></setting>
        <setting type="string" name="skin.android_tv.CustomMusic.2.Label"></setting>
        <setting type="string" name="skin.android_tv.CustomMusic.2.Icon"></setting>
        <setting type="string" name="skin.android_tv.CustomMusic.2.Path"></setting>
        <setting type="string" name="skin.android_tv.CustomMusic.3.Label"></setting>
        <setting type="string" name="skin.android_tv.CustomMusic.3.Icon"></setting>
        <setting type="string" name="skin.android_tv.CustomMusic.3.Path"></setting>
        <setting type="string" name="skin.android_tv.CustomMusic.4.Label"></setting>
        <setting type="string" name="skin.android_tv.CustomMusic.4.Icon"></setting>
        <setting type="string" name="skin.android_tv.CustomMusic.4.Path"></setting>
        <setting type="string" name="skin.android_tv.CustomMusic.5.Label"></setting>
        <setting type="string" name="skin.android_tv.CustomMusic.5.Icon"></setting>
        <setting type="string" name="skin.android_tv.CustomMusic.5.Path"></setting>
        <setting type="string" name="skin.android_tv.CustomAddon.1.Label"></setting>
        <setting type="string" name="skin.android_tv.CustomAddon.1.Icon"></setting>
        <setting type="string" name="skin.android_tv.CustomAddon.1.Path"></setting>
        <setting type="string" name="skin.android_tv.CustomAddon.2.Label"></setting>
        <setting type="string" name="skin.android_tv.CustomAddon.2.Icon"></setting>
        <setting type="string" name="skin.android_tv.CustomAddon.2.Path"></setting>
        <setting type="string" name="skin.android_tv.CustomAddon.3.Label"></setting>
        <setting type="string" name="skin.android_tv.CustomAddon.3.Icon"></setting>
        <setting type="string" name="skin.android_tv.CustomAddon.3.Path"></setting>
        <setting type="string" name="skin.android_tv.CustomAddon.4.Label"></setting>
        <setting type="string" name="skin.android_tv.CustomAddon.4.Icon"></setting>
        <setting type="string" name="skin.android_tv.CustomAddon.4.Path"></setting>
        <setting type="string" name="skin.android_tv.CustomAddon.5.Label"></setting>
        <setting type="string" name="skin.android_tv.CustomAddon.5.Icon"></setting>
        <setting type="string" name="skin.android_tv.CustomAddon.5.Path"></setting>
        <setting type="string" name="skin.android_tv.CustomTV.1.Label"></setting>
        <setting type="string" name="skin.android_tv.CustomTV.1.Icon"></setting>
        <setting type="string" name="skin.android_tv.CustomTV.1.Path"></setting>
        <setting type="string" name="skin.android_tv.CustomTV.2.Label"></setting>
        <setting type="string" name="skin.android_tv.CustomTV.2.Icon"></setting>
        <setting type="string" name="skin.android_tv.CustomTV.2.Path"></setting>
        <setting type="string" name="skin.android_tv.CustomTV.3.Label"></setting>
        <setting type="string" name="skin.android_tv.CustomTV.3.Icon"></setting>
        <setting type="string" name="skin.android_tv.CustomTV.3.Path"></setting>
        <setting type="string" name="skin.android_tv.CustomTV.4.Label"></setting>
        <setting type="string" name="skin.android_tv.CustomTV.4.Icon"></setting>
        <setting type="string" name="skin.android_tv.CustomTV.4.Path"></setting>
        <setting type="string" name="skin.android_tv.CustomTV.5.Label"></setting>
        <setting type="string" name="skin.android_tv.CustomTV.5.Icon"></setting>
        <setting type="string" name="skin.android_tv.CustomTV.5.Path"></setting>
        <setting type="string" name="skin.android_tv.CustomRadio.1.Label"></setting>
        <setting type="string" name="skin.android_tv.CustomRadio.1.Icon"></setting>
        <setting type="string" name="skin.android_tv.CustomRadio.1.Path"></setting>
        <setting type="string" name="skin.android_tv.CustomRadio.2.Label"></setting>
        <setting type="string" name="skin.android_tv.CustomRadio.2.Icon"></setting>
        <setting type="string" name="skin.android_tv.CustomRadio.2.Path"></setting>
        <setting type="string" name="skin.android_tv.CustomRadio.3.Label"></setting>
        <setting type="string" name="skin.android_tv.CustomRadio.3.Icon"></setting>
        <setting type="string" name="skin.android_tv.CustomRadio.3.Path"></setting>
        <setting type="string" name="skin.android_tv.CustomRadio.4.Label"></setting>
        <setting type="string" name="skin.android_tv.CustomRadio.4.Icon"></setting>
        <setting type="string" name="skin.android_tv.CustomRadio.4.Path"></setting>
        <setting type="string" name="skin.android_tv.CustomRadio.5.Label"></setting>
        <setting type="string" name="skin.android_tv.CustomRadio.5.Icon"></setting>
        <setting type="string" name="skin.android_tv.CustomRadio.5.Path"></setting>
        <setting type="string" name="skin.android_tv.shelf-movieimages"></setting>
        <setting type="string" name="skin.android_tv.shelf-tvshowimages"></setting>
        <setting type="string" name="skin.android_tv.custom-watermark"></setting>
        <setting type="string" name="skin.android_tv.background-custom"></setting>
    </skinsettings>
    <viewstates>
        <musicfiles>
            <viewmode>720896</viewmode>
            <sortmethod>1</sortmethod>
            <sortorder>1</sortorder>
            <sortattributes>0</sortattributes>
        </musicfiles>
        <musiclastfm>
            <viewmode>65536</viewmode>
            <sortmethod>1</sortmethod>
            <sortorder>1</sortorder>
            <sortattributes>0</sortattributes>
        </musiclastfm>
        <musicnavalbums>
            <viewmode>65536</viewmode>
            <sortmethod>1</sortmethod>
            <sortorder>1</sortorder>
            <sortattributes>0</sortattributes>
        </musicnavalbums>
        <musicnavartists>
            <viewmode>65536</viewmode>
            <sortmethod>1</sortmethod>
            <sortorder>1</sortorder>
            <sortattributes>0</sortattributes>
        </musicnavartists>
        <musicnavsongs>
            <viewmode>65536</viewmode>
            <sortmethod>1</sortmethod>
            <sortorder>1</sortorder>
            <sortattributes>0</sortattributes>
        </musicnavsongs>
        <pictures>
            <viewmode>720896</viewmode>
            <sortmethod>1</sortmethod>
            <sortorder>1</sortorder>
            <sortattributes>0</sortattributes>
        </pictures>
        <programs>
            <viewmode>720896</viewmode>
            <sortmethod>1</sortmethod>
            <sortorder>1</sortorder>
            <sortattributes>0</sortattributes>
        </programs>
        <videofiles>
            <viewmode>720896</viewmode>
            <sortmethod>1</sortmethod>
            <sortorder>1</sortorder>
            <sortattributes>0</sortattributes>
        </videofiles>
        <videonavactors>
            <viewmode>65536</viewmode>
            <sortmethod>1</sortmethod>
            <sortorder>1</sortorder>
            <sortattributes>0</sortattributes>
        </videonavactors>
        <videonavepisodes>
            <viewmode>720896</viewmode>
            <sortmethod>21</sortmethod>
            <sortorder>1</sortorder>
            <sortattributes>0</sortattributes>
        </videonavepisodes>
        <videonavgenres>
            <viewmode>65536</viewmode>
            <sortmethod>1</sortmethod>
            <sortorder>1</sortorder>
            <sortattributes>0</sortattributes>
        </videonavgenres>
        <videonavmusicvideos>
            <viewmode>65536</viewmode>
            <sortmethod>1</sortmethod>
            <sortorder>1</sortorder>
            <sortattributes>0</sortattributes>
        </videonavmusicvideos>
        <videonavseasons>
            <viewmode>65536</viewmode>
            <sortmethod>1</sortmethod>
            <sortorder>1</sortorder>
            <sortattributes>0</sortattributes>
        </videonavseasons>
        <videonavtitles>
            <viewmode>65536</viewmode>
            <sortmethod>1</sortmethod>
            <sortorder>1</sortorder>
            <sortattributes>0</sortattributes>
        </videonavtitles>
        <videonavtvshows>
            <viewmode>65536</viewmode>
            <sortmethod>1</sortmethod>
            <sortorder>1</sortorder>
            <sortattributes>0</sortattributes>
        </videonavtvshows>
        <videonavyears>
            <viewmode>65536</viewmode>
            <sortmethod>1</sortmethod>
            <sortorder>1</sortorder>
            <sortattributes>0</sortattributes>
        </videonavyears>
    </viewstates>
</settings>
