<sources>
    <programs>
        <default pathversion="1"></default>
    </programs>
    <video>
        <default pathversion="1"></default>
        <source>
            <name>Movies</name>
            <path pathversion="1">/storage/emulated/0/Android/data/org.xbmc.kodi/files/.kodi/userdata/addon_data/plugin.video.genesis/Movies/</path>
            <allowsharing>true</allowsharing>
        </source>
        <source>
            <name>TVShows</name>
            <path pathversion="1">/storage/emulated/0/Android/data/org.xbmc.kodi/files/.kodi/userdata/addon_data/plugin.video.genesis/TVShows/</path>
            <allowsharing>true</allowsharing>
        </source>
    </video>
    <music>
        <default pathversion="1"></default>
    </music>
    <pictures>
        <default pathversion="1"></default>
    </pictures>
    <files>
        <default pathversion="1"></default>
        <source>
            <name>.Transform (Megatron Rom)</name>
            <path pathversion="1">http://transform.mega-tron.tv/</path>
            <allowsharing>true</allowsharing>
        </source>
        <source>
            <name>xunitytalk</name>
            <path pathversion="1">http://xfinity.xunitytalk.com/</path>
            <allowsharing>true</allowsharing>
        </source>
        <source>
            <name>fusion</name>
            <path pathversion="1">http://fusion.tvaddons.ag/</path>
            <allowsharing>true</allowsharing>
        </source>
        <source>
            <name>staging</name>
            <path pathversion="1">http://digsim.homelinux.org/xbmc/staging/</path>
            <allowsharing>true</allowsharing>
        </source>
        <source>
            <name>Kodi</name>
            <path pathversion="1">C:\Users\Mike\AppData\Roaming\Kodi\</path>
            <allowsharing>true</allowsharing>
        </source>
        <source>
            <name>totalxbmc</name>
            <path pathversion="1">http://i.totalxbmc.tv/</path>
            <allowsharing>true</allowsharing>
        </source>
    </files>
</sources>
