<?xml version="1.0" encoding="UTF-8"?>
<window type="dialog">
    <include>dialogeffect</include>
    <coordinates>
        <system>1</system>
        <left>622</left>
        <top>412</top>
    </coordinates>
    <controls>
        <control type="group">
            <control type="image">
                <left>0</left>
                <top>0</top>
                <width>675</width>
                <height>255</height>
                <texture border="40">DialogBack.png</texture>
            </control>
            <control type="image">
                <description>Dialog Header image</description>
                <left>60</left>
                <top>24</top>
                <width>555</width>
                <height>60</height>
                <texture>dialogheader.png</texture>
            </control>
            <control type="label" id="1">
                <description>header label</description>
                <left>60</left>
                <top>30</top>
                <width>555</width>
                <height>45</height>
                <font>font13_title</font>
                <label>$LOCALIZE[31321]</label>
                <align>center</align>
                <aligny>center</aligny>
                <textcolor>selected</textcolor>
                <shadowcolor>black</shadowcolor>
            </control>
            <control type="button">
                <description>Close Window button</description>
                <left>540</left>
                <top>22</top>
                <width>96</width>
                <height>48</height>
                <label>-</label>
                <font>-</font>
                <onclick>PreviousMenu</onclick>
                <texturefocus>DialogCloseButton-focus.png</texturefocus>
                <texturenofocus>DialogCloseButton.png</texturenofocus>
                <onleft>10</onleft>
                <onright>10</onright>
                <onup>10</onup>
                <ondown>10</ondown>
                <visible>system.getbool(input.enablemouse)</visible>
            </control>
            <control type="label" id="401">
                <description>Song Number Label</description>
                <left>45</left>
                <top>105</top>
                <width>585</width>
                <height>45</height>
                <font>font28_title</font>
                <textcolor>white</textcolor>
                <align>center</align>
                <aligny>center</aligny>
            </control>
            <control type="label" id="402">
                <description>Song Name Label</description>
                <left>45</left>
                <top>180</top>
                <width>585</width>
                <height>30</height>
                <font>font24</font>
                <align>center</align>
                <aligny>center</aligny>
                <textcolor>blue</textcolor>
                <scroll>true</scroll>
            </control>
        </control>
    </controls>
</window>
