<?xml version="1.0" encoding="UTF-8"?>
<window>
    <defaultcontrol>1</defaultcontrol>
    <visible>Player.Seeking | Player.DisplayAfterSeek | Player.Paused | Player.Forwarding | Player.Rewinding</visible>
    <animation effect="fade" start="0" end="100" time="200">WindowOpen</animation>
    <animation effect="fade" start="100" end="0" time="200">WindowClose</animation>
    <controls>
        <control type="group">
            <visible>player.chaptercount + Window.IsVisible(FullScreenVideo)</visible>
            <left>1058r</left>
            <top>-9</top>
            <include>VisibleFadeEffect</include>
            <control type="image">
                <left>0</left>
                <top>0</top>
                <width>225</width>
                <height>105</height>
                <colordiffuse>EEFFFFFF</colordiffuse>
                <texture border="12">OverlayDialogBackground.png</texture>
            </control>
            <control type="label" id="1">
                <description>Chapter Pos No</description>
                <left>30</left>
                <top>15</top>
                <width>165</width>
                <height>30</height>
                <align>center</align>
                <aligny>center</aligny>
                <font>font12_title</font>
                <textcolor>blue</textcolor>
                <label>$LOCALIZE[21396]</label>
                <visible>player.chaptercount</visible>
            </control>
            <control type="label" id="1">
                <description>Chapter Pos No</description>
                <left>30</left>
                <top>45</top>
                <width>165</width>
                <height>30</height>
                <align>center</align>
                <aligny>center</aligny>
                <font>font13_title</font>
                <textcolor>grey2</textcolor>
                <label>$INFO[player.chapter]$INFO[player.chaptercount, / ]</label>
                <visible>player.chaptercount</visible>
            </control>
        </control>
        <control type="group">
            <left>840r</left>
            <top>-9</top>
            <control type="image">
                <left>0</left>
                <top>0</top>
                <width>555</width>
                <height>105</height>
                <colordiffuse>EEFFFFFF</colordiffuse>
                <texture border="12">OverlayDialogBackground.png</texture>
            </control>
            <control type="group">
                <left>390</left>
                <top>15</top>
                <control type="image">
                    <left>15</left>
                    <top>0</top>
                    <width>120</width>
                    <height>75</height>
                    <texture>OSDSeekFrame.png</texture>
                </control>
                <control type="image">
                    <left>0</left>
                    <top>4</top>
                    <width>30</width>
                    <height>66</height>
                    <texture>OSDSeekRewind.png</texture>
                    <visible>Player.Rewinding</visible>
                </control>
                <control type="image">
                    <left>120</left>
                    <top>4</top>
                    <width>30</width>
                    <height>66</height>
                    <texture>OSDSeekForward.png</texture>
                    <visible>Player.Forwarding</visible>
                </control>
                <control type="image">
                    <left>46</left>
                    <top>6</top>
                    <width>60</width>
                    <height>60</height>
                    <texture>OSDPause.png</texture>
                    <visible>Player.Paused</visible>
                </control>
                <control type="image">
                    <left>46</left>
                    <top>6</top>
                    <width>60</width>
                    <height>60</height>
                    <texture>OSDPlay.png</texture>
                    <visible>Player.Playing</visible>
                </control>
                <control type="image">
                    <left>42</left>
                    <top>6</top>
                    <width>60</width>
                    <height>60</height>
                    <texture>OSD2x.png</texture>
                    <visible>Player.Rewinding2x</visible>
                </control>
                <control type="image">
                    <left>38</left>
                    <top>6</top>
                    <width>60</width>
                    <height>60</height>
                    <texture>OSD4x.png</texture>
                    <visible>Player.Rewinding4x</visible>
                </control>
                <control type="image">
                    <left>33</left>
                    <top>6</top>
                    <width>60</width>
                    <height>60</height>
                    <texture>OSD8x.png</texture>
                    <visible>Player.Rewinding8x</visible>
                </control>
                <control type="image">
                    <left>28</left>
                    <top>6</top>
                    <width>60</width>
                    <height>60</height>
                    <texture>OSD16x.png</texture>
                    <visible>Player.Rewinding16x</visible>
                </control>
                <control type="image">
                    <left>26</left>
                    <top>6</top>
                    <width>60</width>
                    <height>60</height>
                    <texture>OSD32x.png</texture>
                    <visible>Player.Rewinding32x</visible>
                </control>
                <control type="image">
                    <left>51</left>
                    <top>6</top>
                    <width>60</width>
                    <height>60</height>
                    <texture>OSD2x.png</texture>
                    <visible>Player.Forwarding2x</visible>
                </control>
                <control type="image">
                    <left>56</left>
                    <top>6</top>
                    <width>60</width>
                    <height>60</height>
                    <texture>OSD4x.png</texture>
                    <visible>Player.Forwarding4x</visible>
                </control>
                <control type="image">
                    <left>60</left>
                    <top>6</top>
                    <width>60</width>
                    <height>60</height>
                    <texture>OSD8x.png</texture>
                    <visible>Player.Forwarding8x</visible>
                </control>
                <control type="image">
                    <left>64</left>
                    <top>6</top>
                    <width>60</width>
                    <height>60</height>
                    <texture>OSD16x.png</texture>
                    <visible>Player.Forwarding16x</visible>
                </control>
                <control type="image">
                    <left>68</left>
                    <top>6</top>
                    <width>60</width>
                    <height>60</height>
                    <texture>OSD32x.png</texture>
                    <visible>Player.Forwarding32x</visible>
                </control>
            </control>
            <control type="label">
                <description>Playing Label</description>
                <left>30</left>
                <top>10</top>
                <width>360</width>
                <height>30</height>
                <align>left</align>
                <aligny>center</aligny>
                <font>font10_title</font>
                <textcolor>blue</textcolor>
                <label>$LOCALIZE[31042]</label>
                <visible>Player.Playing + !Player.Seeking + !Player.DisplayAfterSeek</visible>
            </control>
            <control type="label">
                <description>Paused Label</description>
                <left>30</left>
                <top>10</top>
                <width>360</width>
                <height>30</height>
                <align>left</align>
                <aligny>center</aligny>
                <font>font10_title</font>
                <textcolor>blue</textcolor>
                <label>31043</label>
                <visible>[Player.Paused + !Player.Caching] + !Player.Seeking + !Player.DisplayAfterSeek</visible>
            </control>
            <control type="label">
                <description>Cache Label</description>
                <left>30</left>
                <top>10</top>
                <width>360</width>
                <height>30</height>
                <align>left</align>
                <aligny>center</aligny>
                <font>font10_title</font>
                <textcolor>blue</textcolor>
                <label>$LOCALIZE[15107] $INFO[Player.CacheLevel]%</label>
                <visible>[Player.Paused + Player.Caching] + !Player.Seeking</visible>
            </control>
            <control type="label">
                <description>Seeking Label</description>
                <left>30</left>
                <top>10</top>
                <width>360</width>
                <height>30</height>
                <align>left</align>
                <aligny>center</aligny>
                <font>font10_title</font>
                <textcolor>blue</textcolor>
                <label>$LOCALIZE[31046]</label>
                <visible>Player.Seeking</visible>
            </control>
            <control type="label">
                <description>Final Seek amount Label</description>
                <left>30</left>
                <top>10</top>
                <width>360</width>
                <height>30</height>
                <align>left</align>
                <aligny>center</aligny>
                <font>font10_title</font>
                <textcolor>blue</textcolor>
                <label>$LOCALIZE[31046][COLOR=grey] $INFO[Player.SeekOffset][/COLOR]</label>
                <visible>Player.DisplayAfterSeek + ![player.forwarding | player.rewinding]</visible>
            </control>
            <control type="label">
                <description>FF Label</description>
                <left>30</left>
                <top>10</top>
                <width>360</width>
                <height>30</height>
                <align>left</align>
                <aligny>center</aligny>
                <font>font10_title</font>
                <textcolor>blue</textcolor>
                <label>31044</label>
                <visible>Player.Forwarding</visible>
            </control>
            <control type="label">
                <description>RW Label</description>
                <left>30</left>
                <top>10</top>
                <width>360</width>
                <height>30</height>
                <align>left</align>
                <aligny>center</aligny>
                <font>font10_title</font>
                <textcolor>blue</textcolor>
                <label>31045</label>
                <visible>Player.Rewinding</visible>
            </control>
            <control type="label">
                <description>Elapsed Time Label</description>
                <left>30</left>
                <top>34</top>
                <width>360</width>
                <height>30</height>
                <font>font13_title</font>
                <textcolor>white</textcolor>
                <align>left</align>
                <aligny>center</aligny>
                <label>$INFO[Player.Time] - $INFO[Player.Duration]</label>
                <visible>!Player.Seeking</visible>
            </control>
            <control type="label">
                <description>Seek Time Label</description>
                <left>30</left>
                <top>34</top>
                <width>360</width>
                <height>30</height>
                <font>font13_title</font>
                <textcolor>white</textcolor>
                <align>left</align>
                <aligny>center</aligny>
                <label>$INFO[Player.SeekTime] - $INFO[Player.Duration]</label>
                <visible>Player.Seeking</visible>
            </control>
            <control type="progress">
                <description>ProgressbarCache</description>
                <left>30</left>
                <top>68</top>
                <width>360</width>
                <height>22</height>
                <info>Player.ProgressCache</info>
                <midtexture border="6,0,6,0">OSDProgressMidLight.png</midtexture>
                <visible>true</visible>
            </control>
            <control type="progress" id="23">
                <description>Progressbar</description>
                <left>30</left>
                <top>68</top>
                <width>360</width>
                <height>22</height>
                <info>Player.Progress</info>
                <visible>true</visible>
            </control>
            <control type="slider" id="401">
                <description>Seek Slider</description>
                <left>30</left>
                <top>63</top>
                <width>360</width>
                <height>18</height>
                <texturesliderbar>seekslider.png</texturesliderbar>
                <textureslidernib>osd_slider_nib.png</textureslidernib>
                <textureslidernibfocus>osd_slider_nib.png</textureslidernibfocus>
                <visible>Player.Seeking</visible>
            </control>
        </control>
    </controls>
</window>
