<?xml version="1.0" encoding="UTF-8"?>
<window>
    <defaultcontrol always="true">10</defaultcontrol>
    <coordinates>
        <system>1</system>
        <left>412</left>
        <top>45</top>
    </coordinates>
    <include>dialogeffect</include>
    <controls>
        <control type="image">
            <description>background image</description>
            <left>0</left>
            <top>0</top>
            <width>1095</width>
            <height>990</height>
            <texture border="40">DialogBack2.png</texture>
            <visible>Window.IsVisible(FullscreenVideo) | Window.IsVisible(Visualisation)</visible>
        </control>
        <control type="image">
            <description>background image</description>
            <left>0</left>
            <top>0</top>
            <width>1095</width>
            <height>990</height>
            <texture border="40">DialogBack.png</texture>
            <visible>![Window.IsVisible(FullscreenVideo) | Window.IsVisible(Visualisation)]</visible>
        </control>
        <control type="image">
            <description>Dialog Header image</description>
            <left>60</left>
            <top>24</top>
            <width>975</width>
            <height>60</height>
            <texture>dialogheader.png</texture>
        </control>
        <control type="label">
            <description>header label</description>
            <left>60</left>
            <top>30</top>
            <width>975</width>
            <height>45</height>
            <font>font13_title</font>
            <label>$LOCALIZE[19053]</label>
            <align>center</align>
            <aligny>center</aligny>
            <textcolor>selected</textcolor>
            <shadowcolor>black</shadowcolor>
        </control>
        <control type="button">
            <description>Close Window button</description>
            <left>960</left>
            <top>22</top>
            <width>96</width>
            <height>48</height>
            <label>-</label>
            <font>-</font>
            <onclick>PreviousMenu</onclick>
            <texturefocus>DialogCloseButton-focus.png</texturefocus>
            <texturenofocus>DialogCloseButton.png</texturenofocus>
            <onleft>10</onleft>
            <onright>10</onright>
            <onup>10</onup>
            <ondown>10</ondown>
            <visible>system.getbool(input.enablemouse)</visible>
        </control>
        <control type="label">
            <description>Title label</description>
            <left>60</left>
            <top>105</top>
            <width>975</width>
            <height>45</height>
            <font>font13_title</font>
            <label>$INFO[ListItem.Title]</label>
            <align>center</align>
            <aligny>center</aligny>
            <textcolor>blue</textcolor>
            <shadowcolor>black</shadowcolor>
        </control>
        <control type="group">
            <left>60</left>
            <top>210</top>
            <control type="label">
                <description>Start Date</description>
                <left>15</left>
                <top>0</top>
                <width>240</width>
                <height>38</height>
                <align>right</align>
                <aligny>center</aligny>
                <font>font13</font>
                <textcolor>blue</textcolor>
                <label>$LOCALIZE[552]:</label>
            </control>
            <control type="label">
                <description>Start date value</description>
                <left>270</left>
                <top>0</top>
                <width>705</width>
                <height>38</height>
                <align>left</align>
                <aligny>center</aligny>
                <font>font13</font>
                <textcolor>white</textcolor>
                <label>$INFO[ListItem.StartDate]</label>
            </control>
            <control type="label">
                <description>Start time</description>
                <left>15</left>
                <top>52</top>
                <width>240</width>
                <height>38</height>
                <align>right</align>
                <aligny>center</aligny>
                <font>font13</font>
                <textcolor>blue</textcolor>
                <label>$LOCALIZE[142]</label>
            </control>
            <control type="label">
                <description>Start Time value</description>
                <left>270</left>
                <top>52</top>
                <width>705</width>
                <height>38</height>
                <align>left</align>
                <aligny>center</aligny>
                <font>font13</font>
                <textcolor>white</textcolor>
                <label>$INFO[ListItem.StartTime]</label>
            </control>
            <control type="label">
                <description>Channel Name</description>
                <left>15</left>
                <top>105</top>
                <width>240</width>
                <height>38</height>
                <align>right</align>
                <aligny>center</aligny>
                <font>font13</font>
                <textcolor>blue</textcolor>
                <label>$LOCALIZE[19148]:</label>
            </control>
            <control type="fadelabel">
                <description>Channel Value</description>
                <left>270</left>
                <top>105</top>
                <width>705</width>
                <height>38</height>
                <align>left</align>
                <aligny>center</aligny>
                <font>font13</font>
                <textcolor>white</textcolor>
                <label>$INFO[ListItem.ChannelName]</label>
            </control>
            <control type="label">
                <description>Duration</description>
                <left>15</left>
                <top>158</top>
                <width>240</width>
                <height>38</height>
                <align>right</align>
                <aligny>center</aligny>
                <font>font13</font>
                <textcolor>blue</textcolor>
                <label>$LOCALIZE[180]:</label>
            </control>
            <control type="label">
                <description>Duration value</description>
                <left>270</left>
                <top>158</top>
                <width>705</width>
                <label>$INFO[ListItem.Duration]</label>
                <align>left</align>
                <font>font13</font>
                <scroll>true</scroll>
            </control>
            <control type="label">
                <description>Genre</description>
                <left>15</left>
                <top>210</top>
                <width>240</width>
                <height>38</height>
                <align>right</align>
                <aligny>center</aligny>
                <font>font13</font>
                <textcolor>blue</textcolor>
                <label>$LOCALIZE[135]:</label>
            </control>
            <control type="label">
                <description>Genre value</description>
                <left>270</left>
                <top>210</top>
                <width>705</width>
                <label fallback="161">$INFO[ListItem.Genre]</label>
                <align>left</align>
                <font>font13</font>
                <scroll>true</scroll>
            </control>
            <control type="label">
                <description>Subtitle value</description>
                <left>60</left>
                <top>278</top>
                <width>975</width>
                <label>$INFO[ListItem.PlotOutline]</label>
                <align>center</align>
                <font>font13</font>
                <textcolor>blue</textcolor>
                <scroll>true</scroll>
                <visible>!IsEmpty(ListItem.PlotOutline)</visible>
            </control>
        </control>
        <control type="label">
            <left>315</left>
            <top>555</top>
            <width>600</width>
            <height>45</height>
            <font>font12</font>
            <textcolor>grey</textcolor>
            <shadowcolor>black</shadowcolor>
            <scroll>true</scroll>
            <align>right</align>
            <aligny>center</aligny>
            <label>[COLOR=blue]$LOCALIZE[207][/COLOR]$INFO[Container(400).CurrentPage, ( $LOCALIZE[31024] ]$INFO[Container(400).NumPages,/, )]</label>
        </control>
        <control type="spincontrol" id="60">
            <description>Next page button</description>
            <left>930</left>
            <top>562</top>
            <subtype>page</subtype>
            <font>-</font>
            <onleft>60</onleft>
            <onright>60</onright>
            <ondown>9000</ondown>
            <onup>9000</onup>
            <textcolor>-</textcolor>
            <showonepage>true</showonepage>
        </control>
        <control type="textbox" id="400">
            <description>PLOT</description>
            <left>60</left>
            <top>600</top>
            <width>975</width>
            <height>270</height>
            <font>font13</font>
            <align>justify</align>
            <pagecontrol>60</pagecontrol>
            <label fallback="161">$INFO[ListItem.Plot]</label>
        </control>
        <control type="grouplist" id="9000">
            <left>60</left>
            <top>885</top>
            <width>960</width>
            <height>60</height>
            <itemgap>8</itemgap>
            <align>center</align>
            <orientation>horizontal</orientation>
            <onleft>9000</onleft>
            <onright>9000</onright>
            <onup>60</onup>
            <ondown>60</ondown>
            <control type="button" id="10">
                <description>OK</description>
                <include>ButtonInfoDialogsCommonValues</include>
                <label>186</label>
            </control>
        </control>
    </controls>
</window>
