<?xml version="1.0" encoding="UTF-8"?>
<window>
    <defaultcontrol>29</defaultcontrol>
    <coordinates>
        <system>1</system>
        <left>412</left>
        <top>45</top>
    </coordinates>
    <include>dialogeffect</include>
    <controls>
        <control type="image">
            <description>background image</description>
            <left>0</left>
            <top>0</top>
            <width>1095</width>
            <height>990</height>
            <texture border="40">DialogBack.png</texture>
        </control>
        <control type="image">
            <description>Dialog Header image</description>
            <left>60</left>
            <top>24</top>
            <width>975</width>
            <height>60</height>
            <texture>dialogheader.png</texture>
        </control>
        <control type="label" id="2">
            <description>header label</description>
            <left>60</left>
            <top>30</top>
            <width>975</width>
            <height>45</height>
            <font>font13_title</font>
            <label>-</label>
            <align>center</align>
            <aligny>center</aligny>
            <textcolor>selected</textcolor>
            <shadowcolor>black</shadowcolor>
        </control>
        <control type="button">
            <description>Close Window button</description>
            <left>960</left>
            <top>22</top>
            <width>96</width>
            <height>48</height>
            <label>-</label>
            <font>-</font>
            <onclick>PreviousMenu</onclick>
            <texturefocus>DialogCloseButton-focus.png</texturefocus>
            <texturenofocus>DialogCloseButton.png</texturenofocus>
            <onleft>10</onleft>
            <onright>10</onright>
            <onup>10</onup>
            <ondown>10</ondown>
            <visible>system.getbool(input.enablemouse)</visible>
        </control>
        <control type="grouplist" id="5">
            <description>control area</description>
            <left>45</left>
            <top>105</top>
            <width>1005</width>
            <height>765</height>
            <itemgap>8</itemgap>
            <onup>9001</onup>
            <ondown>9001</ondown>
            <onleft>9001</onleft>
            <onright>9001</onright>
        </control>
        <control type="group" id="9001">
            <left>240</left>
            <top>885</top>
            <control type="button" id="28">
                <description>OK Button</description>
                <left>0</left>
                <top>0</top>
                <width>300</width>
                <height>60</height>
                <align>center</align>
                <aligny>center</aligny>
                <font>font12_title</font>
                <label>186</label>
                <onleft>29</onleft>
                <onright>29</onright>
                <onup>5</onup>
                <ondown>5</ondown>
            </control>
            <control type="button" id="29">
                <description>Cancel Button</description>
                <left>315</left>
                <top>0</top>
                <width>300</width>
                <height>60</height>
                <align>center</align>
                <aligny>center</aligny>
                <font>font12_title</font>
                <label>222</label>
                <onleft>28</onleft>
                <onright>28</onright>
                <onup>5</onup>
                <ondown>5</ondown>
            </control>
        </control>
        <control type="button" id="7">
            <description>Default Button</description>
            <height>60</height>
            <font>font13</font>
            <textcolor>grey2</textcolor>
            <focusedcolor>white</focusedcolor>
            <texturefocus border="5">button-focus2.png</texturefocus>
            <texturenofocus border="5">button-nofocus.png</texturenofocus>
        </control>
        <control type="radiobutton" id="8">
            <description>Default RadioButton</description>
            <height>60</height>
            <font>font13</font>
            <textcolor>grey2</textcolor>
            <focusedcolor>white</focusedcolor>
            <texturefocus border="5">button-focus2.png</texturefocus>
            <texturenofocus border="5">button-nofocus.png</texturenofocus>
        </control>
        <control type="spincontrolex" id="9">
            <description>Default spincontrolex</description>
            <height>60</height>
            <textcolor>grey2</textcolor>
            <focusedcolor>white</focusedcolor>
            <texturefocus border="5">button-focus2.png</texturefocus>
            <texturenofocus border="5">button-nofocus.png</texturenofocus>
            <font>font13</font>
            <aligny>center</aligny>
            <reverse>yes</reverse>
        </control>
        <control type="sliderex" id="13">
            <description>Default Slider</description>
            <height>60</height>
            <texturefocus border="5">button-focus2.png</texturefocus>
            <texturenofocus border="5">button-nofocus.png</texturenofocus>
            <font>font13</font>
            <textcolor>grey2</textcolor>
            <focusedcolor>white</focusedcolor>
        </control>
        <control type="image" id="11">
            <description>Default Seperator</description>
            <height>3</height>
            <texture>separator2.png</texture>
        </control>
        <control type="edit" id="12">
            <description>Default Edit</description>
            <height>60</height>
            <font>font13</font>
            <textcolor>grey2</textcolor>
            <focusedcolor>white</focusedcolor>
            <texturefocus border="5">button-focus2.png</texturefocus>
            <texturenofocus border="5">button-nofocus.png</texturenofocus>
        </control>
    </controls>
</window>
