<?xml version="1.0" encoding="UTF-8"?>
<window type="dialog">
    <animation effect="slide" start="0,-60" end="0,0" time="100">WindowOpen</animation>
    <animation effect="slide" start="0,0" end="0,-60" delay="400" time="100">WindowClose</animation>
    <controls>
        <control type="group">
            <left>150</left>
            <top>0</top>
            <control type="image">
                <left>0</left>
                <top>-15</top>
                <width>555</width>
                <height>105</height>
                <texture flipy="true" border="20,20,20,2">InfoMessagePanel.png</texture>
            </control>
            <control type="label" id="401">
                <description>Song Number Label</description>
                <left>22</left>
                <top>3</top>
                <width>510</width>
                <height>38</height>
                <font>font13_title</font>
                <textcolor>selected</textcolor>
                <align>left</align>
                <aligny>center</aligny>
            </control>
            <control type="label" id="402">
                <description>Song Name Label</description>
                <left>22</left>
                <top>40</top>
                <width>510</width>
                <height>30</height>
                <font>font13</font>
                <textcolor>blue</textcolor>
                <align>left</align>
                <aligny>center</aligny>
            </control>
        </control>
    </controls>
</window>
