<?xml version="1.0" encoding="UTF-8"?>
<window>
    <defaultcontrol>-</defaultcontrol>
    <include>dialogeffect</include>
    <coordinates>
        <system>0</system>
        <left>0</left>
        <top>0</top>
    </coordinates>
    <controls>
        <control type="image">
            <left>75r</left>
            <top>3</top>
            <width>68</width>
            <height>68</height>
            <aspectratio>keep</aspectratio>
            <texture>icon-mute.png</texture>
        </control>
    </controls>
</window>
