<?xml version="1.0" encoding="UTF-8"?>
<window type="dialog">
    <zorder>1</zorder>
    <defaultcontrol always="true">3</defaultcontrol>
    <coordinates>
        <system>1</system>
        <left>322</left>
        <top>52</top>
    </coordinates>
    <include>dialogeffect</include>
    <controls>
        <control type="group">
            <animation effect="slide" start="0,0" end="0,90" time="0" condition="Control.IsVisible(3) + !Control.IsVisible(5) + !IntegerGreaterThan(Container(3).NumItems,4)">Conditional</animation>
            <animation effect="slide" start="0,0" end="0,90" time="0" condition="Control.IsVisible(3) + !Control.IsVisible(5) + !IntegerGreaterThan(Container(3).NumItems,6)">Conditional</animation>
            <animation effect="slide" start="0,0" end="0,90" time="0" condition="Control.IsVisible(3) + !Control.IsVisible(5) + !IntegerGreaterThan(Container(3).NumItems,8)">Conditional</animation>
            <control type="group">
                <visible>Control.IsVisible(5)</visible>
                <control type="image">
                    <description>background image</description>
                    <left>0</left>
                    <top>0</top>
                    <width>1275</width>
                    <height>945</height>
                    <texture border="40">$VAR[SelectBack]</texture>
                </control>
                <control type="image">
                    <description>Dialog Header image</description>
                    <left>60</left>
                    <top>24</top>
                    <width>1155</width>
                    <height>60</height>
                    <texture>dialogheader.png</texture>
                </control>
                <control type="label" id="1">
                    <description>header label</description>
                    <left>60</left>
                    <top>30</top>
                    <width>1155</width>
                    <height>45</height>
                    <font>font13_title</font>
                    <label>$LOCALIZE[13406]</label>
                    <align>center</align>
                    <aligny>center</aligny>
                    <textcolor>selected</textcolor>
                    <shadowcolor>black</shadowcolor>
                </control>
            </control>
            <control type="group">
                <left>180</left>
                <visible>!Control.IsVisible(5)</visible>
                <control type="image">
                    <description>background image</description>
                    <left>0</left>
                    <top>0</top>
                    <width>915</width>
                    <height>945</height>
                    <texture border="40">$VAR[SelectBack]</texture>
                    <visible>[Control.IsVisible(3) + IntegerGreaterThan(Container(3).NumItems,8)] | Control.IsVisible(6)</visible>
                </control>
                <control type="image">
                    <description>background image</description>
                    <left>0</left>
                    <top>0</top>
                    <width>915</width>
                    <height>825</height>
                    <texture border="40">$VAR[SelectBack]</texture>
                    <visible>Control.IsVisible(3) + IntegerGreaterThan(Container(3).NumItems,6) + !IntegerGreaterThan(Container(3).NumItems,8)</visible>
                </control>
                <control type="image">
                    <description>background image</description>
                    <left>0</left>
                    <top>0</top>
                    <width>915</width>
                    <height>555</height>
                    <texture border="40">$VAR[SelectBack]</texture>
                    <visible>Control.IsVisible(3) + IntegerGreaterThan(Container(3).NumItems,4) + !IntegerGreaterThan(Container(3).NumItems,6)</visible>
                </control>
                <control type="image">
                    <description>background image</description>
                    <left>0</left>
                    <top>0</top>
                    <width>915</width>
                    <height>420</height>
                    <texture border="40">$VAR[SelectBack]</texture>
                    <visible>Control.IsVisible(3) + !IntegerGreaterThan(Container(3).NumItems,4)</visible>
                </control>
                <control type="image">
                    <description>Dialog Header image</description>
                    <left>60</left>
                    <top>24</top>
                    <width>795</width>
                    <height>60</height>
                    <texture>dialogheader.png</texture>
                </control>
                <control type="label" id="1">
                    <description>header label</description>
                    <left>60</left>
                    <top>30</top>
                    <width>795</width>
                    <height>45</height>
                    <font>font13_title</font>
                    <label>$LOCALIZE[13406]</label>
                    <align>center</align>
                    <aligny>center</aligny>
                    <textcolor>selected</textcolor>
                    <shadowcolor>black</shadowcolor>
                </control>
            </control>
            <control type="button">
                <description>Close Window button</description>
                <left>1140</left>
                <top>22</top>
                <width>96</width>
                <height>48</height>
                <label>-</label>
                <font>-</font>
                <onclick>PreviousMenu</onclick>
                <texturefocus>DialogCloseButton-focus.png</texturefocus>
                <texturenofocus>DialogCloseButton.png</texturenofocus>
                <onleft>10</onleft>
                <onright>10</onright>
                <onup>10</onup>
                <ondown>10</ondown>
                <animation effect="slide" end="-180,0" time="0" condition="!Control.IsVisible(5)">Conditional</animation>
                <visible>system.getbool(input.enablemouse)</visible>
            </control>
            <control type="list" id="3">
                <left>30</left>
                <top>100</top>
                <width>825</width>
                <height>759</height>
                <onup>3</onup>
                <ondown>3</ondown>
                <onleft>5</onleft>
                <onright>61</onright>
                <pagecontrol>61</pagecontrol>
                <scrolltime>200</scrolltime>
                <animation effect="slide" start="0,0" end="15,0" time="0" condition="!Control.IsVisible(61)">Conditional</animation>
                <animation effect="slide" end="180,0" time="0" condition="!Control.IsVisible(5)">Conditional</animation>
                <itemlayout height="69" width="825">
                    <control type="image">
                        <left>0</left>
                        <top>0</top>
                        <width>825</width>
                        <height>60</height>
                        <texture border="5">button-nofocus.png</texture>
                    </control>
                    <control type="label">
                        <left>30</left>
                        <top>0</top>
                        <width>765</width>
                        <height>60</height>
                        <font>font13</font>
                        <textcolor>grey2</textcolor>
                        <selectedcolor>selected</selectedcolor>
                        <align>left</align>
                        <aligny>center</aligny>
                        <label>$INFO[ListItem.Label]</label>
                    </control>
                </itemlayout>
                <focusedlayout height="69" width="825">
                    <control type="image">
                        <left>0</left>
                        <top>0</top>
                        <width>825</width>
                        <height>60</height>
                        <texture border="5">button-nofocus.png</texture>
                        <visible>!Control.HasFocus(3)</visible>
                        <include>VisibleFadeEffect</include>
                    </control>
                    <control type="image">
                        <left>0</left>
                        <top>0</top>
                        <width>825</width>
                        <height>60</height>
                        <texture border="5">button-focus2.png</texture>
                        <visible>Control.HasFocus(3)</visible>
                        <include>VisibleFadeEffect</include>
                    </control>
                    <control type="label">
                        <left>30</left>
                        <top>0</top>
                        <width>765</width>
                        <height>60</height>
                        <font>font13</font>
                        <textcolor>white</textcolor>
                        <selectedcolor>selected</selectedcolor>
                        <align>left</align>
                        <aligny>center</aligny>
                        <label>$INFO[ListItem.Label]</label>
                    </control>
                </focusedlayout>
            </control>
            <control type="list" id="6">
                <left>30</left>
                <top>98</top>
                <width>825</width>
                <height>765</height>
                <onup>6</onup>
                <ondown>6</ondown>
                <onleft>5</onleft>
                <onright>61</onright>
                <pagecontrol>61</pagecontrol>
                <scrolltime>200</scrolltime>
                <animation effect="slide" start="0,0" end="15,0" time="0" condition="!Control.IsVisible(61)">Conditional</animation>
                <animation effect="slide" end="180,0" time="0" condition="!Control.IsVisible(5)">Conditional</animation>
                <itemlayout height="128" width="825">
                    <control type="image">
                        <left>0</left>
                        <top>0</top>
                        <width>825</width>
                        <height>120</height>
                        <texture border="5">button-nofocus.png</texture>
                    </control>
                    <control type="image">
                        <left>3</left>
                        <top>3</top>
                        <width>120</width>
                        <height>114</height>
                        <texture>$INFO[Listitem.Icon]</texture>
                        <aspectratio>keep</aspectratio>
                        <bordertexture border="3">black-back2.png</bordertexture>
                        <bordersize>2</bordersize>
                    </control>
                    <control type="label">
                        <left>135</left>
                        <top>0</top>
                        <width>675</width>
                        <height>45</height>
                        <font>font13</font>
                        <textcolor>grey</textcolor>
                        <selectedcolor>selected</selectedcolor>
                        <align>left</align>
                        <aligny>center</aligny>
                        <label>[B]$INFO[ListItem.Label][/B]</label>
                    </control>
                    <control type="textbox">
                        <left>135</left>
                        <top>45</top>
                        <width>675</width>
                        <height>75</height>
                        <font>font12</font>
                        <textcolor>grey</textcolor>
                        <selectedcolor>selected</selectedcolor>
                        <align>left</align>
                        <label>$INFO[ListItem.Property(Addon.Summary)]</label>
                    </control>
                </itemlayout>
                <focusedlayout height="128" width="825">
                    <control type="image">
                        <left>0</left>
                        <top>0</top>
                        <width>825</width>
                        <height>120</height>
                        <texture border="5">button-nofocus.png</texture>
                        <visible>!Control.HasFocus(6)</visible>
                        <include>VisibleFadeEffect</include>
                    </control>
                    <control type="image">
                        <left>0</left>
                        <top>0</top>
                        <width>825</width>
                        <height>120</height>
                        <texture border="5">button-focus2.png</texture>
                        <visible>Control.HasFocus(6)</visible>
                        <include>VisibleFadeEffect</include>
                    </control>
                    <control type="image">
                        <left>3</left>
                        <top>3</top>
                        <width>120</width>
                        <height>114</height>
                        <texture>$INFO[Listitem.Icon]</texture>
                        <aspectratio>keep</aspectratio>
                        <bordertexture border="3">black-back2.png</bordertexture>
                        <bordersize>2</bordersize>
                    </control>
                    <control type="label">
                        <left>135</left>
                        <top>0</top>
                        <width>675</width>
                        <height>45</height>
                        <font>font13</font>
                        <textcolor>white</textcolor>
                        <selectedcolor>selected</selectedcolor>
                        <align>left</align>
                        <aligny>center</aligny>
                        <label>[B]$INFO[ListItem.Label][/B]</label>
                    </control>
                    <control type="textbox">
                        <left>135</left>
                        <top>45</top>
                        <width>675</width>
                        <height>75</height>
                        <font>font12</font>
                        <textcolor>grey</textcolor>
                        <selectedcolor>selected</selectedcolor>
                        <align>left</align>
                        <label>$INFO[ListItem.Property(Addon.Summary)]</label>
                    </control>
                </focusedlayout>
            </control>
            <control type="scrollbar" id="61">
                <left>855</left>
                <top>98</top>
                <width>38</width>
                <height>765</height>
                <texturesliderbackground border="0,14,0,14">ScrollBarV.png</texturesliderbackground>
                <texturesliderbar border="0,14,0,14">ScrollBarV_bar.png</texturesliderbar>
                <texturesliderbarfocus border="0,14,0,14">ScrollBarV_bar_focus.png</texturesliderbarfocus>
                <textureslidernib>ScrollBarNib.png</textureslidernib>
                <textureslidernibfocus>ScrollBarNib.png</textureslidernibfocus>
                <onleft>3</onleft>
                <onright>5</onright>
                <ondown>61</ondown>
                <onup>61</onup>
                <showonepage>false</showonepage>
                <orientation>vertical</orientation>
                <animation effect="slide" end="180,0" time="0" condition="!Control.IsVisible(5)">Conditional</animation>
            </control>
            <control type="label">
                <description>number of files/pages in list text label</description>
                <left>412</left>
                <top>858</top>
                <width>825</width>
                <height>52</height>
                <font>font12</font>
                <align>right</align>
                <aligny>center</aligny>
                <scroll>true</scroll>
                <textcolor>grey</textcolor>
                <label>([COLOR=blue]$INFO[Container(3).NumItems][/COLOR]) $LOCALIZE[31025] - $LOCALIZE[31024] ([COLOR=blue]$INFO[Container(3).CurrentPage]/$INFO[Container(3).NumPages][/COLOR])</label>
                <animation effect="slide" end="-180,0" time="0" condition="!Control.IsVisible(5)">Conditional</animation>
                <visible>IntegerGreaterThan(Container(3).NumItems,8)</visible>
            </control>
            <control type="label">
                <description>number of files/pages in list text label</description>
                <left>412</left>
                <top>858</top>
                <width>825</width>
                <height>52</height>
                <font>font12</font>
                <align>right</align>
                <aligny>center</aligny>
                <scroll>true</scroll>
                <textcolor>grey</textcolor>
                <label>([COLOR=blue]$INFO[Container(6).NumItems][/COLOR]) $LOCALIZE[31025] - $LOCALIZE[31024] ([COLOR=blue]$INFO[Container(6).CurrentPage]/$INFO[Container(6).NumPages][/COLOR])</label>
                <wrapmultiline>true</wrapmultiline>
                <animation effect="slide" end="-180,0" time="0" condition="!Control.IsVisible(5)">Conditional</animation>
                <visible>IntegerGreaterThan(Container(6).NumItems,8)</visible>
            </control>
            <control type="button" id="5">
                <description>Manual button</description>
                <left>922</left>
                <top>160</top>
                <width>300</width>
                <height>60</height>
                <label>186</label>
                <font>font12_title</font>
                <textcolor>white</textcolor>
                <focusedcolor>white</focusedcolor>
                <align>center</align>
                <onleft>3</onleft>
                <onright>3</onright>
            </control>
            <control type="group">
                <left>915</left>
                <top>480</top>
                <visible>Control.IsVisible(6) + Control.IsVisible(5)</visible>
                <control type="image">
                    <left>0</left>
                    <top>0</top>
                    <width>315</width>
                    <height>315</height>
                    <texture border="5">button-nofocus.png</texture>
                </control>
                <control type="image">
                    <left>8</left>
                    <top>8</top>
                    <width>300</width>
                    <height>300</height>
                    <aspectratio>keep</aspectratio>
                    <texture background="true">$INFO[Container(6).ListItem.Icon]</texture>
                </control>
            </control>
        </control>
    </controls>
</window>
