<?xml version="1.0" encoding="UTF-8"?>
<window>
    <defaultcontrol always="true">50</defaultcontrol>
    <allowoverlay>no</allowoverlay>
    <onload condition="!Skin.HasSetting(FirstTimeRun)">ActivateWindow(1112)</onload>
    <controls>
        <include>CommonBackground</include>
        <control type="multiimage">
            <left>0</left>
            <top>0</top>
            <width>1920</width>
            <height>1080</height>
            <imagepath background="true">$INFO[Skin.String(WeatherFanartDir)]$INFO[Window(Weather).Property(Current.FanartCode)]</imagepath>
            <timeperimage>10000</timeperimage>
            <randomize>true</randomize>
            <fadetime>1000</fadetime>
            <include>VisibleFadeEffect</include>
            <visible>Skin.HasSetting(ShowWeatherFanart) + !IsEmpty(Skin.String(WeatherFanartDir))</visible>
            <animation effect="fade" time="200">WindowClose</animation>
        </control>
        <control type="image">
            <description>Section header image</description>
            <left>30</left>
            <top>4</top>
            <width>52</width>
            <height>52</height>
            <aspectratio>keep</aspectratio>
            <texture>icon_weather.png</texture>
        </control>
        <control type="grouplist">
            <left>98</left>
            <top>8</top>
            <width>1500</width>
            <height>45</height>
            <orientation>horizontal</orientation>
            <align>left</align>
            <itemgap>8</itemgap>
            <control type="label">
                <include>WindowTitleCommons</include>
                <label>$LOCALIZE[8]</label>
            </control>
        </control>
        <control type="image">
            <left>0</left>
            <top>150r</top>
            <width>1920</width>
            <height>150</height>
            <texture>floor.png</texture>
            <include>VisibleFadeEffect</include>
            <animation effect="slide" start="0,15" end="0,0" time="200" condition="Window.Previous(Home)">WindowOpen</animation>
            <animation effect="slide" start="0,0" end="0,15" time="200" condition="Window.Next(Home)">WindowClose</animation>
        </control>
        <control type="group">
            <animation type="WindowOpen" reversible="false">
                <effect type="zoom" start="80" end="100" center="960,540" easing="out" tween="back" time="300" />
                <effect type="fade" start="0" end="100" time="300" />
            </animation>
            <animation type="WindowClose" reversible="false">
                <effect type="zoom" start="100" end="80" center="960,540" easing="in" tween="back" time="300" />
                <effect type="fade" start="100" end="0" time="300" />
            </animation>
            <include>VisibleFadeEffect</include>
            <control type="group">
                <left>90</left>
                <top>60</top>
                <control type="image">
                    <left>0</left>
                    <top>0</top>
                    <width>750</width>
                    <height>930</height>
                    <texture border="20">ContentPanel.png</texture>
                </control>
                <control type="image">
                    <left>0</left>
                    <top>918</top>
                    <width>750</width>
                    <height>96</height>
                    <texture border="10">ContentPanelMirror.png</texture>
                </control>
                <control type="image">
                    <left>12</left>
                    <top>8</top>
                    <width>726</width>
                    <height>68</height>
                    <texture>dialogheader.png</texture>
                </control>
                <control type="label">
                    <description>header label</description>
                    <left>30</left>
                    <top>22</top>
                    <width>690</width>
                    <height>45</height>
                    <font>font13_title</font>
                    <label>31300</label>
                    <align>center</align>
                    <aligny>center</aligny>
                    <textcolor>white</textcolor>
                    <shadowcolor>black</shadowcolor>
                </control>
                <control type="image">
                    <left>45</left>
                    <top>82</top>
                    <width>660</width>
                    <height>69</height>
                    <aspectratio align="center" aligny="center">keep</aspectratio>
                    <texture>$INFO[Window.Property(WeatherProviderLogo)]</texture>
                </control>
                <control type="label">
                    <description>Provider Text</description>
                    <left>30</left>
                    <top>90</top>
                    <width>690</width>
                    <height>52</height>
                    <font>font12</font>
                    <textcolor>white</textcolor>
                    <scroll>true</scroll>
                    <align>center</align>
                    <aligny>center</aligny>
                    <label>$LOCALIZE[31303] : [COLOR=orange]$INFO[Window.Property(WeatherProvider)][/COLOR]</label>
                    <include>Window_OpenClose_Animation</include>
                    <visible>IsEmpty(Window.Property(WeatherProviderLogo))</visible>
                </control>
                <control type="group">
                    <control type="label">
                        <description>weather location label</description>
                        <left>30</left>
                        <top>150</top>
                        <width>690</width>
                        <height>45</height>
                        <font>font13_title</font>
                        <textcolor>white</textcolor>
                        <scroll>false</scroll>
                        <align>center</align>
                        <aligny>center</aligny>
                        <label>$INFO[Window.Property(Location)]</label>
                    </control>
                    <control type="label">
                        <description>update label</description>
                        <left>30</left>
                        <top>180</top>
                        <width>690</width>
                        <height>52</height>
                        <font>font12</font>
                        <label>$LOCALIZE[31301] - $INFO[Window.Property(Updated)]</label>
                        <align>center</align>
                        <aligny>center</aligny>
                        <textcolor>grey2</textcolor>
                    </control>
                    <control type="label">
                        <description>current temp Value</description>
                        <left>22</left>
                        <top>278</top>
                        <width>270</width>
                        <height>60</height>
                        <font>WeatherTemp</font>
                        <align>right</align>
                        <aligny>top</aligny>
                        <label>$INFO[Window.Property(Current.Temperature)]</label>
                        <textcolor>white</textcolor>
                        <shadowcolor>black</shadowcolor>
                    </control>
                    <control type="label">
                        <description>current temp Value Units</description>
                        <left>300</left>
                        <top>309</top>
                        <width>150</width>
                        <height>60</height>
                        <font>font16</font>
                        <align>left</align>
                        <aligny>top</aligny>
                        <label>[B]$INFO[System.TemperatureUnits][/B]</label>
                        <textcolor>white</textcolor>
                        <shadowcolor>black</shadowcolor>
                    </control>
                    <control type="image">
                        <description>current weather icon</description>
                        <left>390</left>
                        <top>218</top>
                        <width>300</width>
                        <height>300</height>
                        <info>Window.Property(Current.ConditionIcon)</info>
                        <aspectratio>keep</aspectratio>
                    </control>
                    <control type="label">
                        <description>current condition label</description>
                        <left>30</left>
                        <top>525</top>
                        <width>690</width>
                        <height>45</height>
                        <info>Window.Property(Current.Condition)</info>
                        <wrapmultiline>true</wrapmultiline>
                        <font>font13</font>
                        <align>center</align>
                        <aligny>center</aligny>
                        <textcolor>white</textcolor>
                        <shadowcolor>black</shadowcolor>
                    </control>
                </control>
                <control type="image">
                    <left>30</left>
                    <top>585</top>
                    <width>690</width>
                    <height>6</height>
                    <texture>separator.png</texture>
                </control>
                <control type="grouplist">
                    <left>0</left>
                    <top>600</top>
                    <width>255</width>
                    <height>270</height>
                    <itemgap>0</itemgap>
                    <control type="label">
                        <description>current feels like label</description>
                        <left>0</left>
                        <top>0</top>
                        <width>255</width>
                        <height>42</height>
                        <font>font13</font>
                        <align>right</align>
                        <aligny>center</aligny>
                        <label>$LOCALIZE[402] :</label>
                        <textcolor>grey2</textcolor>
                        <shadowcolor>black</shadowcolor>
                        <visible>!IsEmpty(Window.Property(Current.FeelsLike))</visible>
                    </control>
                    <control type="label">
                        <description>current dew label</description>
                        <left>0</left>
                        <top>0</top>
                        <width>255</width>
                        <height>42</height>
                        <font>font13</font>
                        <align>right</align>
                        <aligny>center</aligny>
                        <label>$LOCALIZE[405] :</label>
                        <textcolor>grey2</textcolor>
                        <shadowcolor>black</shadowcolor>
                        <visible>!IsEmpty(Window.Property(Current.DewPoint))</visible>
                    </control>
                    <control type="label">
                        <description>current humidity label</description>
                        <left>0</left>
                        <top>0</top>
                        <width>255</width>
                        <height>42</height>
                        <font>font13</font>
                        <align>right</align>
                        <aligny>center</aligny>
                        <label>$LOCALIZE[406] :</label>
                        <textcolor>grey2</textcolor>
                        <shadowcolor>black</shadowcolor>
                        <visible>!IsEmpty(Window.Property(Current.Humidity))</visible>
                    </control>
                    <control type="label">
                        <description>current UV Index label</description>
                        <left>0</left>
                        <top>0</top>
                        <width>255</width>
                        <height>42</height>
                        <font>font13</font>
                        <align>right</align>
                        <aligny>center</aligny>
                        <label>$LOCALIZE[403] :</label>
                        <textcolor>grey2</textcolor>
                        <shadowcolor>black</shadowcolor>
                        <visible>!IsEmpty(Window.Property(Current.UVIndex))</visible>
                    </control>
                    <control type="label">
                        <description>current Precipitation label</description>
                        <left>0</left>
                        <top>0</top>
                        <width>255</width>
                        <height>42</height>
                        <font>font13</font>
                        <align>right</align>
                        <aligny>center</aligny>
                        <label>$LOCALIZE[33021] :</label>
                        <textcolor>grey2</textcolor>
                        <shadowcolor>black</shadowcolor>
                        <visible>!IsEmpty(Window.Property(Current.Precipitation))</visible>
                    </control>
                    <control type="label">
                        <description>current Wind label</description>
                        <left>0</left>
                        <top>0</top>
                        <width>255</width>
                        <height>42</height>
                        <font>font13</font>
                        <align>right</align>
                        <aligny>center</aligny>
                        <label>$LOCALIZE[404] :</label>
                        <textcolor>grey2</textcolor>
                        <shadowcolor>black</shadowcolor>
                        <visible>!IsEmpty(Window.Property(Current.Wind))</visible>
                    </control>
                </control>
                <control type="grouplist">
                    <left>278</left>
                    <top>600</top>
                    <width>450</width>
                    <height>270</height>
                    <itemgap>0</itemgap>
                    <control type="label">
                        <description>current feels like Value</description>
                        <left>0</left>
                        <top>0</top>
                        <width>450</width>
                        <height>42</height>
                        <font>font13</font>
                        <align>left</align>
                        <aligny>center</aligny>
                        <label>$INFO[Window.Property(Current.FeelsLike)]$INFO[System.TemperatureUnits]</label>
                        <textcolor>white</textcolor>
                        <shadowcolor>black</shadowcolor>
                        <visible>!IsEmpty(Window.Property(Current.FeelsLike))</visible>
                    </control>
                    <control type="label">
                        <description>current dew Value</description>
                        <left>0</left>
                        <top>0</top>
                        <width>450</width>
                        <height>42</height>
                        <font>font13</font>
                        <align>left</align>
                        <aligny>center</aligny>
                        <label>$INFO[Window.Property(Current.DewPoint)]$INFO[System.TemperatureUnits]</label>
                        <textcolor>white</textcolor>
                        <shadowcolor>black</shadowcolor>
                        <visible>!IsEmpty(Window.Property(Current.DewPoint))</visible>
                    </control>
                    <control type="label">
                        <description>current humidity Value</description>
                        <left>0</left>
                        <top>0</top>
                        <width>450</width>
                        <height>42</height>
                        <font>font13</font>
                        <align>left</align>
                        <aligny>center</aligny>
                        <info>Window.Property(Current.Humidity)</info>
                        <textcolor>white</textcolor>
                        <shadowcolor>black</shadowcolor>
                        <visible>!IsEmpty(Window.Property(Current.Humidity))</visible>
                    </control>
                    <control type="label">
                        <description>current UV Index Value</description>
                        <left>0</left>
                        <top>0</top>
                        <width>450</width>
                        <height>42</height>
                        <font>font13</font>
                        <align>left</align>
                        <aligny>center</aligny>
                        <info>Window.Property(Current.UVIndex)</info>
                        <textcolor>white</textcolor>
                        <shadowcolor>black</shadowcolor>
                        <visible>!IsEmpty(Window.Property(Current.UVIndex))</visible>
                    </control>
                    <control type="label">
                        <description>current Precipitation Value</description>
                        <left>0</left>
                        <top>0</top>
                        <width>450</width>
                        <height>42</height>
                        <font>font13</font>
                        <align>left</align>
                        <aligny>center</aligny>
                        <info>Window.Property(Current.Precipitation)</info>
                        <textcolor>white</textcolor>
                        <shadowcolor>black</shadowcolor>
                        <visible>!IsEmpty(Window.Property(Current.Precipitation))</visible>
                    </control>
                    <control type="label">
                        <description>current Wind Value</description>
                        <left>0</left>
                        <top>0</top>
                        <width>450</width>
                        <height>42</height>
                        <font>font13</font>
                        <align>left</align>
                        <aligny>center</aligny>
                        <info>Window.Property(Current.Wind)</info>
                        <textcolor>white</textcolor>
                        <shadowcolor>black</shadowcolor>
                        <visible>!IsEmpty(Window.Property(Current.Wind))</visible>
                    </control>
                </control>
                <control type="group">
                    <visible>!IsEmpty(Window.Property(Today.IsFetched))</visible>
                    <control type="label">
                        <description>Sunrise Label</description>
                        <left>45</left>
                        <top>855</top>
                        <width>450</width>
                        <height>52</height>
                        <font>font13</font>
                        <align>left</align>
                        <aligny>center</aligny>
                        <label>$LOCALIZE[33027] : [COLOR=white]$INFO[Window.Property(Today.Sunrise)][/COLOR]</label>
                        <textcolor>grey2</textcolor>
                        <shadowcolor>black</shadowcolor>
                        <visible>!IsEmpty(Window.Property(Today.Sunrise))</visible>
                    </control>
                    <control type="label">
                        <description>Sunset label</description>
                        <left>255</left>
                        <top>855</top>
                        <width>450</width>
                        <height>52</height>
                        <font>font13</font>
                        <align>right</align>
                        <aligny>center</aligny>
                        <label>$LOCALIZE[33028] : [COLOR=white]$INFO[Window.Property(Today.Sunset)][/COLOR]</label>
                        <textcolor>grey2</textcolor>
                        <shadowcolor>black</shadowcolor>
                        <visible>!IsEmpty(Window.Property(Today.Sunset))</visible>
                    </control>
                </control>
            </control>
            <control type="group">
                <left>870</left>
                <top>60</top>
                <control type="image">
                    <left>0</left>
                    <top>0</top>
                    <width>975</width>
                    <height>930</height>
                    <texture border="20">ContentPanel.png</texture>
                </control>
                <control type="image">
                    <left>0</left>
                    <top>918</top>
                    <width>975</width>
                    <height>96</height>
                    <texture border="10">ContentPanelMirror.png</texture>
                </control>
                <control type="image">
                    <left>12</left>
                    <top>8</top>
                    <width>951</width>
                    <height>68</height>
                    <texture>dialogheader.png</texture>
                </control>
                <control type="group" id="50">
                    <include>WeatherDaily</include>
                    <include>Weather36Hour</include>
                    <include>WeatherWeekend</include>
                    <include>WeatherHourly</include>
                    <include>WeatherMaps</include>
                    <include>WeatherAlerts</include>
                </control>
            </control>
        </control>
        <include>CommonNowPlaying</include>
        <include>MainWindowMouseButtons</include>
        <control type="group">
            <left>-375</left>
            <include>SideBladeLeft</include>
            <control type="grouplist" id="9000">
                <left>0</left>
                <top>90</top>
                <width>375</width>
                <height>975</height>
                <onleft>9000</onleft>
                <onright>50</onright>
                <onup>9000</onup>
                <ondown>9000</ondown>
                <onback>50</onback>
                <itemgap>0</itemgap>
                <control type="label" id="200">
                    <width>375</width>
                    <height>52</height>
                    <font>font12</font>
                    <label>31006</label>
                    <textcolor>blue</textcolor>
                    <align>center</align>
                    <aligny>center</aligny>
                </control>
                <control type="group" id="300">
                    <width>375</width>
                    <height>60</height>
                    <control type="spincontrolex" id="3">
                        <description>change location button</description>
                        <left>0</left>
                        <top>0</top>
                        <font>-</font>
                        <include>ButtonCommonValues</include>
                        <onleft>50</onleft>
                        <onright>50</onright>
                        <onup>200</onup>
                        <ondown>302</ondown>
                        <onback>50</onback>
                    </control>
                    <control type="label" id="301">
                        <left>15</left>
                        <top>0</top>
                        <width>300</width>
                        <height>60</height>
                        <font>font13</font>
                        <label>31027</label>
                        <textcolor>white</textcolor>
                        <align>left</align>
                        <aligny>center</aligny>
                    </control>
                </control>
                <control type="button" id="302">
                    <description>Daily forcast button</description>
                    <textwidth>352</textwidth>
                    <include>ButtonCommonValues</include>
                    <label>31904</label>
                    <onfocus>ClearProperty(Weather.CurrentView)</onfocus>
                    <visible>!IsEmpty(Window.Property(Daily.IsFetched))</visible>
                </control>
                <control type="button" id="303">
                    <description>36 hour forcast button</description>
                    <textwidth>352</textwidth>
                    <include>ButtonCommonValues</include>
                    <label>31901</label>
                    <onfocus>SetProperty(Weather.CurrentView,36hour)</onfocus>
                    <visible>!IsEmpty(Window.Property(36Hour.IsFetched))</visible>
                </control>
                <control type="button" id="304">
                    <description>Weekend forcast button</description>
                    <textwidth>352</textwidth>
                    <include>ButtonCommonValues</include>
                    <label>31903</label>
                    <onfocus>SetProperty(Weather.CurrentView,weekend)</onfocus>
                    <visible>!IsEmpty(Window.Property(Weekend.IsFetched))</visible>
                </control>
                <control type="button" id="305">
                    <description>Hourly forcast button</description>
                    <textwidth>352</textwidth>
                    <include>ButtonCommonValues</include>
                    <label>31902</label>
                    <onfocus>SetProperty(Weather.CurrentView,hourly)</onfocus>
                    <visible>!IsEmpty(Window.Property(Hourly.IsFetched))</visible>
                </control>
                <control type="button" id="306">
                    <description>Maps button</description>
                    <textwidth>352</textwidth>
                    <include>ButtonCommonValues</include>
                    <label>31910</label>
                    <onfocus>SetProperty(Weather.CurrentView,map)</onfocus>
                    <visible>!IsEmpty(Window.Property(Map.IsFetched))</visible>
                </control>
                <control type="button" id="307">
                    <description>Alerts button</description>
                    <textwidth>352</textwidth>
                    <include>ButtonCommonValues</include>
                    <label>33050</label>
                    <onfocus>SetProperty(Weather.CurrentView,alerts)</onfocus>
                    <visible>!IsEmpty(Window.Property(Alerts.IsFetched))</visible>
                </control>
                <control type="label" id="201">
                    <width>375</width>
                    <height>52</height>
                    <font>font12</font>
                    <label>31026</label>
                    <textcolor>blue</textcolor>
                    <align>center</align>
                    <aligny>center</aligny>
                </control>
                <control type="button" id="2">
                    <description>Refresh button</description>
                    <textwidth>352</textwidth>
                    <include>ButtonCommonValues</include>
                    <label>103</label>
                </control>
                <control type="button" id="5">
                    <description>Custom Weather Script Button</description>
                    <label>$INFO[Skin.String(WeatherScript_Label)]</label>
                    <onclick>SetFocus(50)</onclick>
                    <onclick>RunScript($INFO[Skin.String(WeatherScript_Path)])</onclick>
                    <onclick>SetFocus(50)</onclick>
                    <textwidth>352</textwidth>
                    <include>ButtonCommonValues</include>
                    <visible>Skin.HasSetting(WeatherScript_Enable) + !IsEmpty(Skin.String(WeatherScript_Label))</visible>
                </control>
                <control type="button" id="4">
                    <description>Settings button</description>
                    <label>5</label>
                    <onclick>ActivateWindow(MyWeatherSettings)</onclick>
                    <textwidth>352</textwidth>
                    <include>ButtonCommonValues</include>
                </control>
                <control type="radiobutton" id="250">
                    <description>Fanart Toggle</description>
                    <include>ButtonCommonValues</include>
                    <label>31307</label>
                    <onclick>Skin.ToggleSetting(ShowWeatherFanart)</onclick>
                    <selected>!Skin.HasSetting(ShowWeatherFanart)</selected>
                </control>
                <control type="button" id="251">
                    <include>ButtonCommonValues</include>
                    <label>31317</label>
                    <onclick>Skin.SetPath(WeatherFanartDir)</onclick>
                    <enable>Skin.HasSetting(ShowWeatherFanart)</enable>
                </control>
                <include>CommonNowPlaying_Controls</include>
            </control>
        </control>
        <include>Clock</include>
    </controls>
</window>
