<?xml version="1.0" encoding="UTF-8"?>
<window>
    <coordinates>
        <system>1</system>
        <left>435</left>
        <top>112</top>
    </coordinates>
    <include>dialogeffect</include>
    <controls>
        <control type="image">
            <description>background image</description>
            <left>0</left>
            <top>0</top>
            <width>1050</width>
            <height>855</height>
            <texture border="40">DialogBack.png</texture>
        </control>
        <control type="image">
            <description>Dialog Header image</description>
            <left>60</left>
            <top>24</top>
            <width>930</width>
            <height>60</height>
            <texture>dialogheader.png</texture>
        </control>
        <control type="label" id="2">
            <description>header label</description>
            <left>60</left>
            <top>30</top>
            <width>930</width>
            <height>45</height>
            <font>font13_title</font>
            <label>-</label>
            <align>center</align>
            <aligny>center</aligny>
            <textcolor>selected</textcolor>
            <shadowcolor>black</shadowcolor>
        </control>
        <control type="button">
            <description>Close Window button</description>
            <left>915</left>
            <top>22</top>
            <width>96</width>
            <height>48</height>
            <label>-</label>
            <font>-</font>
            <onclick>PreviousMenu</onclick>
            <texturefocus>DialogCloseButton-focus.png</texturefocus>
            <texturenofocus>DialogCloseButton.png</texturenofocus>
            <onleft>1</onleft>
            <onright>1</onright>
            <onup>1</onup>
            <ondown>1</ondown>
            <visible>system.getbool(input.enablemouse)</visible>
        </control>
        <control type="image" id="101">
            <description>profile image</description>
            <left>45</left>
            <top>105</top>
            <width>225</width>
            <height>225</height>
            <align>left</align>
            <aspectratio>stretch</aspectratio>
            <texture>unknown-user.png</texture>
            <bordertexture border="8">ThumbBorder.png</bordertexture>
            <bordersize>8</bordersize>
        </control>
        <control type="label">
            <description>profile name label</description>
            <left>300</left>
            <top>105</top>
            <width>690</width>
            <align>left</align>
            <font>font13_title</font>
            <textcolor>blue</textcolor>
            <label>$LOCALIZE[20093]</label>
        </control>
        <control type="label" id="102">
            <description>profile name Value</description>
            <left>300</left>
            <top>142</top>
            <width>690</width>
            <align>left</align>
            <font>font16</font>
            <textcolor>white</textcolor>
        </control>
        <control type="label">
            <description>profile directory label</description>
            <left>300</left>
            <top>232</top>
            <width>690</width>
            <align>left</align>
            <font>font13_title</font>
            <textcolor>blue</textcolor>
            <label>$LOCALIZE[20070]</label>
        </control>
        <control type="label" id="103">
            <description>profile directory Value</description>
            <left>300</left>
            <top>270</top>
            <width>690</width>
            <align>left</align>
            <font>font13</font>
            <textcolor>white</textcolor>
        </control>
        <control type="grouplist" id="5">
            <description>control area</description>
            <left>45</left>
            <top>345</top>
            <width>960</width>
            <height>398</height>
            <itemgap>8</itemgap>
            <pagecontrol>60</pagecontrol>
            <onleft>28</onleft>
            <onright>60</onright>
            <onup>28</onup>
            <ondown>28</ondown>
        </control>
        <control type="button" id="7">
            <description>Default Button</description>
            <left>0</left>
            <top>0</top>
            <height>60</height>
            <font>font13</font>
            <textcolor>grey2</textcolor>
            <focusedcolor>white</focusedcolor>
            <texturefocus border="5">button-focus2.png</texturefocus>
        </control>
        <control type="radiobutton" id="8">
            <description>Default RadioButton</description>
            <left>0</left>
            <top>0</top>
            <height>60</height>
            <font>font13</font>
            <textcolor>grey2</textcolor>
            <focusedcolor>white</focusedcolor>
            <texturefocus border="5">button-focus2.png</texturefocus>
        </control>
        <control type="spincontrolex" id="9">
            <description>Default SpinControlex</description>
            <left>0</left>
            <top>0</top>
            <height>60</height>
            <font>font13</font>
            <textcolor>grey2</textcolor>
            <focusedcolor>white</focusedcolor>
            <texturefocus border="5">button-focus2.png</texturefocus>
            <texturenofocus border="5">button-nofocus.png</texturenofocus>
            <aligny>center</aligny>
            <reverse>yes</reverse>
        </control>
        <control type="image" id="11">
            <description>separator image</description>
            <height>3</height>
            <texture>separator2.png</texture>
        </control>
        <control type="button" id="28">
            <description>Ok Button</description>
            <left>218</left>
            <top>758</top>
            <width>300</width>
            <height>60</height>
            <align>center</align>
            <aligny>center</aligny>
            <font>font12_title</font>
            <label>186</label>
            <onleft>29</onleft>
            <onright>29</onright>
            <onup>5</onup>
            <ondown>5</ondown>
        </control>
        <control type="button" id="29">
            <description>Cancel Button</description>
            <left>532</left>
            <top>758</top>
            <width>300</width>
            <height>60</height>
            <align>center</align>
            <aligny>center</aligny>
            <font>font12_title</font>
            <label>222</label>
            <onleft>28</onleft>
            <onright>28</onright>
            <onup>5</onup>
            <ondown>5</ondown>
        </control>
    </controls>
</window>
