<?xml version='1.0' encoding='UTF-8'?>
<includes>
	<include name="skinshortcuts-mainmenu">
		<item id="1">
			<label>$LOCALIZE[137]</label>
			<label2>Custom shortcut</label2>
			<icon>DefaultShortcut.png</icon>
			<thumb />
			<property name="labelID">script.globalsearch</property>
			<property name="defaultID">script.globalsearch</property>
			<onclick>RunScript(script.globalsearch)</onclick>
			<property name="path">RunScript(script.globalsearch)</property>
			<visible>StringCompare(System.ProfileName,Master user)</visible>
			<property name="submenuVisibility">script-globalsearch</property>
			<property name="group">mainmenu</property>
			<property name="hasSubmenu">False</property>
		</item>
		<item id="2">
			<label>$LOCALIZE[342]</label>
			<label2>Common Shortcut</label2>
			<icon>DefaultMovies.png</icon>
			<thumb />
			<property name="labelID">movies</property>
			<property name="defaultID">movies</property>
			<visible>Library.HasContent(Movies)</visible>
			<onclick>ActivateWindow(Videos,MovieTitles,return)</onclick>
			<property name="path">ActivateWindow(Videos,MovieTitles,return)</property>
			<visible>StringCompare(System.ProfileName,Master user)</visible>
			<property name="submenuVisibility">movies</property>
			<property name="group">mainmenu</property>
			<property name="hasSubmenu">True</property>
		</item>
		<item id="3">
			<label>$LOCALIZE[20343]</label>
			<label2>Common Shortcut</label2>
			<icon>DefaultTVShows.png</icon>
			<thumb />
			<property name="labelID">tvshows</property>
			<property name="defaultID">tvshows</property>
			<visible>Library.HasContent(TVShows)</visible>
			<onclick>ActivateWindow(Videos,TVShowTitles,return)</onclick>
			<property name="path">ActivateWindow(Videos,TVShowTitles,return)</property>
			<visible>StringCompare(System.ProfileName,Master user)</visible>
			<property name="submenuVisibility">tvshows</property>
			<property name="group">mainmenu</property>
			<property name="hasSubmenu">True</property>
		</item>
		<item id="4">
			<label>$LOCALIZE[1036]</label>
			<label2>Common Shortcut</label2>
			<icon>DefaultShortcut.png</icon>
			<thumb />
			<property name="labelID">1036</property>
			<property name="defaultID">1036</property>
			<onclick>ActivateWindow(Favourites)</onclick>
			<property name="path">ActivateWindow(Favourites)</property>
			<visible>StringCompare(System.ProfileName,Master user)</visible>
			<property name="submenuVisibility">num-1036</property>
			<property name="group">mainmenu</property>
			<property name="hasSubmenu">False</property>
		</item>
		<item id="5">
			<label>Apps</label>
			<label2>Common Shortcut</label2>
			<icon>DefaultVideo.png</icon>
			<thumb />
			<property name="labelID">apps</property>
			<property name="defaultID">videos</property>
			<onclick>ActivateWindow(Videos,root)</onclick>
			<property name="path">ActivateWindow(Videos,root)</property>
			<visible>StringCompare(System.ProfileName,Master user)</visible>
			<property name="submenuVisibility">apps</property>
			<property name="group">mainmenu</property>
			<property name="hasSubmenu">True</property>
		</item>
		<item id="6">
			<label>$LOCALIZE[10005]</label>
			<label2>Common Shortcut</label2>
			<icon>DefaultMusicAlbums.png</icon>
			<thumb />
			<property name="labelID">music</property>
			<property name="defaultID">music</property>
			<onclick>ActivateWindow(Music,root)</onclick>
			<property name="path">ActivateWindow(Music,root)</property>
			<visible>StringCompare(System.ProfileName,Master user)</visible>
			<property name="submenuVisibility">music</property>
			<property name="group">mainmenu</property>
			<property name="hasSubmenu">True</property>
		</item>
		<item id="7">
			<label>$LOCALIZE[24001]</label>
			<label2>Custom shortcut</label2>
			<icon>DefaultProgram.png</icon>
			<thumb />
			<property name="labelID">24001</property>
			<property name="defaultID">programs</property>
			<onclick>ActivateWindow(Programs)</onclick>
			<property name="path">ActivateWindow(Programs)</property>
			<visible>StringCompare(System.ProfileName,Master user)</visible>
			<property name="submenuVisibility">num-24001</property>
			<property name="group">mainmenu</property>
			<property name="hasSubmenu">False</property>
		</item>
		<item id="8">
			<label>$LOCALIZE[10002]</label>
			<label2>Common Shortcut</label2>
			<icon>DefaultPicture.png</icon>
			<thumb />
			<property name="labelID">pictures</property>
			<property name="defaultID">pictures</property>
			<onclick>ActivateWindow(Pictures)</onclick>
			<property name="path">ActivateWindow(Pictures)</property>
			<visible>StringCompare(System.ProfileName,Master user)</visible>
			<property name="submenuVisibility">pictures</property>
			<property name="group">mainmenu</property>
			<property name="hasSubmenu">True</property>
		</item>
		<item id="9">
			<label>$LOCALIZE[12600]</label>
			<label2>Common Shortcut</label2>
			<icon>DefaultShortcut.png</icon>
			<thumb />
			<property name="labelID">weather</property>
			<property name="defaultID">weather</property>
			<visible>!IsEmpty(Weather.Plugin)</visible>
			<onclick>ActivateWindow(Weather)</onclick>
			<property name="path">ActivateWindow(Weather)</property>
			<visible>StringCompare(System.ProfileName,Master user)</visible>
			<property name="submenuVisibility">weather</property>
			<property name="group">mainmenu</property>
			<property name="hasSubmenu">False</property>
		</item>
		<item id="10">
			<label>Live TV</label>
			<label2>Custom shortcut</label2>
			<icon>DefaultShortcut.png</icon>
			<thumb />
			<property name="labelID">livetv</property>
			<property name="defaultID" />
			<visible>PVR.HasTVChannels</visible>
			<onclick>ActivateWindow(tvguide)</onclick>
			<property name="path">ActivateWindow(tvguide)</property>
			<visible>StringCompare(System.ProfileName,Master user)</visible>
			<property name="submenuVisibility">livetv</property>
			<property name="group">mainmenu</property>
			<property name="hasSubmenu">False</property>
		</item>
		<item id="11">
			<label>$LOCALIZE[10004]</label>
			<label2>Common Shortcut</label2>
			<icon>DefaultSettings.png</icon>
			<thumb />
			<property name="labelID">settings</property>
			<property name="defaultID">settings</property>
			<onclick>ActivateWindow(Settings)</onclick>
			<property name="path">ActivateWindow(Settings)</property>
			<visible>StringCompare(System.ProfileName,Master user)</visible>
			<property name="submenuVisibility">settings</property>
			<property name="group">mainmenu</property>
			<property name="hasSubmenu">True</property>
		</item>
		<item id="12">
			<label>$LOCALIZE[13012]</label>
			<label2>Kodi Command</label2>
			<icon>DefaultShortcut.png</icon>
			<thumb />
			<property name="labelID">13012</property>
			<property name="defaultID">exit</property>
			<onclick>ActivateWindow(ShutdownMenu)</onclick>
			<property name="path">ActivateWindow(ShutdownMenu)</property>
			<visible>StringCompare(System.ProfileName,Master user)</visible>
			<property name="submenuVisibility">num-13012</property>
			<property name="group">mainmenu</property>
			<property name="hasSubmenu">False</property>
			<property name="hasSubmenu">True</property>
		</item>
	</include>
	<include />
	<include name="skinshortcuts-submenu">
		<item id="1">
			<label>$LOCALIZE[20386]</label>
			<label2>$ADDON[script.skinshortcuts 32014]</label2>
			<icon>DefaultRecentlyAddedMovies.png</icon>
			<thumb />
			<property name="labelID">20386</property>
			<property name="defaultID">20386</property>
			<visible>Library.HasContent(Movies)</visible>
			<onclick>ActivateWindow(Videos,videodb://recentlyaddedmovies/,return)</onclick>
			<property name="path">ActivateWindow(Videos,videodb://recentlyaddedmovies/,return)</property>
			<visible>StringCompare(System.ProfileName,Master user) + [StringCompare(Container(9000).ListItem.Property(submenuVisibility),movies)]</visible>
			<property name="isSubmenu">True</property>
			<property name="group">movies</property>
		</item>
		<item id="2">
			<label>$LOCALIZE[20434]</label>
			<label2>$LOCALIZE[342]</label2>
			<icon>DefaultShortcut.png</icon>
			<thumb />
			<property name="labelID">20434</property>
			<property name="defaultID">20434</property>
			<visible>Library.HasContent(MovieSets)</visible>
			<onclick>ActivateWindow(Videos,videodb://movies/sets/,return)</onclick>
			<property name="path">ActivateWindow(Videos,videodb://movies/sets/,return)</property>
			<visible>StringCompare(System.ProfileName,Master user) + [StringCompare(Container(9000).ListItem.Property(submenuVisibility),movies)]</visible>
			<property name="isSubmenu">True</property>
			<property name="group">movies</property>
		</item>
		<item id="3">
			<label>$LOCALIZE[369]</label>
			<label2>$LOCALIZE[342]</label2>
			<icon>DefaultShortcut.png</icon>
			<thumb />
			<property name="labelID">369</property>
			<property name="defaultID">369</property>
			<onclick>ActivateWindow(Videos,videodb://movies/titles/,return)</onclick>
			<property name="path">ActivateWindow(Videos,videodb://movies/titles/,return)</property>
			<visible>StringCompare(System.ProfileName,Master user) + [StringCompare(Container(9000).ListItem.Property(submenuVisibility),movies)]</visible>
			<property name="isSubmenu">True</property>
			<property name="group">movies</property>
		</item>
		<item id="4">
			<label>$LOCALIZE[135]</label>
			<label2>$LOCALIZE[342]</label2>
			<icon>DefaultShortcut.png</icon>
			<thumb />
			<property name="labelID">135</property>
			<property name="defaultID">135</property>
			<onclick>ActivateWindow(Videos,videodb://movies/genres/,return)</onclick>
			<property name="path">ActivateWindow(Videos,videodb://movies/genres/,return)</property>
			<visible>StringCompare(System.ProfileName,Master user) + [StringCompare(Container(9000).ListItem.Property(submenuVisibility),movies)]</visible>
			<property name="isSubmenu">True</property>
			<property name="group">movies</property>
		</item>
		<item id="5">
			<label>$LOCALIZE[562]</label>
			<label2>$LOCALIZE[342]</label2>
			<icon>DefaultShortcut.png</icon>
			<thumb />
			<property name="labelID">562</property>
			<property name="defaultID">562</property>
			<onclick>ActivateWindow(Videos,videodb://movies/years/,return)</onclick>
			<property name="path">ActivateWindow(Videos,videodb://movies/years/,return)</property>
			<visible>StringCompare(System.ProfileName,Master user) + [StringCompare(Container(9000).ListItem.Property(submenuVisibility),movies)]</visible>
			<property name="isSubmenu">True</property>
			<property name="group">movies</property>
		</item>
		<item id="6">
			<label>$LOCALIZE[344]</label>
			<label2>$LOCALIZE[342]</label2>
			<icon>DefaultActor.png</icon>
			<thumb />
			<property name="labelID">344</property>
			<property name="defaultID">344</property>
			<onclick>ActivateWindow(Videos,videodb://movies/actors/,return)</onclick>
			<property name="path">ActivateWindow(Videos,videodb://movies/actors/,return)</property>
			<visible>StringCompare(System.ProfileName,Master user) + [StringCompare(Container(9000).ListItem.Property(submenuVisibility),movies)]</visible>
			<property name="isSubmenu">True</property>
			<property name="group">movies</property>
		</item>
		<item id="1">
			<label>$LOCALIZE[20387]</label>
			<label2>$ADDON[script.skinshortcuts 32014]</label2>
			<icon>DefaultRecentlyAddedEpisodes.png</icon>
			<thumb />
			<property name="labelID">20387</property>
			<property name="defaultID">20387</property>
			<visible>Library.HasContent(TVShows)</visible>
			<onclick>ActivateWindow(Videos,videodb://recentlyaddedepisodes/,return)</onclick>
			<property name="path">ActivateWindow(Videos,videodb://recentlyaddedepisodes/,return)</property>
			<visible>StringCompare(System.ProfileName,Master user) + [StringCompare(Container(9000).ListItem.Property(submenuVisibility),tvshows)]</visible>
			<property name="isSubmenu">True</property>
			<property name="group">tvshows</property>
		</item>
		<item id="2">
			<label>$LOCALIZE[369]</label>
			<label2>$LOCALIZE[20343]</label2>
			<icon>DefaultShortcut.png</icon>
			<thumb />
			<property name="labelID">369</property>
			<property name="defaultID">369</property>
			<onclick>ActivateWindow(Videos,videodb://tvshows/titles/,return)</onclick>
			<property name="path">ActivateWindow(Videos,videodb://tvshows/titles/,return)</property>
			<visible>StringCompare(System.ProfileName,Master user) + [StringCompare(Container(9000).ListItem.Property(submenuVisibility),tvshows)]</visible>
			<property name="isSubmenu">True</property>
			<property name="group">tvshows</property>
		</item>
		<item id="3">
			<label>$LOCALIZE[135]</label>
			<label2>$LOCALIZE[20343]</label2>
			<icon>DefaultShortcut.png</icon>
			<thumb />
			<property name="labelID">135</property>
			<property name="defaultID">135</property>
			<onclick>ActivateWindow(Videos,videodb://tvshows/genres/,return)</onclick>
			<property name="path">ActivateWindow(Videos,videodb://tvshows/genres/,return)</property>
			<visible>StringCompare(System.ProfileName,Master user) + [StringCompare(Container(9000).ListItem.Property(submenuVisibility),tvshows)]</visible>
			<property name="isSubmenu">True</property>
			<property name="group">tvshows</property>
		</item>
		<item id="4">
			<label>$LOCALIZE[562]</label>
			<label2>$LOCALIZE[20343]</label2>
			<icon>DefaultShortcut.png</icon>
			<thumb />
			<property name="labelID">562</property>
			<property name="defaultID">562</property>
			<onclick>ActivateWindow(Videos,videodb://tvshows/years/,return)</onclick>
			<property name="path">ActivateWindow(Videos,videodb://tvshows/years/,return)</property>
			<visible>StringCompare(System.ProfileName,Master user) + [StringCompare(Container(9000).ListItem.Property(submenuVisibility),tvshows)]</visible>
			<property name="isSubmenu">True</property>
			<property name="group">tvshows</property>
		</item>
		<item id="5">
			<label>$LOCALIZE[344]</label>
			<label2>$LOCALIZE[20343]</label2>
			<icon>DefaultActor.png</icon>
			<thumb />
			<property name="labelID">344</property>
			<property name="defaultID">344</property>
			<onclick>ActivateWindow(Videos,videodb://tvshows/actors/,return)</onclick>
			<property name="path">ActivateWindow(Videos,videodb://tvshows/actors/,return)</property>
			<visible>StringCompare(System.ProfileName,Master user) + [StringCompare(Container(9000).ListItem.Property(submenuVisibility),tvshows)]</visible>
			<property name="isSubmenu">True</property>
			<property name="group">tvshows</property>
		</item>
		<item id="1">
			<label>$LOCALIZE[20389]</label>
			<label2>$ADDON[script.skinshortcuts 32034]</label2>
			<icon>DefaultMusicVideos.png</icon>
			<thumb />
			<property name="labelID">musicvideos</property>
			<property name="defaultID">musicvideos</property>
			<onclick>ActivateWindow(Videos,videodb://musicvideos/titles/,return)</onclick>
			<property name="path">ActivateWindow(Videos,videodb://musicvideos/titles/,return)</property>
			<visible>StringCompare(System.ProfileName,Master user) + [StringCompare(Container(9000).ListItem.Property(submenuVisibility),apps)]</visible>
			<property name="isSubmenu">True</property>
			<property name="group">apps</property>
		</item>
		<item id="2">
			<label>$LOCALIZE[744]</label>
			<label2>$ADDON[script.skinshortcuts 32014]</label2>
			<icon>DefaultFolder.png</icon>
			<thumb />
			<property name="labelID">744</property>
			<property name="defaultID">744</property>
			<onclick>ActivateWindow(Videos,Files,return)</onclick>
			<property name="path">ActivateWindow(Videos,Files,return)</property>
			<visible>StringCompare(System.ProfileName,Master user) + [StringCompare(Container(9000).ListItem.Property(submenuVisibility),apps)]</visible>
			<property name="isSubmenu">True</property>
			<property name="group">apps</property>
		</item>
		<item id="3">
			<label>$LOCALIZE[1037]</label>
			<label2>$ADDON[script.skinshortcuts 32014]</label2>
			<icon>DefaultAddonVideo.png</icon>
			<thumb />
			<property name="labelID">1037</property>
			<property name="defaultID">1037</property>
			<onclick>ActivateWindow(Videos,Addons,return)</onclick>
			<property name="path">ActivateWindow(Videos,Addons,return)</property>
			<visible>StringCompare(System.ProfileName,Master user) + [StringCompare(Container(9000).ListItem.Property(submenuVisibility),apps)]</visible>
			<property name="isSubmenu">True</property>
			<property name="group">apps</property>
		</item>
		<item id="1">
			<label>$LOCALIZE[133]</label>
			<label2>$ADDON[script.skinshortcuts 32019]</label2>
			<icon>DefaultMusicArtists.png</icon>
			<thumb />
			<property name="labelID">133</property>
			<property name="defaultID">133</property>
			<visible>Library.HasContent(Music)</visible>
			<onclick>ActivateWindow(MusicLibrary,Artists,return)</onclick>
			<property name="path">ActivateWindow(MusicLibrary,Artists,return)</property>
			<visible>StringCompare(System.ProfileName,Master user) + [StringCompare(Container(9000).ListItem.Property(submenuVisibility),music)]</visible>
			<property name="isSubmenu">True</property>
			<property name="group">music</property>
		</item>
		<item id="2">
			<label>$LOCALIZE[132]</label>
			<label2>$ADDON[script.skinshortcuts 32019]</label2>
			<icon>DefaultMusicAlbums.png</icon>
			<thumb />
			<property name="labelID">132</property>
			<property name="defaultID">132</property>
			<visible>Library.HasContent(Music)</visible>
			<onclick>ActivateWindow(MusicLibrary,Albums,return)</onclick>
			<property name="path">ActivateWindow(MusicLibrary,Albums,return)</property>
			<visible>StringCompare(System.ProfileName,Master user) + [StringCompare(Container(9000).ListItem.Property(submenuVisibility),music)]</visible>
			<property name="isSubmenu">True</property>
			<property name="group">music</property>
		</item>
		<item id="3">
			<label>$LOCALIZE[134]</label>
			<label2>$ADDON[script.skinshortcuts 32019]</label2>
			<icon>DefaultMusicSongs.png</icon>
			<thumb />
			<property name="labelID">134</property>
			<property name="defaultID">134</property>
			<visible>Library.HasContent(Music)</visible>
			<onclick>ActivateWindow(MusicLibrary,Songs,return)</onclick>
			<property name="path">ActivateWindow(MusicLibrary,Songs,return)</property>
			<visible>StringCompare(System.ProfileName,Master user) + [StringCompare(Container(9000).ListItem.Property(submenuVisibility),music)]</visible>
			<property name="isSubmenu">True</property>
			<property name="group">music</property>
		</item>
		<item id="4">
			<label>$LOCALIZE[744]</label>
			<label2>$ADDON[script.skinshortcuts 32019]</label2>
			<icon>DefaultFolder.png</icon>
			<thumb />
			<property name="labelID">744</property>
			<property name="defaultID">744</property>
			<onclick>ActivateWindow(MusicFiles)</onclick>
			<property name="path">ActivateWindow(MusicFiles)</property>
			<visible>StringCompare(System.ProfileName,Master user) + [StringCompare(Container(9000).ListItem.Property(submenuVisibility),music)]</visible>
			<property name="isSubmenu">True</property>
			<property name="group">music</property>
		</item>
		<item id="5">
			<label>$LOCALIZE[15100]</label>
			<label2>$ADDON[script.skinshortcuts 32019]</label2>
			<icon>DefaultFolder.png</icon>
			<thumb />
			<property name="labelID">15100</property>
			<property name="defaultID">15100</property>
			<visible>Library.HasContent(Music)</visible>
			<onclick>ActivateWindow(MusicLibrary,MusicLibrary,return)</onclick>
			<property name="path">ActivateWindow(MusicLibrary,MusicLibrary,return)</property>
			<visible>StringCompare(System.ProfileName,Master user) + [StringCompare(Container(9000).ListItem.Property(submenuVisibility),music)]</visible>
			<property name="isSubmenu">True</property>
			<property name="group">music</property>
		</item>
		<item id="6">
			<label>$LOCALIZE[1038]</label>
			<label2>$ADDON[script.skinshortcuts 32019]</label2>
			<icon>DefaultAddonMusic.png</icon>
			<thumb />
			<property name="labelID">1038</property>
			<property name="defaultID">1038</property>
			<visible>Library.HasContent(Music)</visible>
			<onclick>ActivateWindow(MusicLibrary,Addons,return)</onclick>
			<property name="path">ActivateWindow(MusicLibrary,Addons,return)</property>
			<visible>StringCompare(System.ProfileName,Master user) + [StringCompare(Container(9000).ListItem.Property(submenuVisibility),music)]</visible>
			<property name="isSubmenu">True</property>
			<property name="group">music</property>
		</item>
		<item id="1">
			<label>$LOCALIZE[1039]</label>
			<label2>$ADDON[script.skinshortcuts 32020]</label2>
			<icon>DefaultAddonPicture.png</icon>
			<thumb />
			<property name="labelID">1039</property>
			<property name="defaultID">1039</property>
			<onclick>ActivateWindow(Pictures,Addons,return)</onclick>
			<property name="path">ActivateWindow(Pictures,Addons,return)</property>
			<visible>StringCompare(System.ProfileName,Master user) + [StringCompare(Container(9000).ListItem.Property(submenuVisibility),pictures)]</visible>
			<property name="isSubmenu">True</property>
			<property name="group">pictures</property>
		</item>
		<item id="1">
			<label>$LOCALIZE[7]</label>
			<label2>$ADDON[script.skinshortcuts 32034]</label2>
			<icon>DefaultFolder.png</icon>
			<thumb />
			<property name="labelID">7</property>
			<property name="defaultID">7</property>
			<onclick>ActivateWindow(FileManager)</onclick>
			<property name="path">ActivateWindow(FileManager)</property>
			<visible>StringCompare(System.ProfileName,Master user) + [StringCompare(Container(9000).ListItem.Property(submenuVisibility),settings)]</visible>
			<property name="isSubmenu">True</property>
			<property name="group">settings</property>
		</item>
		<item id="2">
			<label>$LOCALIZE[13200]</label>
			<label2>$ADDON[script.skinshortcuts 32034]</label2>
			<icon>DefaultShortcut.png</icon>
			<thumb />
			<property name="labelID">13200</property>
			<property name="defaultID">13200</property>
			<onclick>ActivateWindow(Profiles)</onclick>
			<property name="path">ActivateWindow(Profiles)</property>
			<visible>StringCompare(System.ProfileName,Master user) + [StringCompare(Container(9000).ListItem.Property(submenuVisibility),settings)]</visible>
			<property name="isSubmenu">True</property>
			<property name="group">settings</property>
		</item>
		<item id="3">
			<label>$LOCALIZE[10007]</label>
			<label2>$ADDON[script.skinshortcuts 32034]</label2>
			<icon>DefaultShortcut.png</icon>
			<thumb />
			<property name="labelID">10007</property>
			<property name="defaultID">10007</property>
			<onclick>ActivateWindow(SystemInfo)</onclick>
			<property name="path">ActivateWindow(SystemInfo)</property>
			<visible>StringCompare(System.ProfileName,Master user) + [StringCompare(Container(9000).ListItem.Property(submenuVisibility),settings)]</visible>
			<property name="isSubmenu">True</property>
			<property name="group">settings</property>
		</item>
		<item id="1">
			<label>$LOCALIZE[13009]</label>
			<label2>Kodi Command</label2>
			<icon>DefaultQuit.png</icon>
			<thumb />
			<property name="labelID">13009</property>
			<property name="defaultID">13009</property>
			<visible>System.ShowExitButton</visible>
			<onclick>Quit</onclick>
			<property name="path">Quit</property>
			<visible>StringCompare(System.ProfileName,Master user) + [StringCompare(Container(9000).ListItem.Property(submenuVisibility),shutdown)]</visible>
			<property name="isSubmenu">True</property>
			<property name="group">shutdown</property>
		</item>
		<item id="2">
			<label>$LOCALIZE[13011]</label>
			<label2>Kodi Command</label2>
			<icon>DefaultSleep.png</icon>
			<thumb />
			<property name="labelID">13011</property>
			<property name="defaultID">13011</property>
			<visible>System.CanSuspend</visible>
			<onclick>Suspend</onclick>
			<property name="path">Suspend</property>
			<visible>StringCompare(System.ProfileName,Master user) + [StringCompare(Container(9000).ListItem.Property(submenuVisibility),shutdown)]</visible>
			<property name="isSubmenu">True</property>
			<property name="group">shutdown</property>
		</item>
		<item id="3">
			<label>$LOCALIZE[13010]</label>
			<label2>Kodi Command</label2>
			<icon>DefaultSleep.png</icon>
			<thumb />
			<property name="labelID">13010</property>
			<property name="defaultID">13010</property>
			<visible>System.CanHibernate</visible>
			<onclick>Hibernate</onclick>
			<property name="path">Hibernate</property>
			<visible>StringCompare(System.ProfileName,Master user) + [StringCompare(Container(9000).ListItem.Property(submenuVisibility),shutdown)]</visible>
			<property name="isSubmenu">True</property>
			<property name="group">shutdown</property>
		</item>
		<item id="4">
			<label>$LOCALIZE[13013]</label>
			<label2>Kodi Command</label2>
			<icon>DefaultReboot.png</icon>
			<thumb />
			<property name="labelID">13013</property>
			<property name="defaultID">13013</property>
			<onclick>Reboot</onclick>
			<property name="path">Reboot</property>
			<visible>StringCompare(System.ProfileName,Master user) + [StringCompare(Container(9000).ListItem.Property(submenuVisibility),shutdown)]</visible>
			<property name="isSubmenu">True</property>
			<property name="group">shutdown</property>
		</item>
		<item id="5">
			<label>$LOCALIZE[13016]</label>
			<label2>Kodi Command</label2>
			<icon>DefaultShutdown.png</icon>
			<thumb />
			<property name="labelID">13016</property>
			<property name="defaultID">13016</property>
			<visible>System.CanPowerDown</visible>
			<onclick>PowerDown</onclick>
			<property name="path">PowerDown</property>
			<visible>StringCompare(System.ProfileName,Master user) + [StringCompare(Container(9000).ListItem.Property(submenuVisibility),shutdown)]</visible>
			<property name="isSubmenu">True</property>
			<property name="group">shutdown</property>
		</item>
		<item id="6">
			<label>$LOCALIZE[13005]</label>
			<label2>Kodi Command</label2>
			<icon>DefaultShutdown.png</icon>
			<thumb />
			<property name="labelID">13005</property>
			<property name="defaultID">13005</property>
			<onclick>ShutDown</onclick>
			<property name="path">ShutDown</property>
			<visible>StringCompare(System.ProfileName,Master user) + [StringCompare(Container(9000).ListItem.Property(submenuVisibility),shutdown)]</visible>
			<property name="isSubmenu">True</property>
			<property name="group">shutdown</property>
		</item>
		<item id="7">
			<label>$LOCALIZE[19026]</label>
			<label2>Kodi Command</label2>
			<icon>DefaultTimer.png</icon>
			<thumb />
			<property name="labelID">19026</property>
			<property name="defaultID">19026</property>
			<onclick>AlarmClock(shutdowntimer,XBMC.Shutdown())</onclick>
			<property name="path">AlarmClock(shutdowntimer,XBMC.Shutdown())</property>
			<visible>StringCompare(System.ProfileName,Master user) + [StringCompare(Container(9000).ListItem.Property(submenuVisibility),shutdown)]</visible>
			<property name="isSubmenu">True</property>
			<property name="group">shutdown</property>
		</item>
		<item id="8">
			<label>$LOCALIZE[20151]</label>
			<label2>Kodi Command</label2>
			<icon>DefaultQuit.png</icon>
			<thumb />
			<property name="labelID">20151</property>
			<property name="defaultID">20151</property>
			<visible>System.HasAlarm(shutdowntimer)</visible>
			<onclick>CancelAlarm(shutdowntimer)</onclick>
			<property name="path">CancelAlarm(shutdowntimer)</property>
			<visible>StringCompare(System.ProfileName,Master user) + [StringCompare(Container(9000).ListItem.Property(submenuVisibility),shutdown)]</visible>
			<property name="isSubmenu">True</property>
			<property name="group">shutdown</property>
		</item>
		<item id="9">
			<label>$LOCALIZE[360]</label>
			<label2>Kodi Command</label2>
			<icon>DefaultScreensaver.png</icon>
			<thumb />
			<property name="labelID">360</property>
			<property name="defaultID">360</property>
			<onclick>ActivateScreensaver</onclick>
			<property name="path">ActivateScreensaver</property>
			<visible>StringCompare(System.ProfileName,Master user) + [StringCompare(Container(9000).ListItem.Property(submenuVisibility),shutdown)]</visible>
			<property name="isSubmenu">True</property>
			<property name="group">shutdown</property>
		</item>
		<item id="10">
			<label>$LOCALIZE[20045]</label>
			<label2>Kodi Command</label2>
			<icon>DefaultMastermode.png</icon>
			<thumb />
			<property name="labelID">20045</property>
			<property name="defaultID">20045</property>
			<visible>System.HasLocks</visible>
			<onclick>Mastermode</onclick>
			<property name="path">Mastermode</property>
			<visible>StringCompare(System.ProfileName,Master user) + [StringCompare(Container(9000).ListItem.Property(submenuVisibility),shutdown)]</visible>
			<property name="isSubmenu">True</property>
			<property name="group">shutdown</property>
		</item>
		<item id="11">
			<label>$LOCALIZE[20126]</label>
			<label2>Kodi Command</label2>
			<icon>DefaultActor.png</icon>
			<thumb />
			<property name="labelID">20126</property>
			<property name="defaultID">20126</property>
			<visible>[System.HasLoginScreen | IntegerGreaterThan(System.ProfileCount,1)] + System.Loggedon</visible>
			<onclick>System.LogOff</onclick>
			<property name="path">System.LogOff</property>
			<visible>StringCompare(System.ProfileName,Master user) + [StringCompare(Container(9000).ListItem.Property(submenuVisibility),shutdown)]</visible>
			<property name="isSubmenu">True</property>
			<property name="group">shutdown</property>
		</item>
		<item id="12">
			<label>$LOCALIZE[10004]</label>
			<label2>Common Shortcut</label2>
			<icon>DefaultSettings.png</icon>
			<thumb />
			<property name="labelID">settings</property>
			<property name="defaultID">settings</property>
			<onclick>ActivateWindow(Settings)</onclick>
			<property name="path">ActivateWindow(Settings)</property>
			<visible>StringCompare(System.ProfileName,Master user) + [StringCompare(Container(9000).ListItem.Property(submenuVisibility),shutdown)]</visible>
			<property name="isSubmenu">True</property>
			<property name="group">shutdown</property>
		</item>
	</include>
	<include name="skinshortcuts-group-script-globalsearch" />
	<include name="skinshortcuts-group-alt-script-globalsearch" />
	<include name="skinshortcuts-group-movies">
		<item id="1">
			<label>$LOCALIZE[20386]</label>
			<label2>$ADDON[script.skinshortcuts 32014]</label2>
			<icon>DefaultRecentlyAddedMovies.png</icon>
			<thumb />
			<property name="labelID">20386</property>
			<property name="defaultID">20386</property>
			<visible>Library.HasContent(Movies)</visible>
			<onclick>ActivateWindow(Videos,videodb://recentlyaddedmovies/,return)</onclick>
			<property name="path">ActivateWindow(Videos,videodb://recentlyaddedmovies/,return)</property>
			<visible>StringCompare(System.ProfileName,Master user)</visible>
			<property name="group">movies</property>
		</item>
		<item id="2">
			<label>$LOCALIZE[20434]</label>
			<label2>$LOCALIZE[342]</label2>
			<icon>DefaultShortcut.png</icon>
			<thumb />
			<property name="labelID">20434</property>
			<property name="defaultID">20434</property>
			<visible>Library.HasContent(MovieSets)</visible>
			<onclick>ActivateWindow(Videos,videodb://movies/sets/,return)</onclick>
			<property name="path">ActivateWindow(Videos,videodb://movies/sets/,return)</property>
			<visible>StringCompare(System.ProfileName,Master user)</visible>
			<property name="group">movies</property>
		</item>
		<item id="3">
			<label>$LOCALIZE[369]</label>
			<label2>$LOCALIZE[342]</label2>
			<icon>DefaultShortcut.png</icon>
			<thumb />
			<property name="labelID">369</property>
			<property name="defaultID">369</property>
			<onclick>ActivateWindow(Videos,videodb://movies/titles/,return)</onclick>
			<property name="path">ActivateWindow(Videos,videodb://movies/titles/,return)</property>
			<visible>StringCompare(System.ProfileName,Master user)</visible>
			<property name="group">movies</property>
		</item>
		<item id="4">
			<label>$LOCALIZE[135]</label>
			<label2>$LOCALIZE[342]</label2>
			<icon>DefaultShortcut.png</icon>
			<thumb />
			<property name="labelID">135</property>
			<property name="defaultID">135</property>
			<onclick>ActivateWindow(Videos,videodb://movies/genres/,return)</onclick>
			<property name="path">ActivateWindow(Videos,videodb://movies/genres/,return)</property>
			<visible>StringCompare(System.ProfileName,Master user)</visible>
			<property name="group">movies</property>
		</item>
		<item id="5">
			<label>$LOCALIZE[562]</label>
			<label2>$LOCALIZE[342]</label2>
			<icon>DefaultShortcut.png</icon>
			<thumb />
			<property name="labelID">562</property>
			<property name="defaultID">562</property>
			<onclick>ActivateWindow(Videos,videodb://movies/years/,return)</onclick>
			<property name="path">ActivateWindow(Videos,videodb://movies/years/,return)</property>
			<visible>StringCompare(System.ProfileName,Master user)</visible>
			<property name="group">movies</property>
		</item>
		<item id="6">
			<label>$LOCALIZE[344]</label>
			<label2>$LOCALIZE[342]</label2>
			<icon>DefaultActor.png</icon>
			<thumb />
			<property name="labelID">344</property>
			<property name="defaultID">344</property>
			<onclick>ActivateWindow(Videos,videodb://movies/actors/,return)</onclick>
			<property name="path">ActivateWindow(Videos,videodb://movies/actors/,return)</property>
			<visible>StringCompare(System.ProfileName,Master user)</visible>
			<property name="group">movies</property>
		</item>
	</include>
	<include name="skinshortcuts-group-alt-movies">
		<item id="1">
			<label>$LOCALIZE[20386]</label>
			<label2>$ADDON[script.skinshortcuts 32014]</label2>
			<icon>DefaultRecentlyAddedMovies.png</icon>
			<thumb />
			<property name="labelID">20386</property>
			<property name="defaultID">20386</property>
			<visible>Library.HasContent(Movies)</visible>
			<onclick>ActivateWindow(Videos,videodb://recentlyaddedmovies/,return)</onclick>
			<property name="path">ActivateWindow(Videos,videodb://recentlyaddedmovies/,return)</property>
			<visible>StringCompare(System.ProfileName,Master user) + [StringCompare(Window(10000).Property(submenuVisibility),movies)]</visible>
			<property name="isSubmenu">True</property>
			<property name="group">movies</property>
		</item>
		<item id="2">
			<label>$LOCALIZE[20434]</label>
			<label2>$LOCALIZE[342]</label2>
			<icon>DefaultShortcut.png</icon>
			<thumb />
			<property name="labelID">20434</property>
			<property name="defaultID">20434</property>
			<visible>Library.HasContent(MovieSets)</visible>
			<onclick>ActivateWindow(Videos,videodb://movies/sets/,return)</onclick>
			<property name="path">ActivateWindow(Videos,videodb://movies/sets/,return)</property>
			<visible>StringCompare(System.ProfileName,Master user) + [StringCompare(Window(10000).Property(submenuVisibility),movies)]</visible>
			<property name="isSubmenu">True</property>
			<property name="group">movies</property>
		</item>
		<item id="3">
			<label>$LOCALIZE[369]</label>
			<label2>$LOCALIZE[342]</label2>
			<icon>DefaultShortcut.png</icon>
			<thumb />
			<property name="labelID">369</property>
			<property name="defaultID">369</property>
			<onclick>ActivateWindow(Videos,videodb://movies/titles/,return)</onclick>
			<property name="path">ActivateWindow(Videos,videodb://movies/titles/,return)</property>
			<visible>StringCompare(System.ProfileName,Master user) + [StringCompare(Window(10000).Property(submenuVisibility),movies)]</visible>
			<property name="isSubmenu">True</property>
			<property name="group">movies</property>
		</item>
		<item id="4">
			<label>$LOCALIZE[135]</label>
			<label2>$LOCALIZE[342]</label2>
			<icon>DefaultShortcut.png</icon>
			<thumb />
			<property name="labelID">135</property>
			<property name="defaultID">135</property>
			<onclick>ActivateWindow(Videos,videodb://movies/genres/,return)</onclick>
			<property name="path">ActivateWindow(Videos,videodb://movies/genres/,return)</property>
			<visible>StringCompare(System.ProfileName,Master user) + [StringCompare(Window(10000).Property(submenuVisibility),movies)]</visible>
			<property name="isSubmenu">True</property>
			<property name="group">movies</property>
		</item>
		<item id="5">
			<label>$LOCALIZE[562]</label>
			<label2>$LOCALIZE[342]</label2>
			<icon>DefaultShortcut.png</icon>
			<thumb />
			<property name="labelID">562</property>
			<property name="defaultID">562</property>
			<onclick>ActivateWindow(Videos,videodb://movies/years/,return)</onclick>
			<property name="path">ActivateWindow(Videos,videodb://movies/years/,return)</property>
			<visible>StringCompare(System.ProfileName,Master user) + [StringCompare(Window(10000).Property(submenuVisibility),movies)]</visible>
			<property name="isSubmenu">True</property>
			<property name="group">movies</property>
		</item>
		<item id="6">
			<label>$LOCALIZE[344]</label>
			<label2>$LOCALIZE[342]</label2>
			<icon>DefaultActor.png</icon>
			<thumb />
			<property name="labelID">344</property>
			<property name="defaultID">344</property>
			<onclick>ActivateWindow(Videos,videodb://movies/actors/,return)</onclick>
			<property name="path">ActivateWindow(Videos,videodb://movies/actors/,return)</property>
			<visible>StringCompare(System.ProfileName,Master user) + [StringCompare(Window(10000).Property(submenuVisibility),movies)]</visible>
			<property name="isSubmenu">True</property>
			<property name="group">movies</property>
		</item>
	</include>
	<include name="skinshortcuts-group-tvshows">
		<item id="1">
			<label>$LOCALIZE[20387]</label>
			<label2>$ADDON[script.skinshortcuts 32014]</label2>
			<icon>DefaultRecentlyAddedEpisodes.png</icon>
			<thumb />
			<property name="labelID">20387</property>
			<property name="defaultID">20387</property>
			<visible>Library.HasContent(TVShows)</visible>
			<onclick>ActivateWindow(Videos,videodb://recentlyaddedepisodes/,return)</onclick>
			<property name="path">ActivateWindow(Videos,videodb://recentlyaddedepisodes/,return)</property>
			<visible>StringCompare(System.ProfileName,Master user)</visible>
			<property name="group">tvshows</property>
		</item>
		<item id="2">
			<label>$LOCALIZE[369]</label>
			<label2>$LOCALIZE[20343]</label2>
			<icon>DefaultShortcut.png</icon>
			<thumb />
			<property name="labelID">369</property>
			<property name="defaultID">369</property>
			<onclick>ActivateWindow(Videos,videodb://tvshows/titles/,return)</onclick>
			<property name="path">ActivateWindow(Videos,videodb://tvshows/titles/,return)</property>
			<visible>StringCompare(System.ProfileName,Master user)</visible>
			<property name="group">tvshows</property>
		</item>
		<item id="3">
			<label>$LOCALIZE[135]</label>
			<label2>$LOCALIZE[20343]</label2>
			<icon>DefaultShortcut.png</icon>
			<thumb />
			<property name="labelID">135</property>
			<property name="defaultID">135</property>
			<onclick>ActivateWindow(Videos,videodb://tvshows/genres/,return)</onclick>
			<property name="path">ActivateWindow(Videos,videodb://tvshows/genres/,return)</property>
			<visible>StringCompare(System.ProfileName,Master user)</visible>
			<property name="group">tvshows</property>
		</item>
		<item id="4">
			<label>$LOCALIZE[562]</label>
			<label2>$LOCALIZE[20343]</label2>
			<icon>DefaultShortcut.png</icon>
			<thumb />
			<property name="labelID">562</property>
			<property name="defaultID">562</property>
			<onclick>ActivateWindow(Videos,videodb://tvshows/years/,return)</onclick>
			<property name="path">ActivateWindow(Videos,videodb://tvshows/years/,return)</property>
			<visible>StringCompare(System.ProfileName,Master user)</visible>
			<property name="group">tvshows</property>
		</item>
		<item id="5">
			<label>$LOCALIZE[344]</label>
			<label2>$LOCALIZE[20343]</label2>
			<icon>DefaultActor.png</icon>
			<thumb />
			<property name="labelID">344</property>
			<property name="defaultID">344</property>
			<onclick>ActivateWindow(Videos,videodb://tvshows/actors/,return)</onclick>
			<property name="path">ActivateWindow(Videos,videodb://tvshows/actors/,return)</property>
			<visible>StringCompare(System.ProfileName,Master user)</visible>
			<property name="group">tvshows</property>
		</item>
	</include>
	<include name="skinshortcuts-group-alt-tvshows">
		<item id="1">
			<label>$LOCALIZE[20387]</label>
			<label2>$ADDON[script.skinshortcuts 32014]</label2>
			<icon>DefaultRecentlyAddedEpisodes.png</icon>
			<thumb />
			<property name="labelID">20387</property>
			<property name="defaultID">20387</property>
			<visible>Library.HasContent(TVShows)</visible>
			<onclick>ActivateWindow(Videos,videodb://recentlyaddedepisodes/,return)</onclick>
			<property name="path">ActivateWindow(Videos,videodb://recentlyaddedepisodes/,return)</property>
			<visible>StringCompare(System.ProfileName,Master user) + [StringCompare(Window(10000).Property(submenuVisibility),tvshows)]</visible>
			<property name="isSubmenu">True</property>
			<property name="group">tvshows</property>
		</item>
		<item id="2">
			<label>$LOCALIZE[369]</label>
			<label2>$LOCALIZE[20343]</label2>
			<icon>DefaultShortcut.png</icon>
			<thumb />
			<property name="labelID">369</property>
			<property name="defaultID">369</property>
			<onclick>ActivateWindow(Videos,videodb://tvshows/titles/,return)</onclick>
			<property name="path">ActivateWindow(Videos,videodb://tvshows/titles/,return)</property>
			<visible>StringCompare(System.ProfileName,Master user) + [StringCompare(Window(10000).Property(submenuVisibility),tvshows)]</visible>
			<property name="isSubmenu">True</property>
			<property name="group">tvshows</property>
		</item>
		<item id="3">
			<label>$LOCALIZE[135]</label>
			<label2>$LOCALIZE[20343]</label2>
			<icon>DefaultShortcut.png</icon>
			<thumb />
			<property name="labelID">135</property>
			<property name="defaultID">135</property>
			<onclick>ActivateWindow(Videos,videodb://tvshows/genres/,return)</onclick>
			<property name="path">ActivateWindow(Videos,videodb://tvshows/genres/,return)</property>
			<visible>StringCompare(System.ProfileName,Master user) + [StringCompare(Window(10000).Property(submenuVisibility),tvshows)]</visible>
			<property name="isSubmenu">True</property>
			<property name="group">tvshows</property>
		</item>
		<item id="4">
			<label>$LOCALIZE[562]</label>
			<label2>$LOCALIZE[20343]</label2>
			<icon>DefaultShortcut.png</icon>
			<thumb />
			<property name="labelID">562</property>
			<property name="defaultID">562</property>
			<onclick>ActivateWindow(Videos,videodb://tvshows/years/,return)</onclick>
			<property name="path">ActivateWindow(Videos,videodb://tvshows/years/,return)</property>
			<visible>StringCompare(System.ProfileName,Master user) + [StringCompare(Window(10000).Property(submenuVisibility),tvshows)]</visible>
			<property name="isSubmenu">True</property>
			<property name="group">tvshows</property>
		</item>
		<item id="5">
			<label>$LOCALIZE[344]</label>
			<label2>$LOCALIZE[20343]</label2>
			<icon>DefaultActor.png</icon>
			<thumb />
			<property name="labelID">344</property>
			<property name="defaultID">344</property>
			<onclick>ActivateWindow(Videos,videodb://tvshows/actors/,return)</onclick>
			<property name="path">ActivateWindow(Videos,videodb://tvshows/actors/,return)</property>
			<visible>StringCompare(System.ProfileName,Master user) + [StringCompare(Window(10000).Property(submenuVisibility),tvshows)]</visible>
			<property name="isSubmenu">True</property>
			<property name="group">tvshows</property>
		</item>
	</include>
	<include name="skinshortcuts-group-1036" />
	<include name="skinshortcuts-group-alt-1036" />
	<include name="skinshortcuts-group-apps">
		<item id="1">
			<label>$LOCALIZE[20389]</label>
			<label2>$ADDON[script.skinshortcuts 32034]</label2>
			<icon>DefaultMusicVideos.png</icon>
			<thumb />
			<property name="labelID">musicvideos</property>
			<property name="defaultID">musicvideos</property>
			<onclick>ActivateWindow(Videos,videodb://musicvideos/titles/,return)</onclick>
			<property name="path">ActivateWindow(Videos,videodb://musicvideos/titles/,return)</property>
			<visible>StringCompare(System.ProfileName,Master user)</visible>
			<property name="group">apps</property>
		</item>
		<item id="2">
			<label>$LOCALIZE[744]</label>
			<label2>$ADDON[script.skinshortcuts 32014]</label2>
			<icon>DefaultFolder.png</icon>
			<thumb />
			<property name="labelID">744</property>
			<property name="defaultID">744</property>
			<onclick>ActivateWindow(Videos,Files,return)</onclick>
			<property name="path">ActivateWindow(Videos,Files,return)</property>
			<visible>StringCompare(System.ProfileName,Master user)</visible>
			<property name="group">apps</property>
		</item>
		<item id="3">
			<label>$LOCALIZE[1037]</label>
			<label2>$ADDON[script.skinshortcuts 32014]</label2>
			<icon>DefaultAddonVideo.png</icon>
			<thumb />
			<property name="labelID">1037</property>
			<property name="defaultID">1037</property>
			<onclick>ActivateWindow(Videos,Addons,return)</onclick>
			<property name="path">ActivateWindow(Videos,Addons,return)</property>
			<visible>StringCompare(System.ProfileName,Master user)</visible>
			<property name="group">apps</property>
		</item>
	</include>
	<include name="skinshortcuts-group-alt-apps">
		<item id="1">
			<label>$LOCALIZE[20389]</label>
			<label2>$ADDON[script.skinshortcuts 32034]</label2>
			<icon>DefaultMusicVideos.png</icon>
			<thumb />
			<property name="labelID">musicvideos</property>
			<property name="defaultID">musicvideos</property>
			<onclick>ActivateWindow(Videos,videodb://musicvideos/titles/,return)</onclick>
			<property name="path">ActivateWindow(Videos,videodb://musicvideos/titles/,return)</property>
			<visible>StringCompare(System.ProfileName,Master user) + [StringCompare(Window(10000).Property(submenuVisibility),apps)]</visible>
			<property name="isSubmenu">True</property>
			<property name="group">apps</property>
		</item>
		<item id="2">
			<label>$LOCALIZE[744]</label>
			<label2>$ADDON[script.skinshortcuts 32014]</label2>
			<icon>DefaultFolder.png</icon>
			<thumb />
			<property name="labelID">744</property>
			<property name="defaultID">744</property>
			<onclick>ActivateWindow(Videos,Files,return)</onclick>
			<property name="path">ActivateWindow(Videos,Files,return)</property>
			<visible>StringCompare(System.ProfileName,Master user) + [StringCompare(Window(10000).Property(submenuVisibility),apps)]</visible>
			<property name="isSubmenu">True</property>
			<property name="group">apps</property>
		</item>
		<item id="3">
			<label>$LOCALIZE[1037]</label>
			<label2>$ADDON[script.skinshortcuts 32014]</label2>
			<icon>DefaultAddonVideo.png</icon>
			<thumb />
			<property name="labelID">1037</property>
			<property name="defaultID">1037</property>
			<onclick>ActivateWindow(Videos,Addons,return)</onclick>
			<property name="path">ActivateWindow(Videos,Addons,return)</property>
			<visible>StringCompare(System.ProfileName,Master user) + [StringCompare(Window(10000).Property(submenuVisibility),apps)]</visible>
			<property name="isSubmenu">True</property>
			<property name="group">apps</property>
		</item>
	</include>
	<include name="skinshortcuts-group-music">
		<item id="1">
			<label>$LOCALIZE[133]</label>
			<label2>$ADDON[script.skinshortcuts 32019]</label2>
			<icon>DefaultMusicArtists.png</icon>
			<thumb />
			<property name="labelID">133</property>
			<property name="defaultID">133</property>
			<visible>Library.HasContent(Music)</visible>
			<onclick>ActivateWindow(MusicLibrary,Artists,return)</onclick>
			<property name="path">ActivateWindow(MusicLibrary,Artists,return)</property>
			<visible>StringCompare(System.ProfileName,Master user)</visible>
			<property name="group">music</property>
		</item>
		<item id="2">
			<label>$LOCALIZE[132]</label>
			<label2>$ADDON[script.skinshortcuts 32019]</label2>
			<icon>DefaultMusicAlbums.png</icon>
			<thumb />
			<property name="labelID">132</property>
			<property name="defaultID">132</property>
			<visible>Library.HasContent(Music)</visible>
			<onclick>ActivateWindow(MusicLibrary,Albums,return)</onclick>
			<property name="path">ActivateWindow(MusicLibrary,Albums,return)</property>
			<visible>StringCompare(System.ProfileName,Master user)</visible>
			<property name="group">music</property>
		</item>
		<item id="3">
			<label>$LOCALIZE[134]</label>
			<label2>$ADDON[script.skinshortcuts 32019]</label2>
			<icon>DefaultMusicSongs.png</icon>
			<thumb />
			<property name="labelID">134</property>
			<property name="defaultID">134</property>
			<visible>Library.HasContent(Music)</visible>
			<onclick>ActivateWindow(MusicLibrary,Songs,return)</onclick>
			<property name="path">ActivateWindow(MusicLibrary,Songs,return)</property>
			<visible>StringCompare(System.ProfileName,Master user)</visible>
			<property name="group">music</property>
		</item>
		<item id="4">
			<label>$LOCALIZE[744]</label>
			<label2>$ADDON[script.skinshortcuts 32019]</label2>
			<icon>DefaultFolder.png</icon>
			<thumb />
			<property name="labelID">744</property>
			<property name="defaultID">744</property>
			<onclick>ActivateWindow(MusicFiles)</onclick>
			<property name="path">ActivateWindow(MusicFiles)</property>
			<visible>StringCompare(System.ProfileName,Master user)</visible>
			<property name="group">music</property>
		</item>
		<item id="5">
			<label>$LOCALIZE[15100]</label>
			<label2>$ADDON[script.skinshortcuts 32019]</label2>
			<icon>DefaultFolder.png</icon>
			<thumb />
			<property name="labelID">15100</property>
			<property name="defaultID">15100</property>
			<visible>Library.HasContent(Music)</visible>
			<onclick>ActivateWindow(MusicLibrary,MusicLibrary,return)</onclick>
			<property name="path">ActivateWindow(MusicLibrary,MusicLibrary,return)</property>
			<visible>StringCompare(System.ProfileName,Master user)</visible>
			<property name="group">music</property>
		</item>
		<item id="6">
			<label>$LOCALIZE[1038]</label>
			<label2>$ADDON[script.skinshortcuts 32019]</label2>
			<icon>DefaultAddonMusic.png</icon>
			<thumb />
			<property name="labelID">1038</property>
			<property name="defaultID">1038</property>
			<visible>Library.HasContent(Music)</visible>
			<onclick>ActivateWindow(MusicLibrary,Addons,return)</onclick>
			<property name="path">ActivateWindow(MusicLibrary,Addons,return)</property>
			<visible>StringCompare(System.ProfileName,Master user)</visible>
			<property name="group">music</property>
		</item>
	</include>
	<include name="skinshortcuts-group-alt-music">
		<item id="1">
			<label>$LOCALIZE[133]</label>
			<label2>$ADDON[script.skinshortcuts 32019]</label2>
			<icon>DefaultMusicArtists.png</icon>
			<thumb />
			<property name="labelID">133</property>
			<property name="defaultID">133</property>
			<visible>Library.HasContent(Music)</visible>
			<onclick>ActivateWindow(MusicLibrary,Artists,return)</onclick>
			<property name="path">ActivateWindow(MusicLibrary,Artists,return)</property>
			<visible>StringCompare(System.ProfileName,Master user) + [StringCompare(Window(10000).Property(submenuVisibility),music)]</visible>
			<property name="isSubmenu">True</property>
			<property name="group">music</property>
		</item>
		<item id="2">
			<label>$LOCALIZE[132]</label>
			<label2>$ADDON[script.skinshortcuts 32019]</label2>
			<icon>DefaultMusicAlbums.png</icon>
			<thumb />
			<property name="labelID">132</property>
			<property name="defaultID">132</property>
			<visible>Library.HasContent(Music)</visible>
			<onclick>ActivateWindow(MusicLibrary,Albums,return)</onclick>
			<property name="path">ActivateWindow(MusicLibrary,Albums,return)</property>
			<visible>StringCompare(System.ProfileName,Master user) + [StringCompare(Window(10000).Property(submenuVisibility),music)]</visible>
			<property name="isSubmenu">True</property>
			<property name="group">music</property>
		</item>
		<item id="3">
			<label>$LOCALIZE[134]</label>
			<label2>$ADDON[script.skinshortcuts 32019]</label2>
			<icon>DefaultMusicSongs.png</icon>
			<thumb />
			<property name="labelID">134</property>
			<property name="defaultID">134</property>
			<visible>Library.HasContent(Music)</visible>
			<onclick>ActivateWindow(MusicLibrary,Songs,return)</onclick>
			<property name="path">ActivateWindow(MusicLibrary,Songs,return)</property>
			<visible>StringCompare(System.ProfileName,Master user) + [StringCompare(Window(10000).Property(submenuVisibility),music)]</visible>
			<property name="isSubmenu">True</property>
			<property name="group">music</property>
		</item>
		<item id="4">
			<label>$LOCALIZE[744]</label>
			<label2>$ADDON[script.skinshortcuts 32019]</label2>
			<icon>DefaultFolder.png</icon>
			<thumb />
			<property name="labelID">744</property>
			<property name="defaultID">744</property>
			<onclick>ActivateWindow(MusicFiles)</onclick>
			<property name="path">ActivateWindow(MusicFiles)</property>
			<visible>StringCompare(System.ProfileName,Master user) + [StringCompare(Window(10000).Property(submenuVisibility),music)]</visible>
			<property name="isSubmenu">True</property>
			<property name="group">music</property>
		</item>
		<item id="5">
			<label>$LOCALIZE[15100]</label>
			<label2>$ADDON[script.skinshortcuts 32019]</label2>
			<icon>DefaultFolder.png</icon>
			<thumb />
			<property name="labelID">15100</property>
			<property name="defaultID">15100</property>
			<visible>Library.HasContent(Music)</visible>
			<onclick>ActivateWindow(MusicLibrary,MusicLibrary,return)</onclick>
			<property name="path">ActivateWindow(MusicLibrary,MusicLibrary,return)</property>
			<visible>StringCompare(System.ProfileName,Master user) + [StringCompare(Window(10000).Property(submenuVisibility),music)]</visible>
			<property name="isSubmenu">True</property>
			<property name="group">music</property>
		</item>
		<item id="6">
			<label>$LOCALIZE[1038]</label>
			<label2>$ADDON[script.skinshortcuts 32019]</label2>
			<icon>DefaultAddonMusic.png</icon>
			<thumb />
			<property name="labelID">1038</property>
			<property name="defaultID">1038</property>
			<visible>Library.HasContent(Music)</visible>
			<onclick>ActivateWindow(MusicLibrary,Addons,return)</onclick>
			<property name="path">ActivateWindow(MusicLibrary,Addons,return)</property>
			<visible>StringCompare(System.ProfileName,Master user) + [StringCompare(Window(10000).Property(submenuVisibility),music)]</visible>
			<property name="isSubmenu">True</property>
			<property name="group">music</property>
		</item>
	</include>
	<include name="skinshortcuts-group-24001" />
	<include name="skinshortcuts-group-alt-24001" />
	<include name="skinshortcuts-group-pictures">
		<item id="1">
			<label>$LOCALIZE[1039]</label>
			<label2>$ADDON[script.skinshortcuts 32020]</label2>
			<icon>DefaultAddonPicture.png</icon>
			<thumb />
			<property name="labelID">1039</property>
			<property name="defaultID">1039</property>
			<onclick>ActivateWindow(Pictures,Addons,return)</onclick>
			<property name="path">ActivateWindow(Pictures,Addons,return)</property>
			<visible>StringCompare(System.ProfileName,Master user)</visible>
			<property name="group">pictures</property>
		</item>
	</include>
	<include name="skinshortcuts-group-alt-pictures">
		<item id="1">
			<label>$LOCALIZE[1039]</label>
			<label2>$ADDON[script.skinshortcuts 32020]</label2>
			<icon>DefaultAddonPicture.png</icon>
			<thumb />
			<property name="labelID">1039</property>
			<property name="defaultID">1039</property>
			<onclick>ActivateWindow(Pictures,Addons,return)</onclick>
			<property name="path">ActivateWindow(Pictures,Addons,return)</property>
			<visible>StringCompare(System.ProfileName,Master user) + [StringCompare(Window(10000).Property(submenuVisibility),pictures)]</visible>
			<property name="isSubmenu">True</property>
			<property name="group">pictures</property>
		</item>
	</include>
	<include name="skinshortcuts-group-weather" />
	<include name="skinshortcuts-group-alt-weather" />
	<include name="skinshortcuts-group-livetv" />
	<include name="skinshortcuts-group-alt-livetv" />
	<include name="skinshortcuts-group-settings">
		<item id="1">
			<label>$LOCALIZE[7]</label>
			<label2>$ADDON[script.skinshortcuts 32034]</label2>
			<icon>DefaultFolder.png</icon>
			<thumb />
			<property name="labelID">7</property>
			<property name="defaultID">7</property>
			<onclick>ActivateWindow(FileManager)</onclick>
			<property name="path">ActivateWindow(FileManager)</property>
			<visible>StringCompare(System.ProfileName,Master user)</visible>
			<property name="group">settings</property>
		</item>
		<item id="2">
			<label>$LOCALIZE[13200]</label>
			<label2>$ADDON[script.skinshortcuts 32034]</label2>
			<icon>DefaultShortcut.png</icon>
			<thumb />
			<property name="labelID">13200</property>
			<property name="defaultID">13200</property>
			<onclick>ActivateWindow(Profiles)</onclick>
			<property name="path">ActivateWindow(Profiles)</property>
			<visible>StringCompare(System.ProfileName,Master user)</visible>
			<property name="group">settings</property>
		</item>
		<item id="3">
			<label>$LOCALIZE[10007]</label>
			<label2>$ADDON[script.skinshortcuts 32034]</label2>
			<icon>DefaultShortcut.png</icon>
			<thumb />
			<property name="labelID">10007</property>
			<property name="defaultID">10007</property>
			<onclick>ActivateWindow(SystemInfo)</onclick>
			<property name="path">ActivateWindow(SystemInfo)</property>
			<visible>StringCompare(System.ProfileName,Master user)</visible>
			<property name="group">settings</property>
		</item>
	</include>
	<include name="skinshortcuts-group-alt-settings">
		<item id="1">
			<label>$LOCALIZE[7]</label>
			<label2>$ADDON[script.skinshortcuts 32034]</label2>
			<icon>DefaultFolder.png</icon>
			<thumb />
			<property name="labelID">7</property>
			<property name="defaultID">7</property>
			<onclick>ActivateWindow(FileManager)</onclick>
			<property name="path">ActivateWindow(FileManager)</property>
			<visible>StringCompare(System.ProfileName,Master user) + [StringCompare(Window(10000).Property(submenuVisibility),settings)]</visible>
			<property name="isSubmenu">True</property>
			<property name="group">settings</property>
		</item>
		<item id="2">
			<label>$LOCALIZE[13200]</label>
			<label2>$ADDON[script.skinshortcuts 32034]</label2>
			<icon>DefaultShortcut.png</icon>
			<thumb />
			<property name="labelID">13200</property>
			<property name="defaultID">13200</property>
			<onclick>ActivateWindow(Profiles)</onclick>
			<property name="path">ActivateWindow(Profiles)</property>
			<visible>StringCompare(System.ProfileName,Master user) + [StringCompare(Window(10000).Property(submenuVisibility),settings)]</visible>
			<property name="isSubmenu">True</property>
			<property name="group">settings</property>
		</item>
		<item id="3">
			<label>$LOCALIZE[10007]</label>
			<label2>$ADDON[script.skinshortcuts 32034]</label2>
			<icon>DefaultShortcut.png</icon>
			<thumb />
			<property name="labelID">10007</property>
			<property name="defaultID">10007</property>
			<onclick>ActivateWindow(SystemInfo)</onclick>
			<property name="path">ActivateWindow(SystemInfo)</property>
			<visible>StringCompare(System.ProfileName,Master user) + [StringCompare(Window(10000).Property(submenuVisibility),settings)]</visible>
			<property name="isSubmenu">True</property>
			<property name="group">settings</property>
		</item>
	</include>
	<include name="skinshortcuts-group-13012" />
	<include name="skinshortcuts-group-alt-13012" />
	<include name="skinshortcuts-group-shutdown">
		<item id="1">
			<label>$LOCALIZE[13009]</label>
			<label2>Kodi Command</label2>
			<icon>DefaultQuit.png</icon>
			<thumb />
			<property name="labelID">13009</property>
			<property name="defaultID">13009</property>
			<visible>System.ShowExitButton</visible>
			<onclick>Quit</onclick>
			<property name="path">Quit</property>
			<visible>StringCompare(System.ProfileName,Master user)</visible>
			<property name="group">shutdown</property>
		</item>
		<item id="2">
			<label>$LOCALIZE[13011]</label>
			<label2>Kodi Command</label2>
			<icon>DefaultSleep.png</icon>
			<thumb />
			<property name="labelID">13011</property>
			<property name="defaultID">13011</property>
			<visible>System.CanSuspend</visible>
			<onclick>Suspend</onclick>
			<property name="path">Suspend</property>
			<visible>StringCompare(System.ProfileName,Master user)</visible>
			<property name="group">shutdown</property>
		</item>
		<item id="3">
			<label>$LOCALIZE[13010]</label>
			<label2>Kodi Command</label2>
			<icon>DefaultSleep.png</icon>
			<thumb />
			<property name="labelID">13010</property>
			<property name="defaultID">13010</property>
			<visible>System.CanHibernate</visible>
			<onclick>Hibernate</onclick>
			<property name="path">Hibernate</property>
			<visible>StringCompare(System.ProfileName,Master user)</visible>
			<property name="group">shutdown</property>
		</item>
		<item id="4">
			<label>$LOCALIZE[13013]</label>
			<label2>Kodi Command</label2>
			<icon>DefaultReboot.png</icon>
			<thumb />
			<property name="labelID">13013</property>
			<property name="defaultID">13013</property>
			<onclick>Reboot</onclick>
			<property name="path">Reboot</property>
			<visible>StringCompare(System.ProfileName,Master user)</visible>
			<property name="group">shutdown</property>
		</item>
		<item id="5">
			<label>$LOCALIZE[13016]</label>
			<label2>Kodi Command</label2>
			<icon>DefaultShutdown.png</icon>
			<thumb />
			<property name="labelID">13016</property>
			<property name="defaultID">13016</property>
			<visible>System.CanPowerDown</visible>
			<onclick>PowerDown</onclick>
			<property name="path">PowerDown</property>
			<visible>StringCompare(System.ProfileName,Master user)</visible>
			<property name="group">shutdown</property>
		</item>
		<item id="6">
			<label>$LOCALIZE[13005]</label>
			<label2>Kodi Command</label2>
			<icon>DefaultShutdown.png</icon>
			<thumb />
			<property name="labelID">13005</property>
			<property name="defaultID">13005</property>
			<onclick>ShutDown</onclick>
			<property name="path">ShutDown</property>
			<visible>StringCompare(System.ProfileName,Master user)</visible>
			<property name="group">shutdown</property>
		</item>
		<item id="7">
			<label>$LOCALIZE[19026]</label>
			<label2>Kodi Command</label2>
			<icon>DefaultTimer.png</icon>
			<thumb />
			<property name="labelID">19026</property>
			<property name="defaultID">19026</property>
			<onclick>AlarmClock(shutdowntimer,XBMC.Shutdown())</onclick>
			<property name="path">AlarmClock(shutdowntimer,XBMC.Shutdown())</property>
			<visible>StringCompare(System.ProfileName,Master user)</visible>
			<property name="group">shutdown</property>
		</item>
		<item id="8">
			<label>$LOCALIZE[20151]</label>
			<label2>Kodi Command</label2>
			<icon>DefaultQuit.png</icon>
			<thumb />
			<property name="labelID">20151</property>
			<property name="defaultID">20151</property>
			<visible>System.HasAlarm(shutdowntimer)</visible>
			<onclick>CancelAlarm(shutdowntimer)</onclick>
			<property name="path">CancelAlarm(shutdowntimer)</property>
			<visible>StringCompare(System.ProfileName,Master user)</visible>
			<property name="group">shutdown</property>
		</item>
		<item id="9">
			<label>$LOCALIZE[360]</label>
			<label2>Kodi Command</label2>
			<icon>DefaultScreensaver.png</icon>
			<thumb />
			<property name="labelID">360</property>
			<property name="defaultID">360</property>
			<onclick>ActivateScreensaver</onclick>
			<property name="path">ActivateScreensaver</property>
			<visible>StringCompare(System.ProfileName,Master user)</visible>
			<property name="group">shutdown</property>
		</item>
		<item id="10">
			<label>$LOCALIZE[20045]</label>
			<label2>Kodi Command</label2>
			<icon>DefaultMastermode.png</icon>
			<thumb />
			<property name="labelID">20045</property>
			<property name="defaultID">20045</property>
			<visible>System.HasLocks</visible>
			<onclick>Mastermode</onclick>
			<property name="path">Mastermode</property>
			<visible>StringCompare(System.ProfileName,Master user)</visible>
			<property name="group">shutdown</property>
		</item>
		<item id="11">
			<label>$LOCALIZE[20126]</label>
			<label2>Kodi Command</label2>
			<icon>DefaultActor.png</icon>
			<thumb />
			<property name="labelID">20126</property>
			<property name="defaultID">20126</property>
			<visible>[System.HasLoginScreen | IntegerGreaterThan(System.ProfileCount,1)] + System.Loggedon</visible>
			<onclick>System.LogOff</onclick>
			<property name="path">System.LogOff</property>
			<visible>StringCompare(System.ProfileName,Master user)</visible>
			<property name="group">shutdown</property>
		</item>
		<item id="12">
			<label>$LOCALIZE[10004]</label>
			<label2>Common Shortcut</label2>
			<icon>DefaultSettings.png</icon>
			<thumb />
			<property name="labelID">settings</property>
			<property name="defaultID">settings</property>
			<onclick>ActivateWindow(Settings)</onclick>
			<property name="path">ActivateWindow(Settings)</property>
			<visible>StringCompare(System.ProfileName,Master user)</visible>
			<property name="group">shutdown</property>
		</item>
	</include>
	<include name="skinshortcuts-group-alt-shutdown">
		<item id="1">
			<label>$LOCALIZE[13009]</label>
			<label2>Kodi Command</label2>
			<icon>DefaultQuit.png</icon>
			<thumb />
			<property name="labelID">13009</property>
			<property name="defaultID">13009</property>
			<visible>System.ShowExitButton</visible>
			<onclick>Quit</onclick>
			<property name="path">Quit</property>
			<visible>StringCompare(System.ProfileName,Master user) + [StringCompare(Window(10000).Property(submenuVisibility),shutdown)]</visible>
			<property name="isSubmenu">True</property>
			<property name="group">shutdown</property>
		</item>
		<item id="2">
			<label>$LOCALIZE[13011]</label>
			<label2>Kodi Command</label2>
			<icon>DefaultSleep.png</icon>
			<thumb />
			<property name="labelID">13011</property>
			<property name="defaultID">13011</property>
			<visible>System.CanSuspend</visible>
			<onclick>Suspend</onclick>
			<property name="path">Suspend</property>
			<visible>StringCompare(System.ProfileName,Master user) + [StringCompare(Window(10000).Property(submenuVisibility),shutdown)]</visible>
			<property name="isSubmenu">True</property>
			<property name="group">shutdown</property>
		</item>
		<item id="3">
			<label>$LOCALIZE[13010]</label>
			<label2>Kodi Command</label2>
			<icon>DefaultSleep.png</icon>
			<thumb />
			<property name="labelID">13010</property>
			<property name="defaultID">13010</property>
			<visible>System.CanHibernate</visible>
			<onclick>Hibernate</onclick>
			<property name="path">Hibernate</property>
			<visible>StringCompare(System.ProfileName,Master user) + [StringCompare(Window(10000).Property(submenuVisibility),shutdown)]</visible>
			<property name="isSubmenu">True</property>
			<property name="group">shutdown</property>
		</item>
		<item id="4">
			<label>$LOCALIZE[13013]</label>
			<label2>Kodi Command</label2>
			<icon>DefaultReboot.png</icon>
			<thumb />
			<property name="labelID">13013</property>
			<property name="defaultID">13013</property>
			<onclick>Reboot</onclick>
			<property name="path">Reboot</property>
			<visible>StringCompare(System.ProfileName,Master user) + [StringCompare(Window(10000).Property(submenuVisibility),shutdown)]</visible>
			<property name="isSubmenu">True</property>
			<property name="group">shutdown</property>
		</item>
		<item id="5">
			<label>$LOCALIZE[13016]</label>
			<label2>Kodi Command</label2>
			<icon>DefaultShutdown.png</icon>
			<thumb />
			<property name="labelID">13016</property>
			<property name="defaultID">13016</property>
			<visible>System.CanPowerDown</visible>
			<onclick>PowerDown</onclick>
			<property name="path">PowerDown</property>
			<visible>StringCompare(System.ProfileName,Master user) + [StringCompare(Window(10000).Property(submenuVisibility),shutdown)]</visible>
			<property name="isSubmenu">True</property>
			<property name="group">shutdown</property>
		</item>
		<item id="6">
			<label>$LOCALIZE[13005]</label>
			<label2>Kodi Command</label2>
			<icon>DefaultShutdown.png</icon>
			<thumb />
			<property name="labelID">13005</property>
			<property name="defaultID">13005</property>
			<onclick>ShutDown</onclick>
			<property name="path">ShutDown</property>
			<visible>StringCompare(System.ProfileName,Master user) + [StringCompare(Window(10000).Property(submenuVisibility),shutdown)]</visible>
			<property name="isSubmenu">True</property>
			<property name="group">shutdown</property>
		</item>
		<item id="7">
			<label>$LOCALIZE[19026]</label>
			<label2>Kodi Command</label2>
			<icon>DefaultTimer.png</icon>
			<thumb />
			<property name="labelID">19026</property>
			<property name="defaultID">19026</property>
			<onclick>AlarmClock(shutdowntimer,XBMC.Shutdown())</onclick>
			<property name="path">AlarmClock(shutdowntimer,XBMC.Shutdown())</property>
			<visible>StringCompare(System.ProfileName,Master user) + [StringCompare(Window(10000).Property(submenuVisibility),shutdown)]</visible>
			<property name="isSubmenu">True</property>
			<property name="group">shutdown</property>
		</item>
		<item id="8">
			<label>$LOCALIZE[20151]</label>
			<label2>Kodi Command</label2>
			<icon>DefaultQuit.png</icon>
			<thumb />
			<property name="labelID">20151</property>
			<property name="defaultID">20151</property>
			<visible>System.HasAlarm(shutdowntimer)</visible>
			<onclick>CancelAlarm(shutdowntimer)</onclick>
			<property name="path">CancelAlarm(shutdowntimer)</property>
			<visible>StringCompare(System.ProfileName,Master user) + [StringCompare(Window(10000).Property(submenuVisibility),shutdown)]</visible>
			<property name="isSubmenu">True</property>
			<property name="group">shutdown</property>
		</item>
		<item id="9">
			<label>$LOCALIZE[360]</label>
			<label2>Kodi Command</label2>
			<icon>DefaultScreensaver.png</icon>
			<thumb />
			<property name="labelID">360</property>
			<property name="defaultID">360</property>
			<onclick>ActivateScreensaver</onclick>
			<property name="path">ActivateScreensaver</property>
			<visible>StringCompare(System.ProfileName,Master user) + [StringCompare(Window(10000).Property(submenuVisibility),shutdown)]</visible>
			<property name="isSubmenu">True</property>
			<property name="group">shutdown</property>
		</item>
		<item id="10">
			<label>$LOCALIZE[20045]</label>
			<label2>Kodi Command</label2>
			<icon>DefaultMastermode.png</icon>
			<thumb />
			<property name="labelID">20045</property>
			<property name="defaultID">20045</property>
			<visible>System.HasLocks</visible>
			<onclick>Mastermode</onclick>
			<property name="path">Mastermode</property>
			<visible>StringCompare(System.ProfileName,Master user) + [StringCompare(Window(10000).Property(submenuVisibility),shutdown)]</visible>
			<property name="isSubmenu">True</property>
			<property name="group">shutdown</property>
		</item>
		<item id="11">
			<label>$LOCALIZE[20126]</label>
			<label2>Kodi Command</label2>
			<icon>DefaultActor.png</icon>
			<thumb />
			<property name="labelID">20126</property>
			<property name="defaultID">20126</property>
			<visible>[System.HasLoginScreen | IntegerGreaterThan(System.ProfileCount,1)] + System.Loggedon</visible>
			<onclick>System.LogOff</onclick>
			<property name="path">System.LogOff</property>
			<visible>StringCompare(System.ProfileName,Master user) + [StringCompare(Window(10000).Property(submenuVisibility),shutdown)]</visible>
			<property name="isSubmenu">True</property>
			<property name="group">shutdown</property>
		</item>
		<item id="12">
			<label>$LOCALIZE[10004]</label>
			<label2>Common Shortcut</label2>
			<icon>DefaultSettings.png</icon>
			<thumb />
			<property name="labelID">settings</property>
			<property name="defaultID">settings</property>
			<onclick>ActivateWindow(Settings)</onclick>
			<property name="path">ActivateWindow(Settings)</property>
			<visible>StringCompare(System.ProfileName,Master user) + [StringCompare(Window(10000).Property(submenuVisibility),shutdown)]</visible>
			<property name="isSubmenu">True</property>
			<property name="group">shutdown</property>
		</item>
	</include>
</includes>
